Workbook

Sheet Modelo dominio anémico contexto

Sheet Listado Objetos de Dominio
A1: Subdominio/Contexto:
A2: Nombre | B2: Descripción | C2: Muestreo | D2: Caracterización
A3: Calificación | B3: Objeto de dominio que representa la valoración numérica dada a un servicio | C3: ver | D3: ver | E3: 1
A4: Categoría | B4: Objeto de dominio que representa la clasificación por Categoría las motocicletas según su tipo o uso. | C4: ver | D4: ver | E4: 2
A5: Ciudad | B5: Objeto de dominio que representa la ciudad donde se encuentra ubicada la sede. | C5: ver | D5: ver | E5: 3
A6: Departamento | B6: Objeto de dominio que representa la división territorial donde se encuentra la ciudad. | C6: ver | D6: ver | E6: 4
A7: Detalle Horario | B7: Objeto de dominio que representa la información específica de los horarios de atención de la sede. | C7: ver | D7: ver | E7: 5
A8: Dia | B8: Objeto de dominio que representa cada uno de los días de la semana en que opera una sede. | C8: ver | D8: ver | E8: 6
A9: Diagnostico | B9: Objeto de dominio que representa la evaluación técnica realizada a una motocicleta por parte de una sede. | C9: ver | D9: ver | E9: 7
A10: Franquicia | B10: Objeto de dominio que representa el nombre comercial de la franquicia que ofrece servicios para motocicletas. | C10: ver | D10: ver | E10: 8
A11: Represéntate sede | B11: Objeto de dominio que representa la persona responsable de gestionar una sede específica de una sede. | C11: ver | D11: ver | E11: 9
A12: Servicio sede | B12: Objeto de dominio que representa la relación entre una sede y los servicios que ofrece. | C12: ver | D12: ver | E12: 10
A13: Estado Servicio Realizado | B13: Objeto de dominio que representa el estado actual de un servicio en proceso o finalizado. | C13: ver | D13: ver | E13: 11
A14: Excepción Horario | B14: Objeto de dominio que representa las excepciones o casos especiales en los horarios de atención. | C14: ver | D14: ver | E14: 12
... A32: Transición Estado Servicio Realizado | B32: Objeto de dominio que gestiona las transiciones de estados de un servicio | C32: ver | D32: ver | E32: 30

Sheet Caracterizacion
A2: Tipo de Dato | B2: Longitud | C2: Precisión | D2: Rango | E2: Formato | F2: Valor por defecto | G2: Regla especial | H2: SI y No | I2: UUID
A3: Alfanumérico | B3: 0 | C3: 1 | D3: 50 | E3: DD/MM/YYYY | F3: 31/12/2028 | H3: SI
A4: Numérico entero | B4: 1 | C4: 2 | D4: 201 | E4: DD-MM-YYYY | H4: NO | J4: Valor | K4: 0.1 | L4: 0.2 | M4: 0.3
A5: Numérico decimal | B5: 2 | C5: 3 | D5: 401 | E5: YYYY-MM-DD (ISO 8601) | J5: 25 | K5: =ROUNDUP($J$5*K4,0) -> 3 | L5: =ROUNDUP($J$5*L4,0) -> 5 | M5: =ROUNDUP($J$5*M4,0) -> 8
A6: Texto | B6: 3 | C6: 4 | D6: 200 | E6: DD/MM/YYYY HH:mm:ss | J6: 7 | K6: =ROUND($J$6*K4,0) -> 1 | L6: =ROUND($J$6*L4,0) -> 1 | M6: =ROUND($J$6*M4,0) -> 2
A7: Carácter | B7: 4 | C7: 5 | D7: 400 | E7: HH:mm:ss (24 horas)
A8: Booleano | B8: 5 | C8: 6 | D8: 3000 | E8: HH:mm:ss.SSS (con milisegundos)
A9: Fecha | B9: 6 | C9: 7 | D9: 1 | E9: hh:mm:ss a (12 horas con AM/PM) | U9: UUID 9
A10: Hora | B10: 7 | C10: 8 | D10: 2 | E10: UUID | U10: UUID 10
A11: Fecha/Hora | B11: 8 | C11: 9 | D11: 3 | E11: UPPERCASE | U11: UUID 11
A12: Array | B12: 9 | C12: 10 | D12: 4 | E12: lowercase | U12: UUID 12
A13: Objeto | B13: 10 | C13: 11 | D13: 5 | E13: Título Case | U13: UUID 13
A14: UUID | B14: 11 | C14: 12 | D14: 0 | E14: camelCase | U14: UUID 14
A15: calificacion | B15: 12 | C15: 13 | E15: snake_case | U15: UUID 15
A16: categoria | B16: 13 | C16: 14 | E16: kebab-case | U16: UUID 16
A17: ciudad | B17: 14 | C17: 15 | E17: PascalCase | U17: UUID 17
A18: departamento | B18: 15 | C18: 28 | E18: Teléfono (+XX XXX XXX XXXX) | U18: UUID 18
A19: detalleHorario | B19: 16 | C19: 90 | E19: Email (usuario@dominio.com) | U19: UUID 19
A20: dia | B20: 17 | C20: -90 | E20: URL (https://www.dominio.com) | U20: UUID 20
A21: diagnostico | B21: 18 | C21: 180 | U21: UUID 21
A22: franquicia | B22: 19 | C22: -180 | U22: UUID 22
A23: sedeServicio | B23: 20 | U23: UUID 23
A24: estadoServicioRealizado | B24: 21 | U24: UUID 24
A25: excepcion | B25: 22 | U25: UUID 25
A26: evidencia fotográfica | B26: 23 | U26: UUID 26
A27: horarioSede | B27: 24 | U27: UUID 27
A28: imagen | B28: 25 | U28: UUID 28
A29: linea | B29: 26 | U29: UUID 29
A30: lineaCategoria | B30: 27 | U30: UUID 30
A31: marca | B31: 28 | U31: UUID 31
A32: referencia | B32: 29 | U32: UUID 32
A33: motocicleta | B33: 30 | U33: UUID 33
A34: rangoCalificacion | B34: 31 | U34: UUID 34
... A43: sede | B43: 40 | U43: UUID 43
B44: 41 | U44: UUID 44
B45: 42 | U45: UUID 45
B46: 43 | U46: UUID 46
B47: 44 | U47: UUID 47
B48: 45 | U48: UUID 48
B49: 46 | U49: UUID 49
B50: 47 | U50: UUID 50
B51: 48 | U51: UUID 51
B52: 49 | U52: UUID 52
B53: 50 | U53: UUID 53
B54: 51 | U54: UUID 54
B55: 52 | U55: UUID 55
B56: 53 | U56: UUID 56 | V56: 62bd7e62-34d6-4a87-ac4b-8adb8ba57975
B57: 54 | U57: UUID 57 | V57: 8b8771a3-cab6-4f85-b668-300b9ed7f4ab
B58: 55 | U58: UUID 58 | V58: c8220d31-ac8c-4518-b08e-1f3e70b58df6
B59: 56 | U59: UUID 59 | V59: 719675b7-fe25-4f4f-a0f3-b22aaaf34a3b
B60: 57 | U60: UUID 60 | V60: a44d2ef9-937d-4be6-ac09-212cd25ab45e
B61: 58 | U61: UUID 61
B62: 59 | U62: UUID 62
B63: 60 | U63: UUID 63
B64: 61 | U64: UUID 64
B65: 62 | U65: UUID 65
B66: 63 | U66: UUID 66
B67: 64 | U67: UUID 67
B68: 65 | U68: UUID 68
B69: 66 | U69: UUID 69
B70: 67 | U70: UUID 70
B71: 68 | U71: UUID 71
B72: 69 | U72: UUID 72
... B105: 102 | U105: UUID 105
B106: 103 | U106: UUID 106 | V106: 7946c16d-8570-45c7-8000-157828a7b089
B107: 104 | U107: UUID 107 | V107: d92e7939-dfea-490a-848e-a8dd596a5997
B108: 105 | U108: UUID 108 | V108: f6383318-5077-4e22-a6d5-3a21bea35515
B109: 106 | U109: UUID 109 | V109: 98414d62-96f5-4826-bfa1-b0a883c86a29
B110: 107 | U110: UUID 110 | V110: a8cf92cc-db7f-4b68-b66a-5bb2815b7e9a
B111: 108 | U111: UUID 111 | V111: 69c41d01-0e24-4186-a8e0-eb0329522dac
B112: 109 | U112: UUID 112 | V112: d52ad4b6-1c9b-4ab5-b6fd-72a444bf1578
B113: 110 | U113: UUID 113 | V113: e4ec760c-2a0d-406b-8dae-5710bed70b0f
B114: 111 | U114: UUID 114 | V114: a4d59da0-cbf2-484a-8424-f228b9f028ad
B115: 112 | U115: UUID 115 | V115: 25047435-2dbd-4f3e-80c8-d5910a1d6f28
B116: 113 | U116: UUID 116 | V116: d876e9f8-f80a-44ab-943a-463e036f8686
B117: 114 | U117: UUID 117 | V117: 61fa4cf1-d604-4872-b0a3-eba819e3a2d9
... B147: 144 | U147: UUID 147 | V147: 5290f01b-cfcb-4db2-8750-1f1a0064defb
B148: 145 | U148: UUID 148
B149: 146 | U149: UUID 149
B150: 147 | U150: UUID 150
B151: 148 | U151: UUID 151
B152: 149 | U152: UUID 152
B153: 150 | U153: UUID 153
B154: 151 | U154: UUID 154
B155: 152 | U155: UUID 155
B156: 153 | U156: UUID 156
B157: 154 | U157: UUID 157
B158: 155 | U158: UUID 158
B159: 156 | U159: UUID 159
... B200: 197 | U200: UUID 200
B201: 198
B202: 199
B203: 200
B204: 201
B205: 202
B206: 203
B207: 204
B208: 205
B209: 206
B210: 207
...

Sheet Valores
A1: Tipo Objeto Dominio
A2: Tipo | B2: Descripción
A3: Propio | B3: Cuando el objeto de dominio es parte del contexto actual
A4: Referenciado | B4: Cuando el objeto de dominio es parte de otro contexto

Sheet Categoría Muestreo
A2: Corresponde al identificador único que va a permitir diferenciar cada una de las categorías de motocicletas en el sistema | B2: Corresponde al atributo que clasifica una motocicleta por categoría según sus características y uso principal | C2: El nombre de la categoría no debe de tener duplicidad en el registro de categorías de motocicletas
A3: id | B3: nombre | C3: Combinación única
A4: 51f36e6d-904d-49d4-958b-074d134a40c5 | B4: Automáticas y Semiautomáticas | C4: Automáticas y Semiautomáticas
A5: 3c5fb5ab-c8a1-40ac-bfd2-c34dc5dadd62 | B5: Urbana | C5: Urbana
A6: dd2cf3d4-9df7-4656-ba06-42c052cceaef | B6: Todoterreno | C6: Todoterreno
A7: 7c81b48c-5547-4ada-95b9-5b829b7cadf1 | B7: Deportiva | C7: Deportiva
A8: 86ed717d-8489-4860-80c7-e4f9f24c1e08 | B8: SuperDeportiva | C8: SuperDeportiva
A9: 29618b5d-4716-4c09-b8e9-cd1f196e8ec4 | B9: Adventure | C9: Adventure
A10: b08af03b-7556-45a6-9caa-eae411cd0702 | B10: Sport Heritage | C10: Sport Heritage
A11: 375e0b5f-951a-4037-9eda-c9de98dc84da | B11: Motocross y Enduro | C11: Motocross y Enduro
A12: da9dc0cf-01fb-4396-ad33-c961ecddf7a4 | B12: Electrica | C12: Electrica

Sheet Categoría Caracterización
A1: <-Volver al inicio
A2: Objeto de Dominio: | B2: ='Listado Objetos de Dominio'!$A$4 -> Categoría
A3: Descripción: | B3: ='Listado Objetos de Dominio'!B4 -> Objeto de dominio que representa la clasificación por Categoría las motocicletas según su tipo o uso.
A4: Atributo | B4: Tipo de Dato | C4: Longitud mínima | D4: Longitud máxima | E4: Precisión | F4: Rango Inicial | G4: Rango Final | H4: Formato | I4: Descripción Formato | J4: Valor por defecto | K4: Regla especial | L4: ¿Quitar espacios en blanco al inicio? | M4: ¿Quitar espacios en blanco al final? | N4: ¿Auto generado? | O4: ¿Calculado? | P4: ¿Obligatorio? | Q4: ¿Sensible? | R4: ¿Identifica al registro? | S4: Descripción | T4: =A17 -> Consultar la Información de la Categoría | U4: =B17 -> Consultar la Información de una Categoría Motocicleta
A5: ='Categoría Muestreo'!A3 -> id | B5: Alfanumérico | C5: 36 | D5: 36 | H5: xxxxxxxx-xxxx-xxxx-xxxx-xxxxxxxxxxxx | I5: Donde cada x es cualquier carácter que puede ir de( 0-9, a-f) | L5: NO | M5: NO | N5: SI | O5: NO | P5: SI | Q5: NO | R5: SI | S5: ='Categoría Muestreo'!A2 -> Corresponde al identificador único que va a permitir diferenciar cada una de las categorías de motocicletas en el sistema | T5: Filtro/Listar/No Mostrar | U5: Requerido / No Modificable
A6: ='Categoría Muestreo'!B3 -> nombre | B6: Alfanumérico | C6: 1 | D6: 166 | H6: x | I6: Donde x puede ser una cadena que incluye caracteres alfanuméricos, espacios ( ), letras mayúsculas (A-Z), minúsculas (a-z) y tildes (á, é, í, ó, ú) | L6: NO | M6: NO | N6: NO | O6: NO | P6: SI | Q6: NO | R6: NO | S6: ='Categoría Muestreo'!B2 -> Corresponde al atributo que clasifica una motocicleta por categoría según sus características y uso principal | T6: Filtro/Listar/Mostrar[BusquedaGeneral{SI}/Ordenador{No}/Reordenamiento{NO}] | U6: Requerido / Modificable
A11: Combinaciones únicas
A12: Nombre combinación | B12: Descripción | C12: Atributos
A13: Categoría única | B13: ='Categoría Muestreo'!C2 -> El nombre de la categoría no debe de tener duplicidad en el registro de categorías de motocicletas | C13: =A6 -> nombre
A15: Responsabilidad | B15: Descripción | D15: Entradas | K15: Salida | N15: Políticas (Reglas de Negocio)
D16: Parámetro | H16: Tipo de dato | I16: Descripción | J16: Tipo de Dato | K16: Descripción | N16: Política | O16: Descripción | Q16: Detalle | S16: ¿Qué hago?
A17: Consultar la Información de la Categoría | B17: Consultar la Información de una Categoría Motocicleta | D17: Filtro | H17: categoría | I17: Contiene información de todas las categorías que se enviarán como base para llevar a cabo el filtro de consulta | J17: Lista<Categoría> | K17: Contiene información de las categorías que cumplen con los criterios de búsqueda | N17: Categoría POL-0002 | O17: Asegurar que los datos que fueron enviados como filtro para llevar a cabo la acción sean válidos a nivel de tipo de dato, longitud, obligatoriedad, formato y rango. | Q17: Generar una excepción indicándole al usuario que hay problemas con los datos ingresados y de ser posible indicarle cómo solucionarlos | S17: Detener Operación
A18: Editar la Información de la Categoría Motocicleta | B18: Permite actualizar la información de una categoría de motocicleta. | D18: datos | H18: categoría | I18: Contiene información de todas las categorías que se enviarán como base para llevar a cabo la actualización | N18: Categoría POL-0001 | O18: Asegurar la validación de los datos para llevar a cabo la acción a nivel de tipo de dato, longitud, obligatoriedad, formato y rango. | Q18: Generar una excepción indicándole al usuario que hay problemas con los datos ingresados y de ser posible indicarle cómo solucionarlos | S18: Detener Operación
A20: Valor | B20: 0.1 | C20: 0.2 | D20: 0.3
A21: 2 | B21: =ROUNDUP($A$21*$B$20,0) -> 1 | C21: =ROUNDUP($A$21*$C$20,0) -> 1 | D21: =ROUNDUP($A$21*$D$20,0) -> 1
A22: 128 | B22: =ROUND($A$22*$B$20,0) -> 13 | C22: =ROUND($A$22*$C$20,0) -> 26 | D22: =ROUND($A$22*$D$20,0) -> 38

Sheet Calificación Muestreo
D1: dato calculado
A2: Corresponde al identificador único que identifica cada calificación realizada por un usuario a un servicio. | B2: Corresponde al ServicioRealizado que identifica el servicio que fue realizado y puede ser calificado. | C2: Corresponde al atributo que indica la fecha en que el usuario realizó la calificación del servicio. | D2: Corresponde al rangoCalificacion que indica la calificación otorgada un servicio. | E2: Corresponde al atributo que permite al usuario expresar su opinión detallada sobre el servicio recibido. | F2: Corresponde al atributo que indica si el comentario contiene contenido ofensivo | G2: La calificación no debe tener duplicidad en la combinación del servicio realizado y la fecha de calificación.
A3: id | B3: servicioRealizado | C3: fechaCalificacion | D3: calificación | E3: comentario | F3: comentarioOfensivo | G3: Combinación única
A4: 7946c16d-8570-45c7-8000-157828a7b089 | B4: Baike universe - Cambio de aceite y filtros - Finalizado - 12/12/2024 - 12/12/2024 - MRC35E | C4: 13/12/2024 | D4: Excelente 5-5 | E4: El Servicio me pareció excelente, en todo sentido | F4: No | G4: Baike universe - Cambio de aceite y filtros - Finalizado - 12/12/2024 - 12/12/2024 - MRC35E - 13/12/2024
A5: d92e7939-dfea-490a-848e-a8dd596a5997 | B5: Dos Ruedas - Revisión/ajuste de frenos - Cancelado - 13/12/2024 - 13/12/2024 - YBR67A | C5: 14/12/2024 | D5: 0 | G5: Dos Ruedas - Revisión/ajuste de frenos - Cancelado - 13/12/2024 - 13/12/2024 - YBR67A - 14/12/2024

Sheet Calificación Caracterización
A1: <-Volver al inicio
A2: Objeto de Dominio: | B2: ='Listado Objetos de Dominio'!$A$3 -> Calificación
A3: Descripción: | B3: ='Listado Objetos de Dominio'!$B$3 -> Objeto de dominio que representa la valoración numérica dada a un servicio
A4: Atributo | B4: Tipo de Dato | C4: Longitud mínima | D4: Longitud máxima | E4: Precisión | F4: Rango Inicial | G4: Rango Final | H4: Formato | I4: Descripción Formato | J4: Valor por defecto | K4: Regla especial | L4: ¿Quitar espacios en blanco al inicio? | M4: ¿Quitar espacios en blanco al final? | N4: ¿Auto generado? | O4: ¿Calculado? | P4: ¿Obligatorio? | Q4: ¿Modificable? | R4: ¿Sensible? | S4: ¿Identifica al registro? | T4: Descripción | U4: =A23 -> Registrar información de la Calificación | V4: =A27 -> Modificar Información de la Calificación | W4: =A31 -> Consultar Información de la calificación
A5: ='Calificación Muestreo'!A3 -> id | B5: Alfanumérico | C5: 36 | D5: 36 | H5: xxxxxxxx-xxxx-xxxx-xxxx-xxxxxxxxxxxx | I5: Donde cada x es cualquier carácter que puede ir de( 0-9, a-f) | L5: NO | M5: NO | N5: SI | O5: NO | P5: SI | Q5: NO | R5: NO | S5: SI | T5: ='Calificación Muestreo'!A2 -> Corresponde al identificador único que identifica cada calificación realizada por un usuario a un servicio. | U5: Requerido | V5: Requerido / No Modificable | W5: Filtro/Listar/ No Mostrar
A6: ='Calificación Muestreo'!B3 -> servicioRealizado | B6: servicioRealizado | L6: NO | M6: NO | N6: NO | O6: NO | P6: SI | Q6: SI | R6: NO | S6: NO | T6: ='Calificación Muestreo'!B2 -> Corresponde al ServicioRealizado que identifica el servicio que fue realizado y puede ser calificado. | U6: Requerido | V6: Requerido / Modificable | W6: Filtro/Listar/Mostrar[Orden{1}/CriterioOrdenamiento{1, ASC}/BusquedaGeneral{NO}/Ordenador{NO}/Reordenamiento{NO} /PropiedadesMostrar{ servicioRealizado.motocicleta.usuario}]
A7: ='Calificación Muestreo'!C3 -> fechaCalificacion | B7: Fecha | L7: NO | M7: NO | N7: NO | O7: NO | P7: SI | Q7: SI | R7: NO | S7: NO | T7: ='Calificación Muestreo'!C2 -> Corresponde al atributo que indica la fecha en que el usuario realizó la calificación del servicio. | U7: Requerido | V7: Requerido / Modificable | W7: Filtro/Listar/Mostrar[Orden{2}/BusquedaGeneral{NO}/Ordenador{NO}/Reordenamiento{NO} ]
A8: ='Calificación Muestreo'!D3 -> calificación | B8: rangoCalificacion | L8: NO | M8: NO | N8: NO | O8: NO | P8: SI | Q8: SI | R8: NO | S8: NO | T8: ='Calificación Muestreo'!D2 -> Corresponde al rangoCalificacion que indica la calificación otorgada un servicio. | U8: Requerido | V8: Requerido / Modificable | W8: Filtro/Listar/Mostrar[Orden{3}/BusquedaGeneral{NO}/Ordenador{NO}/Reordenamiento{NO} / PropiedadesMostrar{ reangoCalificacion.valorMaximo, rangoCalificacion.etiqueta}]
A9: ='Calificación Muestreo'!E3 -> comentario | B9: Alfanumérico | C9: 1 | D9: 200 | H9: x | I9: Donde x puede ser una cadena que incluye caracteres alfanuméricos, espacios ( ), letras mayúsculas (A-Z), minúsculas (a-z) y tildes (á, é, í, ó, ú) | L9: SI | M9: SI | N9: NO | O9: NO | P9: SI | Q9: SI | R9: SI | S9: NO | T9: ='Calificación Muestreo'!E2 -> Corresponde al atributo que permite al usuario expresar su opinión detallada sobre el servicio recibido. | U9: Requerido | V9: Requerido / Modificable | W9: Filtro/Listar/Mostrar[Orden{4}/BusquedaGeneral{NO}/Ordenador{NO}/Reordenamiento{NO} ]
A10: ='Calificación Muestreo'!F3 -> comentarioOfensivo | B10: Booleano | L10: NO | M10: NO | N10: NO | O10: NO | P10: SI | Q10: SI | R10: SI | S10: NO | T10: ='Calificación Muestreo'!F2 -> Corresponde al atributo que indica si el comentario contiene contenido ofensivo | U10: Requerido | V10: Requerido / Modificable | W10: Filtro/Listar/Mostrar[Orden{4}/BusquedaGeneral{NO}/Ordenador{NO}/Reordenamiento{NO} ]
A12: Combinaciones únicas
A13: Nombre combinación | B13: Descripción | C13: Atributos
A14: servicio realizado y fecha de calificación únicos | B14: ='Calificación Muestreo'!G2 -> La calificación no debe tener duplicidad en la combinación del servicio realizado y la fecha de calificación. | C14: =A6 -> servicioRealizado
C15: =A7 -> fechaCalificacion
A21: Responsabilidad | C21: Descripción | G21: Entradas | J21: Salida | N21: Políticas (Reglas de Negocio) | R21: Excepción
E22: Parámetro | F22: Tipo de dato | H22: Descripción | I22: Tipo de Dato | K22: Descripción | M22: Política | O22: Descripción | Q22: Detalle | S22: ¿Qué hago?
A23: Registrar información de la Calificación | C23: Permite valorar un servicio realizado | E23: datos | F23: calificación | G23: Contiene la calificación del servicio brindado. | M23: Calificación POL-0003 | N23: Solo se permite una calificación por usuario a un servicio realizado por alguna sede | Q23: Generar una excepción indicándole al usuario que hay problemas con los datos ingresados y de ser posible indicarle cómo solucionarlos | S23: Detener la operación
M24: Calificación POL - 0004 | N24: No debe existir otra calificación de un servicio con el mismo identificador. | Q24: Generar un nuevo identificador hasta garantizar que no exista | S24: Continuar la operación
M25: Calificación POL - 0005 | N25: Se debe asegurar que la información a comentar no sean información sensible | Q25: "Se debe reportar un problema indicando que los datos no son válidos, entregando el detalle de cuáles son las normas que está infringiendo y cómo puede remediarse el problema de ser posible. " | S25: Detener y abortar el proceso actual.
A27: Modificar Información de la Calificación | C27: Permite modificar una calificación echa a un servicio realizado | E27: datos | F27: calificación | G27: Contiene la calificación para actualizar | M27: Calificación POL-0002 | N27: La calificación debe estar previamente registrada | Q27: Generar una excepción indicándole al usuario que hay problemas con los datos ingresados y de ser posible indicarle cómo solucionarlos | S27: Detener la operación
M28: Calificación POL-0001 | N28: Asegurar que los datos requeridos para llevar a cabo la acción sean válidos a nivel de tipo de dato, longitud, obligatoriedad, formato y rango. | Q28: Generar una excepción indicándole al usuario que hay problemas con los datos ingresados y de ser posible indicarle cómo solucionarlos | S28: Detener la operación
E29: id | F29: Alfanumérico | G29: Contiene el identificador de la calificación para actualizar | M29: Calificación POL - 0005 | N29: Se debe asegurar que la información a comentar no sean información sensible | Q29: Generar una excepción indicándole al usuario que hay problemas con los datos ingresados y de ser posible indicarle cómo solucionarlos | S29: Detener la operación
A31: Consultar Información de la calificación | C31: Permite ver las calificaciones registradas | E31: filtro | F31: Lista<calificación> | G31: Contiene información de los filtros que se enviaran como base para llevar a cabo la consulta | I31: Lista<calificación> | J31: Contiene información de la calificación que cumple con el filtro | M31: Calificación POL - 0006 | N31: Asegurar que los datos que fueron enviados como filtro para llevar a cabo la acción sean válidos a nivel de tipo de dato, longitud, obligatoriedad, formato y rango. | Q31: Generar una excepción indicándole al usuario que hay problemas con los datos ingresados y de ser posible indicarle cómo solucionarlos | S31: Detener la operación

Sheet Ciudad Muestreo
A2: Corresponde al identificador único que identifica cada ciudad en el sistema. | B2: Corresponde al atributo nombre que contiene el nombre de la ciudad | C2: Corresponde al departamento al que pertenece la ciudad. | D2: La ciudad no existan ciudades con nombres duplicados en el sistema. | E2: La ciudad no debe tener duplicidad en la combinación de su nombre y departamento
A3: id | B3: nombre | C3: departamento | D3: Combinación única | E3: Combinación única
A4: 63dedd71-ff65-4c46-9723-64c29ee2ba8a | B4: Bogotá | C4: Cundinamarca | D4: Bogotá | E4: Bogotá ,Cundinamarca
A5: 6160eb47-e560-49a6-a49c-f8990a53e423 | B5: Medellín | C5: Antioquia | D5: Medellín | E5: Medellín ,Antioquia
A6: 91812cb6-b51b-4845-8adc-8ec50ae154dc | B6: Cali | C6: Valle del Cauca | D6: Cali | E6: Cali ,Valle del Cauca
A7: 5643d1d9-f9f0-4b50-805d-b54870b27db2 | B7: Barranquilla | C7: Atlántico | D7: Barranquilla | E7: Barranquilla ,Atlántico
A8: d7275c10-fd10-4e01-bfcb-f996c00a3ffe | B8: Cartagena | C8: Bolívar | D8: Cartagena | E8: Cartagena ,Bolívar
A9: 4a1907e4-df8e-4269-be6e-8ca86a8497eb | B9: Cúcuta | C9: Norte de Santander | D9: Cúcuta | E9: Cúcuta ,Norte de Santander
A10: f38f8524-2d54-4731-a372-d687b426e360 | B10: Soledad | C10: Atlántico | D10: Soledad | E10: Soledad ,Atlántico
A11: 7d1ab9fa-213d-4428-8eca-a33828d4a04f | B11: Ibagué | C11: Tolima | D11: Ibagué | E11: Ibagué ,Tolima
A12: cc892516-445b-4cbc-b6dd-b77ea49058d5 | B12: Bucaramanga | C12: Santander | D12: Bucaramanga | E12: Bucaramanga ,Santander
A13: 5b5989e1-8fe7-4484-a747-6223e22829b6 | B13: Soacha | C13: Cundinamarca | D13: Soacha | E13: Soacha ,Cundinamarca
... A80: 80e27e56-286f-4a3c-98d5-6c3ca7ad7d2f | B80: San Vicente del Caguán | C80: Caquetá | D80: San Vicente del Caguán | E80: San Vicente del Caguán ,Caquetá

Sheet Ciudad Caracterización
A1: <-Volver al inicio
A2: Objeto de Dominio: | B2: ='Listado Objetos de Dominio'!$A$5 -> Ciudad
A3: Descripción: | B3: ='Listado Objetos de Dominio'!$B$5 -> Objeto de dominio que representa la ciudad donde se encuentra ubicada la sede.
A4: Atributo | B4: Tipo de Dato | C4: Longitud mínima | D4: Longitud máxima | E4: Precisión | F4: Rango Inicial | G4: Rango Final | H4: Formato | I4: Descripción Formato | J4: Valor por defecto | K4: Regla especial | L4: ¿Quitar espacios en blanco al inicio? | M4: ¿Quitar espacios en blanco al final? | N4: ¿Auto generado? | O4: ¿Calculado? | P4: ¿Obligatorio? | Q4: ¿Modificable? | R4: ¿Sensible? | S4: ¿Identifica al registro? | T4: Descripción | U4: =A21 -> Consultar Información de la ciudad
A5: ='Ciudad Muestreo'!A3 -> id | B5: Alfanumérico | C5: 36 | D5: 36 | H5: xxxxxxxx-xxxx-xxxx-xxxx-xxxxxxxxxxxx | I5: Donde cada x es cualquier carácter que puede ir de( 0-9, a-f) | L5: NO | M5: NO | N5: SI | O5: NO | P5: SI | Q5: NO | R5: NO | S5: SI | T5: ='Ciudad Muestreo'!A2 -> Corresponde al identificador único que identifica cada ciudad en el sistema. | U5: Filtro/Listar/ No Mostrar
A6: ='Ciudad Muestreo'!B3 -> nombre | B6: horarioEstablecimiento | L6: NO | M6: NO | N6: NO | O6: NO | P6: SI | Q6: NO | R6: NO | S6: NO | T6: ='Ciudad Muestreo'!B2 -> Corresponde al atributo nombre que contiene el nombre de la ciudad | U6: Filtro/Listar/Mostrar[Orden{1}/CriterioOrdenamiento{1, ASC}/BusquedaGeneral{SI}/Ordenador{SI}/Reordenamiento{NO}]
A7: ='Ciudad Muestreo'!C3 -> departamento | B7: departamento | L7: NO | M7: NO | N7: NO | O7: NO | P7: SI | Q7: NO | R7: NO | S7: NO | T7: ='Ciudad Muestreo'!C2 -> Corresponde al departamento al que pertenece la ciudad. | U7: Filtro/Listar/Mostrar[Orden{1}/CriterioOrdenamiento{1, ASC}/BusquedaGeneral{SI}/Ordenador{SI}/Reordenamiento{NO} /PropiedadesMostrar{ departamento.nombre}]
A12: Combinaciones únicas
A13: Nombre combinación | B13: Descripción | C13: Atributos
A14: fecha y hora de inicio únicos | B14: ='Ciudad Muestreo'!D2 -> La ciudad no existan ciudades con nombres duplicados en el sistema. | C14: =A6 -> nombre
A16: fecha y hora de fin únicos | B16: ='Ciudad Muestreo'!E2 -> La ciudad no debe tener duplicidad en la combinación de su nombre y departamento | C16: =A7 -> departamento
A19: Responsabilidad | B19: Descripción | D19: Entradas | K19: Salida | N19: Políticas (Reglas de Negocio) | R19: Excepción
D20: Parámetro | H20: Tipo de dato | I20: Descripción | J20: Tipo de Dato | K20: Descripción | N20: Política | O20: Descripción | Q20: Detalle | S20: ¿Qué hago?
A21: Consultar Información de la ciudad | B21: Permite visualizar la información de una ciudad | D21: filtro | H21: ciudad | I21: Contiene información de las diferentes ciudades que se enviarán como base para llevar a cabo el filtro de la consulta | J21: Lista<ciudad> | K21: Contiene información de las diferentes ciudades que cumplen con los criterios de búsqueda | N21: Ciudad POL-0001 | O21: Asegurar que los datos que fueron enviados como filtro para llevar a cabo la acción sean válidos a nivel de tipo de dato, longitud, obligatoriedad, formato y rango.. | Q21: Generar una excepción indicándole al usuario que hay problemas con los datos ingresados y de ser posible indicarle cómo solucionarlos | S21: Detener Operación

Sheet Departamento Muestreo
A2: Corresponde al identificador único que identifica cada departamento en el sistema. | B2: Corresponde al atributo que indica el nombre del departamento | C2: El departamento no debe tener duplicidad en su nombre
A3: id | B3: nombre | C3: Combinación única
A4: baf7686f-548f-4886-a9d4-8dd650774176 | B4: Cundinamarca | C4: Cundinamarca
A5: 9da583ae-03a6-4eee-9654-f976aa153cae | B5: Antioquia | C5: Antioquia
A6: 7968baa5-d516-4f83-8ede-77dfc0abc1c8 | B6: Atlántico | C6: Atlántico
A7: 2d0e3ae6-0b6b-46d0-aab0-3bac8e480472 | B7: Bolívar | C7: Bolívar
A8: 192df308-16f9-46a1-b341-ec84f49d015b | B8: Boyacá | C8: Boyacá
A9: 0aebf2b6-e8f5-40fd-9669-cc8fee49c810 | B9: Caldas | C9: Caldas
A10: 6e24bf5f-e874-4c20-9750-cf8ebdc03a8b | B10: Caquetá | C10: Caquetá
A11: fe86dac9-02f6-4c38-aacc-bc2e82d6a733 | B11: Casanare | C11: Casanare
A12: 44dbc677-d935-438b-ab73-429504f7209c | B12: Cauca | C12: Cauca
A13: f5f6cdfc-c61d-4a34-bdf5-47884bcaf1b2 | B13: Cesar | C13: Cesar
... A29: 270786c6-60d6-4297-9198-20fc738483e1 | B29: Valle del Cauca | C29: Valle del Cauca

Sheet Departamento Caracterización 
A1: <-Volver al inicio
A2: Objeto de Dominio: | B2: ='Listado Objetos de Dominio'!$A$6 -> Departamento
A3: Descripción: | B3: ='Listado Objetos de Dominio'!$B$6 -> Objeto de dominio que representa la división territorial donde se encuentra la ciudad.
A4: Atributo | B4: Tipo de Dato | C4: Longitud mínima | D4: Longitud máxima | E4: Precisión | F4: Rango Inicial | G4: Rango Final | H4: Formato | I4: Descripción Formato | J4: Valor por defecto | K4: Regla especial | L4: ¿Quitar espacios en blanco al inicio? | M4: ¿Quitar espacios en blanco al final? | N4: ¿Auto generado? | O4: ¿Calculado? | P4: ¿Obligatorio? | Q4: ¿Modificable? | R4: ¿Sensible? | S4: ¿Identifica al registro? | T4: Descripción | U4: =A14 -> Consultar Información del Departamento
A5: ='Departamento Muestreo'!A3 -> id | B5: Alfanumérico | C5: 36 | D5: 36 | H5: xxxxxxxx-xxxx-xxxx-xxxx-xxxxxxxxxxxx | I5: Donde cada x es cualquier carácter que puede ir de( 0-9, a-f) | L5: NO | M5: NO | N5: SI | O5: NO | P5: SI | Q5: NO | R5: NO | S5: SI | T5: ='Departamento Muestreo'!A2 -> Corresponde al identificador único que identifica cada departamento en el sistema. | U5: Filtro/Listar/No Mostrar
A6: ='Departamento Muestreo'!B3 -> nombre | B6: Alfanumérico | C6: 1 | D6: 50 | H6: x | I6: Donde x puede ser una cadena que incluye caracteres alfanuméricos,espacios( ), letras mayúsculas (A-Z), minúsculas (a-z) y tildes (á, é, í, ó, ú) | L6: NO | M6: NO | N6: NO | O6: NO | P6: SI | Q6: NO | R6: NO | S6: NO | T6: ='Departamento Muestreo'!B2 -> Corresponde al atributo que indica el nombre del departamento | U6: Filtro/Listar/Mostrar[Orden{1}/CriterioOrdenamiento{1, ASC}/BusquedaGeneral{SI}/Ordenador{NO}/Reordenamiento{NO}]
A8: Combinaciones únicas
A9: Nombre combinación | B9: Descripción | C9: Atributos
A10: nombre del departamento único | B10: ='Departamento Muestreo'!C2 -> El departamento no debe tener duplicidad en su nombre | C10: =A6 -> nombre
A12: Responsabilidad | B12: Descripción | D12: Entradas | K12: Salida | N12: Políticas (Reglas de Negocio) | R12: Excepción
D13: Parámetro | H13: Tipo de dato | I13: Descripción | J13: Tipo de Dato | K13: Descripción | N13: Política | O13: Descripción | Q13: Detalle | S13: ¿Qué hago?
A14: Consultar Información del Departamento | B14: Permite visualizar la información de un departamento | D14: filtro | H14: departamento | I14: Contiene información de los diferentes departamentos que se enviarán como base para llevar a cabo el filtro de la consulta | J14: Lista<departamento> | K14: Contiene información de los diferentes departamentos que cumplen con los criterios de búsqueda | N14: Departamento POL-0001 | O14: Asegurar que los datos que fueron enviados como filtro para llevar a cabo la acción sean válidos a nivel de tipo de dato, longitud, obligatoriedad, formato y rango.. | Q14: Generar una excepción indicándole al usuario que hay problemas con los datos ingresados y de ser posible indicarle cómo solucionarlos | S14: Detener Operación

Sheet Detalle Horario Muestreo 
A2: Corresponde al identificador único que identifica cada detalle de horario de operación del establecimiento en el sistema | B2: Corresponde al horarioEstablecimeinto vigente al que le pertenece este horario de operación. | C2: Corresponde al día de la semana en que opera el establecimiento. Si un día no está registrado, significa que el establecimiento no opera ese día | D2: Corresponde al atributo que indica la hora en que inicia la operación del establecimiento. | E2: Corresponde al atributo que indica la hora en que finaliza la operación del establecimiento | F2: El detalle horario no debe tener duplicidad en la combinación del horario establecimiento, día y rango horario de operación
A3: id | B3: horarioSede | C3: día | D3: horaInicio | E3: horaFin | F3: Combinación única
A4: 63dedd71-ff65-4c46-9723-64c29ee2ba8a | B4: Baike universe - 01/01/2024 -06/12/2028 | C4: Lunes | D4: 7:00 a. m. | E4: 12:00 p. m. | F4: Baike universe - 01/01/2024 -06/12/2028 - Lunes - 07:00-12:00
A5: 6160eb47-e560-49a6-a49c-f8990a53e423 | B5: Baike universe - 01/01/2024 -06/12/2028 | C5: Lunes | D5: 1:00 p. m. | E5: 5:00 p. m. | F5: Baike universe - 01/01/2024 -06/12/2028 - Lunes - 13:00-17:00
A6: 91812cb6-b51b-4845-8adc-8ec50ae154dc | B6: Baike universe - 01/01/2024 -06/12/2028 | C6: Martes | D6: 7:00 a. m. | E6: 12:00 p. m. | F6: Baike universe - 01/01/2024 -06/12/2028 - Martes - 07:00-12:00
A7: 5643d1d9-f9f0-4b50-805d-b54870b27db2 | B7: Baike universe - 01/01/2024 -06/12/2028 | C7: Martes | D7: 1:30 p. m. | E7: 5:30 p. m. | F7: Baike universe - 01/01/2024 -06/12/2028 - Martes - 13:30-17:30
A8: d7275c10-fd10-4e01-bfcb-f996c00a3ffe | B8: Baike universe - 01/01/2024 -06/12/2028 | C8: Miércoles | D8: 7:00 a. m. | E8: 12:00 p. m. | F8: Baike universe - 01/01/2024 -06/12/2028 - Miércoles - 07:00-12:00
A9: 4a1907e4-df8e-4269-be6e-8ca86a8497eb | B9: Baike universe - 01/01/2024 -06/12/2028 | C9: Miércoles | D9: 1:30 p. m. | E9: 5:30 p. m. | F9: Baike universe - 01/01/2024 -06/12/2028 - Miércoles - 13:30-17:30
A10: f38f8524-2d54-4731-a372-d687b426e360 | B10: Baike universe - 01/01/2024 -06/12/2028 | C10: Jueves | D10: 7:00 a. m. | E10: 12:00 p. m. | F10: Baike universe - 01/01/2024 -06/12/2028 - Jueves - 07:00-12:00
A11: 7d1ab9fa-213d-4428-8eca-a33828d4a04f | B11: Baike universe - 01/01/2024 -06/12/2028 | C11: Jueves | D11: 1:30 p. m. | E11: 5:30 p. m. | F11: Baike universe - 01/01/2024 -06/12/2028 - Jueves - 13:30-17:30
A12: cc892516-445b-4cbc-b6dd-b77ea49058d5 | B12: Baike universe - 01/01/2024 -06/12/2028 | C12: Viernes | D12: 7:00 a. m. | E12: 12:00 p. m. | F12: Baike universe - 01/01/2024 -06/12/2028 - Viernes - 07:00-12:00
A13: 5b5989e1-8fe7-4484-a747-6223e22829b6 | B13: Baike universe - 01/01/2024 -06/12/2028 | C13: Viernes | D13: 1:30 p. m. | E13: 5:30 p. m. | F13: Baike universe - 01/01/2024 -06/12/2028 - Viernes - 13:30-17:30
... A24: 2d8d0582-4413-410c-bdb4-d38aba475803 | B24: Dos Ruedas - 01/01/2020 -05/16/2022 | C24: Viernes | D24: 1:30 p. m. | E24: 5:30 p. m. | F24: Dos Ruedas - 01/01/2020 -05/16/2022 - Viernes - 13:30-17:30

Sheet Detalle horari Caracterización
A1: <-Volver al inicio
A2: Objeto de Dominio: | B2: ='Listado Objetos de Dominio'!$A$7 -> Detalle Horario
A3: Descripción: | B3: ='Listado Objetos de Dominio'!$B$7 -> Objeto de dominio que representa la información específica de los horarios de atención de la sede.
A4: Atributo | B4: Tipo de Dato | C4: Longitud mínima | D4: Longitud máxima | E4: Precisión | F4: Rango Inicial | G4: Rango Final | H4: Formato | I4: Descripción Formato | J4: Valor por defecto | K4: Regla especial | L4: ¿Quitar espacios en blanco al inicio? | M4: ¿Quitar espacios en blanco al final? | N4: ¿Auto generado? | O4: ¿Calculado? | P4: ¿Obligatorio? | Q4: ¿Modificable? | R4: ¿Sensible? | S4: ¿Identifica al registro? | T4: Descripción | U4: =A28 -> Registrar Información del Detalle Horario | V4: =A32 -> Modificar Información del Detalle Horario | W4: =A36 -> Eliminar Información del Detalle Horario | X4: =A40 -> Consultar Información del Detalle Horario
A5: ='Detalle Horario Muestreo '!A3 -> id | B5: Alfanumérico | C5: 36 | D5: 36 | H5: xxxxxxxx-xxxx-xxxx-xxxx-xxxxxxxxxxxx | I5: Donde cada x es cualquier carácter que puede ir de( 0-9, a-f) | L5: NO | M5: NO | N5: SI | O5: NO | P5: SI | Q5: NO | R5: NO | S5: SI | T5: ='Detalle Horario Muestreo '!A2 -> Corresponde al identificador único que identifica cada detalle de horario de operación del establecimiento en el sistema | U5: Requerido | V5: Requerido / No Modificable | W5: Requerido | X5: Filtro/Listar/ No Mostrar
A6: ='Detalle Horario Muestreo '!B3 -> horarioSede | B6: horarioSede | L6: NO | M6: NO | N6: NO | O6: NO | P6: SI | Q6: NO | R6: NO | S6: NO | T6: ='Detalle Horario Muestreo '!B2 -> Corresponde al horarioEstablecimeinto vigente al que le pertenece este horario de operación. | U6: Requerido | V6: Requerido / Modificable | W6: No requerido | X6: Filtro/Listar/Mostrar[Orden{1}/CriterioOrdenamiento{1, ASC}/BusquedaGeneral{NO}/Ordenador{NO}/Reordenamiento{NO} /PropiedadesMostrar{ horarioSede.sede}]
A7: ='Detalle Horario Muestreo '!C3 -> día | B7: día | L7: NO | M7: NO | N7: NO | O7: NO | P7: SI | Q7: NO | R7: NO | S7: NO | T7: ='Detalle Horario Muestreo '!C2 -> Corresponde al día de la semana en que opera el establecimiento. Si un día no está registrado, significa que el establecimiento no opera ese día | U7: Requerido | V7: Requerido / Modificable | W7: No requerido | X7: Filtro/Listar/Mostrar[Orden{2}/BusquedaGeneral{NO}/Ordenador{NO}/Reordenamiento{NO} ]
A8: ='Detalle Horario Muestreo '!D3 -> horaInicio | B8: Hora | L8: NO | M8: NO | N8: NO | O8: NO | P8: SI | Q8: NO | R8: NO | S8: NO | T8: ='Detalle Horario Muestreo '!D2 -> Corresponde al atributo que indica la hora en que inicia la operación del establecimiento. | U8: Requerido | V8: Requerido / Modificable | W8: No requerido | X8: Filtro/Listar/Mostrar[Orden{3}/BusquedaGeneral{NO}/Ordenador{NO}/Reordenamiento{NO} ]
A9: ='Detalle Horario Muestreo '!E3 -> horaFin | B9: Hora | L9: NO | M9: NO | N9: NO | O9: NO | P9: SI | Q9: NO | R9: NO | S9: NO | T9: ='Detalle Horario Muestreo '!E2 -> Corresponde al atributo que indica la hora en que finaliza la operación del establecimiento | U9: Requerido | V9: Requerido / Modificable | W9: No requerido | X9: Filtro/Listar/Mostrar[Orden{4}/BusquedaGeneral{NO}/Ordenador{NO}/Reordenamiento{NO} ]
A12: Combinaciones únicas
A13: Nombre combinación | B13: Descripción | C13: Atributos
A14: El horario del establecimiento, día, hora de inicio y de fin son únicos | B14: ='Detalle Horario Muestreo '!F2 -> El detalle horario no debe tener duplicidad en la combinación del horario establecimiento, día y rango horario de operación | C14: =A6 -> horarioSede
C15: =A7 -> día
C16: =A8 -> horaInicio
C17: =A9 -> horaFin
A26: Responsabilidad | C26: Descripción | G26: Entradas | J26: Salida | N26: Políticas (Reglas de Negocio) | R26: Excepción
E27: Parámetro | F27: Tipo de dato | H27: Descripción | I27: Tipo de Dato | K27: Descripción | M27: Política | O27: Descripción | Q27: Detalle | S27: ¿Qué hago?
A28: Registrar Información del Detalle Horario | C28: Permite registrar los detalles de los horarios y días de operación de una sede | E28: datos | F28: detalleHorario | G28: Contiene información requerida para llevar a cabo el registro del nuevo detalle horario | M28: Detalle Horario POL-0004 | N28: La sede debe estar previamente registrada | Q28: Generar una excepción indicándole al usuario que hay problemas con los datos ingresados y de ser posible indicarle como solucionarlos | S28: Detener la operación
M29: Detalle Horario POL-0003 | N29: El día debe estar Registrado. | Q29: Generar una excepción indicándole al usuario que hay problemas con los datos ingresados y de ser posible indicarle como solucionarlos | S29: Detener la operación
M30: Detalle Horario POL-0001 | N30: Asegurar que los datos requeridos para llevar a cabo la acción sean válidos a nivel de tipo de dato, longitud, obligatoriedad, formato y rango. | Q30: Generar una excepción indicándole al usuario que hay problemas con los datos ingresados y de ser posible indicarle como solucionarlos | S30: Detener la operación
M31: Detalle Horario POL-0002 | N31: No debe existir otro detalle horario con el mismo identificador. | Q31: Generar un nuevo identificador hasta garantizar que no exista | S31: Continuar la operación
A32: Modificar Información del Detalle Horario | C32: Permite actualizar la información de los detalles de horarios y días de operación de una sede | E32: datos | F32: detalleHorario | G32: Contiene información de los datos del Detalle Horario a modificar | M32: Detalle Horario POL-0005 | N32: La sede y el día deben estar previamente asociados. | Q32: Validar que todos los campos cumplan con las especificaciones requeridas antes de procesar la información | S32: Detener la operación
E33: id | F33: Alfanumérico | G33: Contiene el identificador del detalle horario a modificar la información | M33: Detalle Horario POL-0001 | N33: Asegurar que los datos requeridos para llevar a cabo la acción sean válidos a nivel de tipo de dato, longitud, obligatoriedad, formato y rango. | Q33: Generar una excepción indicándole al usuario que hay problemas con los datos ingresados y de ser posible indicarle como solucionarlos | S33: Detener la operación
A36: Eliminar Información del Detalle Horario | C36: Permite eliminar un detalle horario específico de una sede | E36: id | F36: Alfanumérico | G36: Contiene el identificador del detalle horario a eliminar | M36: Detalle Horario POL-0006 | N36: Asegurarse que el detalle horario a eliminar no se encuentre asociado a una sede | Q36: Generar una excepción indicándole al usuario que hay problemas con los datos ingresados y de ser posible indicarle cómo solucionarlos | S36: Detener la operación
P37: Detener la operación
M38: Detalle Horario POL-0001 | N38: Asegurar que los datos requeridos para llevar a cabo la acción sean válidos a nivel de tipo de dato, longitud, obligatoriedad, formato y rango. | Q38: Generar una excepción indicándole al usuario que hay problemas con los datos ingresados y de ser posible indicarle cómo solucionarlos | S38: Detener la operación
A40: Consultar Información del Detalle Horario | C40: Permite consultar los detalles horarios configurados para una sede | E40: filtro | F40: Lista<detalleHorario> | G40: Contiene información de los filtros que se enviaran como base para llevar a cabo la consulta | I40: Lista<detalleHorario> | J40: Contiene información del detalle horario que cumple con el filtro | M40: Detalle Horario POL - 0007 | N40: Asegurar que los datos que fueron enviados como filtro para llevar a cabo la acción sean válidos a nivel de tipo de dato, longitud, obligatoriedad, formato y rango. | Q40: Asegurar que los datos que fueron enviados como filtro para llevar a cabo la acción sean válidos a nivel de tipo de dato, longitud, obligatoriedad, formato y rango. | S40: Detener la operación

Sheet Dia Muestreo
A2: Corresponde al identificador único que identifica cada día en el sistema | B2: Corresponde al atributo que indica el nombre del día | C2: El día no debe tener duplicidad en su nombre
A3: id | B3: nombre | C3: Combinación única
A4: 9a63d7fa-7c97-4374-b574-63bd41586441 | B4: Lunes | C4: Lunes
A5: c2686453-5d4b-4690-9259-f575b6276153 | B5: Martes | C5: Martes
A6: 3376d24a-7d86-4ddf-89ee-e7d03cd736ff | B6: Miércoles | C6: Miércoles
A7: 5e2e836e-f39e-444b-9673-3efb066c4e1d | B7: Jueves | C7: Jueves
A8: 8f761fdc-5488-4cb6-a225-85451f2003ed | B8: Viernes | C8: Viernes
A9: 70a42e6d-f733-4d73-95cf-359b99319d80 | B9: Sábado | C9: Sábado
A10: 088c83a2-7138-4a2e-98df-5d8e810faafd | B10: Domingo | C10: Domingo
A12: `

Sheet Dia Caracterización
A1: <-Volver al inicio
A2: Objeto de Dominio: | B2: ='Listado Objetos de Dominio'!$A$8 -> Dia
A3: Descripción: | B3: ='Listado Objetos de Dominio'!$B$8 -> Objeto de dominio que representa cada uno de los días de la semana en que opera una sede.
A4: Atributo | B4: Tipo de Dato | C4: Longitud mínima | D4: Longitud máxima | E4: Precisión | F4: Rango Inicial | G4: Rango Final | H4: Formato | I4: Descripción Formato | J4: Valor por defecto | K4: Regla especial | L4: ¿Quitar espacios en blanco al inicio? | M4: ¿Quitar espacios en blanco al final? | N4: ¿Auto generado? | O4: ¿Calculado? | P4: ¿Obligatorio? | Q4: ¿Modificable? | R4: ¿Sensible? | S4: ¿Identifica al registro? | T4: Descripción | U4: =A14 -> Consultar Información del Día
A5: ='Dia Muestreo'!A3 -> id | B5: Alfanumérico | C5: 36 | D5: 36 | H5: xxxxxxxx-xxxx-xxxx-xxxx-xxxxxxxxxxxx | I5: Donde cada x es cualquier carácter que puede ir de( 0-9, a-f) | L5: NO | M5: NO | N5: SI | O5: NO | P5: SI | Q5: NO | R5: NO | S5: SI | T5: ='Dia Muestreo'!A2 -> Corresponde al identificador único que identifica cada día en el sistema | U5: Filtro/Listar/ No Mostrar
A6: ='Dia Muestreo'!B3 -> nombre | B6: Alfanumérico | C6: 1 | D6: 10 | H6: x | I6: Donde x puede ser una cadena que incluye caracteres alfanuméricos, espacios( ), letras mayúsculas (A-Z), minúsculas (a-z) y tildes (á, é, í, ó, ú) | L6: SI | M6: SI | N6: NO | O6: NO | P6: SI | Q6: NO | R6: NO | S6: NO | T6: ='Dia Muestreo'!B2 -> Corresponde al atributo que indica el nombre del día | U6: Filtro/Listar/Mostrar[Orden{1}/BusquedaGeneral{SI}/Ordenador{NO}/Reordenamiento{NO} ]
A8: Combinaciones únicas
A9: Nombre combinación | B9: Descripción | C9: Atributos
A10: nombre del día único | B10: ='Dia Muestreo'!C2 -> El día no debe tener duplicidad en su nombre | C10: =A6 -> nombre
A12: Responsabilidad | B12: Descripción | D12: Entradas | K12: Salida | N12: Políticas (Reglas de Negocio) | R12: Excepción
D13: Parámetro | H13: Tipo de dato | I13: Descripción | J13: Tipo de Dato | K13: Descripción | N13: Política | O13: Descripción | Q13: Detalle | S13: ¿Qué hago?
A14: Consultar Información del Día | B14: Permite ver la información del día de la semana | D14: filtro | H14: día | I14: Contiene información de los diferentes días que se enviarán como base para llevar a cabo el filtro de la consulta | J14: Lista<día> | K14: Contiene información de los diferentes días que cumplen con los criterios de búsqueda | N14: Día POL-0001 | O14: Asegurar que los datos que fueron enviados como filtro para llevar a cabo la acción sean válidos a nivel de tipo de dato, longitud, obligatoriedad, formato y rango. | Q14: Generar una excepción indicándole al usuario que hay problemas con los datos ingresados y de ser posible indicarle cómo solucionarlos | S14: Detener Operación

Sheet Diagnotico Muestreo 
A2: Corresponde al identificador único que identifica cada diagnóstico realizado a una motocicleta. | B2: Corresponde al atributo que indica la fecha en que se realizó el diagnóstico. | C2: Corresponde al atributo que describe el problema reportado o encontrado en la motocicleta. | D2: Corresponde al atributo que indica la posible solución técnica al problema diagnosticado. | E2: Corresponde al motocicleta diagnosticada e indica la matricula. | F2: Corresponde a la sede donde se realizó el diagnóstico.
A3: id | B3: fecha | C3: descripcionProblema | D3: posibleSolucion | E3: motocicleta | F3: sede
A4: 7946c16d-8570-45c7-8000-157828a7b089 | B4: 24/12/2024 | C4: Cambio no Funciona | D4: Cambiar huaya del Clusth | E4: MRC35E | F4: Sede A - Baike universe
A5: d92e7939-dfea-490a-848e-a8dd596a5997 | B5: 45302 | C5: Motor Con sonido raro | D5: Cambio de Aceite | E5: YBR67A | F5: Sede A - Dos Ruedas

Sheet Diagnostico Caracterización
A1: <-Volver al inicio
A2: Objeto de Dominio: | B2: ='Listado Objetos de Dominio'!$A$9 -> Diagnostico
A3: Descripción: | B3: ='Listado Objetos de Dominio'!$B$9 -> Objeto de dominio que representa la evaluación técnica realizada a una motocicleta por parte de una sede.
A4: Atributo | B4: Tipo de Dato | C4: Longitud mínima | D4: Longitud máxima | E4: Precisión | F4: Rango Inicial | G4: Rango Final | H4: Formato | I4: Descripción Formato | J4: Valor por defecto | K4: Regla especial | L4: ¿Quitar espacios en blanco al inicio? | M4: ¿Quitar espacios en blanco al final? | N4: ¿Auto generado? | O4: ¿Calculado? | P4: ¿Obligatorio? | Q4: ¿Modificable? | R4: ¿Sensible? | S4: ¿Identifica al registro? | T4: Descripción | U4: =A24 -> Registrar Información del Diagnóstico | V4: =A28 -> Modificar Información del Diagnóstico | W4: =A31 -> Eliminar Información del Diagnóstico | X4: =A33 -> Consultar Información del Diagnóstico
A5: ='Diagnotico Muestreo '!A3 -> id | B5: Alfanumérico | C5: 36 | D5: 36 | H5: xxxxxxxx-xxxx-xxxx-xxxx-xxxxxxxxxxxx | I5: Donde cada x es cualquier carácter que puede ir de( 0-9, a-f) | L5: NO | M5: NO | N5: SI | O5: NO | P5: SI | Q5: NO | R5: NO | S5: SI | T5: ='Diagnotico Muestreo '!A2 -> Corresponde al identificador único que identifica cada diagnóstico realizado a una motocicleta. | U5: Requerido | V5: Requerido / No Modificable | W5: Requerido | X5: Filtro/Listar/ No Mostrar
A6: ='Diagnotico Muestreo '!B3 -> fecha | B6: Fecha | L6: NO | M6: NO | N6: NO | O6: NO | P6: SI | Q6: SI | R6: NO | S6: NO | T6: ='Diagnotico Muestreo '!B2 -> Corresponde al atributo que indica la fecha en que se realizó el diagnóstico. | U6: Requerido | V6: Requerido / Modificable | W6: No Requerido | X6: Filtro/Listar/Mostrar[Orden{1}/BusquedaGeneral{NO}/Ordenador{NO}/Reordenamiento{NO}]
A7: ='Diagnotico Muestreo '!C3 -> descripcionProblema | B7: Alfanumérico | C7: 1 | D7: 250 | H7: x | I7: Donde x puede ser una cadena que incluye caracteres alfanuméricos, espacios ( ), letras mayúsculas (A-Z), minúsculas (a-z) y tildes (á, é, í, ó, ú) | L7: SI | M7: SI | N7: NO | O7: NO | P7: SI | Q7: SI | R7: NO | S7: NO | T7: ='Diagnotico Muestreo '!C2 -> Corresponde al atributo que describe el problema reportado o encontrado en la motocicleta. | U7: Requerido | V7: Requerido / Modificable | W7: No Requerido | X7: Filtro/Listar/Mostrar[Orden{2}/BusquedaGeneral{NO}/Ordenador{NO}/Reordenamiento{NO}]
A8: ='Diagnotico Muestreo '!D3 -> posibleSolucion | B8: Alfanumérico | C8: 1 | D8: 250 | H8: x | I8: Donde x puede ser una cadena que incluye caracteres alfanuméricos, espacios ( ), letras mayúsculas (A-Z), minúsculas (a-z) y tildes (á, é, í, ó, ú) | L8: SI | M8: SI | N8: NO | O8: NO | P8: SI | Q8: SI | R8: NO | S8: NO | T8: ='Diagnotico Muestreo '!D2 -> Corresponde al atributo que indica la posible solución técnica al problema diagnosticado. | U8: Requerido | V8: Requerido / Modificable | W8: No Requerido | X8: Filtro/Listar/Mostrar[Orden{3}/BusquedaGeneral{NO}/Ordenador{NO}/Reordenamiento{NO}]
A9: ='Diagnotico Muestreo '!E3 -> motocicleta | B9: motocicleta | L9: NO | M9: NO | N9: NO | O9: NO | P9: SI | Q9: NO | R9: SI | S9: NO | T9: ='Diagnotico Muestreo '!E2 -> Corresponde al motocicleta diagnosticada e indica la matricula. | U9: Requerido | V9: Requerido / No Modificable | W9: No Requerido | X9: Filtro/Listar/Mostrar[Orden{4}/CriterioOrdenamiento{1, ASC}/BusquedaGeneral{SI}/Ordenador{SI}/Reordenamiento{NO} /PropiedadesMostrar{ motocicleta.matricula}]
A10: ='Diagnotico Muestreo '!F3 -> sede | B10: sede | L10: NO | M10: NO | N10: NO | O10: NO | P10: SI | Q10: SI | R10: NO | S10: NO | T10: ='Diagnotico Muestreo '!F2 -> Corresponde a la sede donde se realizó el diagnóstico. | U10: Requerido | V10: Requerido / Modificable | W10: No Requerido | X10: Filtro/Listar/Mostrar[Orden{4}/CriterioOrdenamiento{2, ASC}/BusquedaGeneral{SI}/Ordenador{SI}/Reordenamiento{NO} /PropiedadesMostrar{ sede.nombre}]
A14: Combinaciones únicas
A15: Nombre combinación | B15: Descripción | C15: Atributos
A22: Responsabilidad | C22: Descripción | G22: Entradas | J22: Salida | N22: Políticas (Reglas de Negocio) | R22: Excepción
E23: Parámetro | F23: Tipo de dato | H23: Descripción | I23: Tipo de Dato | K23: Descripción | M23: Política | O23: Descripción | Q23: Detalle | S23: ¿Qué hago?
A24: Registrar Información del Diagnóstico | C24: Permite crear un nuevo diagnóstico técnico | E24: datos | F24: diagnóstico | G24: Contiene la información de un nuevo diagnóstico que se hace a una motocicleta | M24: Diagnostico POL - 0001 | N24: Asegurar que los datos requeridos para llevar a cabo la acción sean válidos a nivel de tipo de dato, longitud, obligatoriedad, formato y rango. | Q24: Generar una excepción indicándole al usuario que hay problemas con los datos ingresados y de ser posible indicarle cómo solucionarlos | S24: Detener Operación
M25: Diagnostico POL - 0002 | N25: La sede debe estar previamente registrada | Q25: Generar una excepción indicando al usuario que la sede debe estar asociada al diagnóstico | S25: Detener Operación
M26: Diagnostico POL - 0003 | N26: La motocicleta debe estar previamente registrada | Q26: Generar una excepción indicando al usuario que debe de asociar una motocicleta para realizar el diagnostico | S26: Detener Operación
M27: Diagnostico POL - 0004 | N27: No puede existir otro diagnostico con el mismo identificador. | Q27: Generar un nuevo identificador hasta garantizar que no exista | S27: Contuar Operacion
A28: Modificar Información del Diagnóstico | C28: Permite actualizar un diagnóstico existente | E28: id | F28: Alfanumérico | G28: Contiene el identificador del diagnóstico para actualizar | M28: Diagnostico POL - 0001 | N28: Asegurar que los datos requeridos para llevar a cabo la acción sean válidos a nivel de tipo de dato, longitud, obligatoriedad, formato y rango. | Q28: Generar una excepción indicándole al usuario que hay problemas con los datos ingresados y de ser posible indicarle cómo solucionarlos | S28: Detener Operación
E29: datos | F29: diagnóstico | G29: Contiene información del diagnóstico para actualizar
A31: Eliminar Información del Diagnóstico | C31: Permite eliminar un diagnóstico | E31: filtro | F31: Lista<diagnosticó> | G31: Contiene información de los filtros que se enviaran como base para llevar a cabo la consulta | I31: Lista<diagnóstico> | J31: Contiene información del diagnóstico que cumple con el filtro | M31: Diagnostico POL - 0001 | N31: Asegurar que los datos requeridos para llevar a cabo la acción sean válidos a nivel de tipo de dato, longitud, obligatoriedad, formato y rango. | P31: Detener la operación | Q31: Generar una excepción indicándole al usuario que hay problemas con los datos ingresados y de ser posible indicarle cómo solucionarlos | S31: Detener la operación
M32: Diagnostico POL - 0005 | N32: Asegurar que el diagnostico a eliminar no tenga dependencias. | Q32: Generar una excepción indicando al usuario que no es posible eliminar el diagnostico | S32: Detener Operación
A33: Consultar Información del Diagnóstico | C33: Permite ver los diagnósticos registrados | E33: id | F33: Alfanumérico | G33: Contiene el identificador del diagnóstico a eliminar | M33: Diagnostico POL - 0006 | N33: Asegurar que los datos que fueron enviados como filtro para llevar a cabo la acción sean válidos a nivel de tipo de dato, longitud, obligatoriedad, formato y rango. | Q33: Generar una excepción indicándole al usuario que hay problemas con los datos ingresados y de ser posible indicarle cómo solucionarlos | S33: Detener Operación

Sheet Estad servicio Realiz Muestreo 
A2: Corresponde al identificador único que identifica cada estado posible de un servicio realizado en el sistema | B2: Corresponde al atributo que indica el nombre del estado que puede tener un servicio realizado | C2: El estado del servicio realizado no debe tener duplicidad en el nombre del estado
A3: id | B3: nombre | C3: Combinación única
A4: 7946c16d-8570-45c7-8000-157828a7b089 | B4: Pendiente | C4: Pendiente
A5: d92e7939-dfea-490a-848e-a8dd596a5997 | B5: En Proceso | C5: En Proceso
A6: f6383318-5077-4e22-a6d5-3a21bea35515 | B6: Finalizado | C6: Finalizado
A7: 98414d62-96f5-4826-bfa1-b0a883c86a29 | B7: Cancelado | C7: Cancelado

Sheet Estad servicio RealCaracterizac
A2: Objeto de Dominio: | B2: ='Listado Objetos de Dominio'!$A$13 -> Estado Servicio Realizado
A3: Descripción: | B3: ='Listado Objetos de Dominio'!$B$13 -> Objeto de dominio que representa el estado actual de un servicio en proceso o finalizado.
A4: Atributo | B4: Tipo de Dato | C4: Longitud mínima | D4: Longitud máxima | E4: Precisión | F4: Rango Inicial | G4: Rango Final | H4: Formato | I4: Descripción Formato | J4: Valor por defecto | K4: Regla especial | L4: ¿Quitar espacios en blanco al inicio? | M4: ¿Quitar espacios en blanco al final? | N4: ¿Auto generado? | O4: ¿Calculado? | P4: ¿Obligatorio? | Q4: ¿Modificable? | R4: ¿Sensible? | S4: ¿Identifica al registro? | T4: Descripción | U4: =A23 -> Consultar Información del Estado del Servicio Realizado
A5: ='Estad servicio Realiz Muestreo '!A3 -> id | B5: Alfanumérico | C5: 36 | D5: 36 | H5: xxxxxxxx-xxxx-xxxx-xxxx-xxxxxxxxxxxx | I5: Donde cada x es cualquier carácter que puede ir de( 0-9, a-f) | L5: NO | M5: NO | N5: SI | O5: NO | P5: SI | Q5: NO | R5: NO | S5: SI | T5: ='Estad servicio Realiz Muestreo '!A2 -> Corresponde al identificador único que identifica cada estado posible de un servicio realizado en el sistema | U5: Requerido
A6: ='Estad servicio Realiz Muestreo '!B3 -> nombre | B6: Alfanumérico | C6: 1 | D6: 15 | H6: x | I6: Donde x puede ser una cadena que incluye caracteres alfanuméricos, espacios ( ), letras mayúsculas (A-Z), minúsculas (a-z) y tildes (á, é, í, ó, ú) | L6: SI | M6: SI | N6: NO | O6: NO | P6: SI | Q6: NO | R6: NO | S6: NO | T6: ='Estad servicio Realiz Muestreo '!B2 -> Corresponde al atributo que indica el nombre del estado que puede tener un servicio realizado | U6: Requerido
A12: Combinaciones únicas
A13: Nombre combinación | B13: Descripción | C13: Atributos
A14: Nombre del estado del servicio único | B14: ='Estad servicio Realiz Muestreo '!C2 -> El estado del servicio realizado no debe tener duplicidad en el nombre del estado | C14: =A6 -> nombre
A21: Responsabilidad | C21: Descripción | G21: Entradas | J21: Salida | N21: Políticas (Reglas de Negocio) | R21: Excepción
E22: Parámetro | F22: Tipo de dato | H22: Descripción | I22: Tipo de Dato | K22: Descripción | M22: Política | O22: Descripción | Q22: Detalle | S22: ¿Qué hago?
A23: Consultar Información del Estado del Servicio Realizado | C23: Permite crear un nuevo diagnóstico técnico | E23: datos | F23: estadoServicioRealizado | G23: Contiene información de los filtros que se enviaran como base para llevar a cabo la consulta | I23: Lista<estadoServicioRealizado> | J23: Contiene información del Servicio que cumple con el filtro | M23: Estado Servicio Realizado POL - 0001 | N23: Asegurar que los datos que fueron enviados como filtro para llevar a cabo la acción sean válidos a nivel de tipo de dato, longitud, obligatoriedad, formato y rango. | Q23: Generar una excepción indicando al Servicio que el número de cédula ya está registrado. | S23: Detener la operación

Sheet Evidencia Fotográfica Muestreo
A2: Corresponde al identificador único que identifica cada evidencia fotográfica asociada a una motocicleta. | B2: Corresponde al atributo que indica el ángulo de la evidencia fotográfica de la motocicleta. | C2: Corresponde al atributo que indica la placa de la motocicleta a la que pertenece la evidencia fotográfica. | D2: La evidencia fotográfica de la motocicleta no debe tener duplicidad en la combinación del tipo de evidencia fotográfica y la placa de la motocicleta
A3: id | B3: anguloEvidencia | C3: motocicleta | D3: Combinación única
A4: a4d59da0-cbf2-484a-8424-f228b9f028ad | B4: Frontal | C4: MRC35E | D4: =B4 & " - "&C4 -> Frontal - MRC35E
A5: 25047435-2dbd-4f3e-80c8-d5910a1d6f28 | B5: Lateral | C5: MRC35E | D5: =B5 & " - "&C5 -> Lateral - MRC35E
A6: d876e9f8-f80a-44ab-943a-463e036f8686 | B6: Trasera | C6: MRC35E | D6: =B6 & " - "&C6 -> Trasera - MRC35E
A7: 61fa4cf1-d604-4872-b0a3-eba819e3a2d9 | B7: Frontal | C7: AXA66N | D7: =B7 & " - "&C7 -> Frontal - AXA66N
A8: 3d6cefcb-74cd-46c5-9853-4617845c35bb | B8: Lateral | C8: AXA66N | D8: =B8 & " - "&C8 -> Lateral - AXA66N
A9: 5290f01b-cfcb-4db2-8750-1f1a0064defb | B9: Trasera | C9: AXA66N | D9: =B9 & " - "&C9 -> Trasera - AXA66N

Sheet Evidencia Foto Caracterizació 
A1: Inicio
A2: Objeto de Dominio: | B2: ='Listado Objetos de Dominio'!$A$15 -> Evidencia Fotográfica
A3: Descripción: | B3: ='Listado Objetos de Dominio'!$B$15 -> Objeto de dominio que representa las imágenes asociadas a una motocicleta.
A4: Atributo | B4: Tipo de Dato | C4: Longitud mínima | D4: Longitud máxima | E4: Precisión | F4: Rango Inicial | G4: Rango Final | H4: Formato | I4: Descripción Formato | J4: Valor por defecto | K4: Regla especial | L4: ¿Quitar espacios en blanco al inicio? | M4: ¿Quitar espacios en blanco al final? | N4: ¿Auto generado? | O4: ¿Calculado? | P4: ¿Obligatorio? | Q4: ¿Modificable? | R4: ¿Sensible? | S4: ¿Identifica al registro? | T4: Descripción | U4: =A20 -> Cargar evidencia fotográfica de la Motocicleta | V4: =A23 -> Actualizar evidencia fotográfica de la Motocicleta | W4: =A27 -> Eliminar evidencia fotográfica de la Motocicleta | X4: =A25 -> Consultar evidencia fotográfica de la Motocicleta
A5: ='Evidencia Fotográfica Muestreo'!A3 -> id | B5: Alfanumérico | C5: 36 | D5: 36 | H5: xxxxxxxx-xxxx-xxxx-xxxx-xxxxxxxxxxxx | I5: Donde cada x es cualquier carácter que puede ir de( 0-9, a-f) | L5: NO | M5: NO | N5: SI | O5: NO | P5: SI | Q5: NO | R5: NO | S5: SI | T5: ='Evidencia Fotográfica Muestreo'!B2 -> Corresponde al atributo que indica el ángulo de la evidencia fotográfica de la motocicleta. | U5: Requerido | V5: Requerido / No Modificable | W5: Requerido | X5: Filtro/Listar/No Mostrar
A6: ='Evidencia Fotográfica Muestreo'!B3 -> anguloEvidencia | B6: Alfanumérico | C6: 7 | D6: 15 | H6: x | I6: Donde x puede ser una cadena que incluye caracteres alfanuméricos, espacios ( ), letras mayúsculas (A-Z), minúsculas (a-z) y tildes (á, é, í, ó, ú) | L6: NO | M6: NO | N6: NO | O6: NO | P6: SI | Q6: SI | R6: NO | S6: NO | T6: ='Evidencia Fotográfica Muestreo'!B2 -> Corresponde al atributo que indica el ángulo de la evidencia fotográfica de la motocicleta. | U6: Requerido | V6: Requerido / No Modificable | W6: No Requerido | X6: Filtro/Listar/Mostrar[Orden{1}//BusquedaGeneral{NO}/Ordenador{NO}/Reordenamiento{NO}
A7: ='Evidencia Fotográfica Muestreo'!C3 -> motocicleta | B7: motocicleta | L7: NO | M7: NO | N7: NO | O7: NO | P7: SI | Q7: SI | R7: SI | S7: NO | T7: ='Evidencia Fotográfica Muestreo'!C2 -> Corresponde al atributo que indica la placa de la motocicleta a la que pertenece la evidencia fotográfica. | U7: Requerido | V7: Requerido / No Modificable | W7: No Requerido | X7: Filtro/Listar/Mostrar[Orden{2}/CriterioOrdenamiento{1, ASC}/BusquedaGeneral{SI}/Ordenador{SI}/Reordenamiento{NO} /PropiedadesMostrar{ motocicleta.matricula}]
A11: Combinaciones únicas
A12: Nombre combinación | B12: Descripción | C12: Atributos
A13: Angulo y matricula única | B13: ='Evidencia Fotográfica Muestreo'!D2 -> La evidencia fotográfica de la motocicleta no debe tener duplicidad en la combinación del tipo de evidencia fotográfica y la placa de la motocicleta | C13: =A6 -> anguloEvidencia
C14: =A7 -> motocicleta
A18: Responsabilidad | C18: Descripción | G18: Entradas | J18: Salida | N18: Políticas (Reglas de Negocio) | R18: Excepción
E19: Parámetro | F19: Tipo de dato | H19: Descripción | I19: Tipo de Dato | K19: Descripción | M19: Política | O19: Descripción | Q19: Detalle | S19: ¿Qué hago?
A20: Cargar evidencia fotográfica de la Motocicleta | C20: Permite cargar una nueva evidencia fotografía de una motocicleta | E20: Datos | F20: evidenciaFotografica | G20: Contiene información de los datos de la evidencia foto a registrar | M20: Evidencia Fotográfica POL-0002 | N20: Asegurar que los datos requeridos para llevar a cabo la acción sean válidos a nivel de tipo de dato, longitud, obligatoriedad, formato y rango. | Q20: Generar una excepción indicándole al usuario que hay problemas con los datos ingresados y de ser posible indicarle como solucionarlos | S20: Detener Operación
M21: Evidencia Fotográfica POL-0003 | N21: La evidencia fotográfica debe de estar previamente verificada | Q21: Generar una excepción indicando que la evidencia fotográfica no se puedo verificar correctamente | S21: Detener Operación
M22: Evidencia Fotográfica POL-0005 | N22: No puede existir otra evidencia fotográfica con el mismo identificador. | Q22: Generar un nuevo identificador hasta garantizar que no exista | S22: Continuar Operación
A23: Actualizar evidencia fotográfica de la Motocicleta | C23: Permite hacer cambios en la evidencia fotográfica de motocicleta | E23: id | F23: Alfanumérico | G23: Contiene el identificador de la evidencia Foto | M23: Evidencia Fotográfica POL-0002 | N23: Asegurar que los datos requeridos para llevar a cabo la acción sean válidos a nivel de tipo de dato, longitud, obligatoriedad, formato y rango. | Q23: Validar que todos los campos cumplan con las especificaciones requeridas antes de procesar la información | S23: Detener Operación
E24: Datos | F24: evidenciaFotografica | G24: Contiene información de los datos de la evidencia foto a modificar | M24: Evidencia Fotográfica POL-0003 | N24: La evidencia fotográfica debe de estar previamente verificada | Q24: Generar una excepción indicando que la evidencia fotográfica no se puedo verificar correctamente | S24: Detener Operación
A25: Consultar evidencia fotográfica de la Motocicleta | C25: Permite visualizar una evidencia fotográfica específica de una motocicleta | E25: Filtro | F25: Lista<evidenciaFotografica> | G25: Contiene información de los filtros que se enviaran como base para llevar a cabo la consulta | J25: Contiene información de la evidencia fotográfica específica de una motocicleta que cumple con el filtro | M25: Evidencia Fotográfica POL-0006 | N25: Asegurar que los datos que fueron enviados como filtro para llevar a cabo la acción sean válidos a nivel de tipo de dato, longitud, obligatoriedad, formato y rango. | Q25: Generar una excepción indicándole al usuario que hay problemas con los datos ingresados y de ser posible indicarle como solucionarlos | S25: Detener Operación
A27: Eliminar evidencia fotográfica de la Motocicleta | C27: Permite eliminar una evidencia fotográfica existente del sistema | E27: id | F27: Alfanumérico | G27: Contiene el identificador de la evidencia foto para eliminar | J27: Contiene información del servicio que cumple con el filtro | M27: Evidencia Fotográfica POL-0004 | N27: La evidencia fotográfica por eliminar no debe tener dependencias asociadas a la motocicleta | Q27: Generar una excepción indicando que la evidencia fotográfica no se puede eliminar porque está asociada a la motocicleta | S27: Detener Operación

Sheet Excepción Horario Muestreo
A2: Corresponde al identificador único que identifica cada excepción de horario en el sistema. | B2: Corresponde al horarioEstebleciemiento que indica el horario del establecimiento al que se le aplica la excepción. | C2: Corresponde al horarioEstablecimeinto que indica la fecha inicial de la excepción. | D2: Corresponde al atributo que indica la fecha final de la excepción. | E2: Corresponde al atributo que indica la hora inicial de la excepción. | F2: Corresponde al atributo que indica la hora final de la excepción. | G2: La excepción de horario no debe tener duplicidad en la combinación de fecha de inicio y hora de inicio. | H2: La excepción de horario no debe tener duplicidad en la combinación de fecha de fin y hora de fin
A3: id | B3: horarioSede | C3: fecahInicioExep | D3: fechaFinExep | E3: horaInicioExep | F3: horaFinExep | G3: Combinación única | H3: Combinación única
A4: 45526d94-b0c6-499f-9cf7-5328f7fc9a6a | B4: Baike universe - 01/01/2024 -06/12/2028 | C4: 45485 | D4: 45485 | E4: 12:00 a. m. | F4: 0.99930556 | G4: 07/12/2024 - 00:00:00 | H4: 07/12/2024 - 23:59:00
A5: f645fc7a-d0d5-4966-a676-00711aee8890 | B5: Baike universe - 01/01/2024 -06/12/2028 | C5: 45809 | D5: 45809 | E5: 12:00 a. m. | F5: 0.99930556 | G5: 06/01/2025 - 00:00:00 | H5: 06/01/2025 - 23:59:00
A6: 3a599380-8d29-4c20-b5b9-56b923d28cd4 | B6: Dos Ruedas - 01/01/2020 -05/16/2022 | C6: 23/12/2021 | D6: 44562 | E6: 12:00 p. m. | F6: 0.99930556 | G6: 23/12/2021 - 12:00:00 | H6: 01/01/2022 - 23:59:00
A7: e2001ba8-f6c8-40b1-aa67-3baace053203 | B7: Dos Ruedas - 01/01/2020 -05/16/2022 | C7: 44348 | D7: 44713 | E7: 12:00 a. m. | F7: 0.99930556 | G7: 06/01/2021 - 00:00:00 | H7: 06/01/2022 - 23:59:00

Sheet Excepción Horar Caracterización
A1: <-Volver al inicio
A2: Objeto de Dominio: | B2: ='Listado Objetos de Dominio'!$A$14 -> Excepción Horario
A3: Descripción: | B3: ='Listado Objetos de Dominio'!$B$14 -> Objeto de dominio que representa las excepciones o casos especiales en los horarios de atención.
A4: Atributo | B4: Tipo de Dato | C4: Longitud mínima | D4: Longitud máxima | E4: Precisión | F4: Rango Inicial | G4: Rango Final | H4: Formato | I4: Descripción Formato | J4: Valor por defecto | K4: Regla especial | L4: ¿Quitar espacios en blanco al inicio? | M4: ¿Quitar espacios en blanco al final? | N4: ¿Auto generado? | O4: ¿Calculado? | P4: ¿Obligatorio? | Q4: ¿Modificable? | R4: ¿Sensible? | S4: ¿Identifica al registro? | T4: Descripción | U4: =A21 -> Registrar Información de la Excepción de Horario | V4: =A26 -> Modificar Información de la Excepción Horario | W4: =A28 -> Eliminar Información de la Excepción Horario | X4: =A32 -> Consultar Información de la Excepción Horario | Y4: =#REF! -> #REF! | Z4: =#REF! -> #REF!
A5: ='Excepción Horario Muestreo'!A3 -> id | B5: Alfanumérico | C5: 36 | D5: 36 | H5: xxxxxxxx-xxxx-xxxx-xxxx-xxxxxxxxxxxx | I5: Donde cada x es cualquier carácter que puede ir de( 0-9, a-f) | L5: NO | M5: NO | N5: SI | O5: NO | P5: SI | Q5: NO | R5: NO | S5: SI | T5: ='Excepción Horario Muestreo'!A2 -> Corresponde al identificador único que identifica cada excepción de horario en el sistema. | U5: Requerido | V5: Requerido / No Modificable | W5: Requerido | X5: Filtro/Listar/ No Mostrar | Y5: Requerido / NO Modificable | Z5: Requerido / NO Modificable
A6: ='Excepción Horario Muestreo'!B3 -> horarioSede | B6: horario Establecimiento | L6: NO | M6: NO | N6: NO | O6: NO | P6: SI | Q6: SI | R6: NO | S6: NO | T6: ='Excepción Horario Muestreo'!B2 -> Corresponde al horarioEstebleciemiento que indica el horario del establecimiento al que se le aplica la excepción. | U6: Requerido | V6: Requerido / Modificable | W6: Requerido | X6: Filtro/Listar/Mostrar[Orden{1}/CriterioOrdenamiento{1, ASC}/BusquedaGeneral{SI}/Ordenador{SI}/Reordenamiento{NO} /PropiedadesMostrar{ horarioSede.nombre}] | Y6: Requerido / NO Modificable | Z6: Requerido / NO Modificable
A7: ='Excepción Horario Muestreo'!C3 -> fecahInicioExep | B7: Fecha | L7: NO | M7: NO | N7: NO | O7: NO | P7: SI | Q7: SI | R7: NO | S7: NO | T7: ='Excepción Horario Muestreo'!C2 -> Corresponde al horarioEstablecimeinto que indica la fecha inicial de la excepción. | U7: Requerido | V7: Requerido / Modificable | W7: Requerido | X7: Filtro/Listar/Mostrar[Orden{2}/BusquedaGeneral{SI}/Ordenador{NO}/Reordenamiento{NO} ] | Y7: Requerido / NO Modificable | Z7: Requerido / NO Modificable
A8: ='Excepción Horario Muestreo'!D3 -> fechaFinExep | B8: Fecha | L8: NO | M8: NO | N8: NO | O8: NO | P8: SI | Q8: SI | R8: NO | S8: NO | T8: ='Excepción Horario Muestreo'!D2 -> Corresponde al atributo que indica la fecha final de la excepción. | U8: Requerido | V8: Requerido / Modificable | W8: Requerido | X8: Filtro/Listar/Mostrar[Orden{3}/BusquedaGeneral{NO}/Ordenador{NO}/Reordenamiento{NO} ] | Y8: Requerido / NO Modificable | Z8: Requerido / NO Modificable
A9: ='Excepción Horario Muestreo'!E3 -> horaInicioExep | B9: Hora | L9: NO | M9: NO | N9: NO | O9: NO | P9: SI | Q9: SI | R9: NO | S9: NO | T9: ='Excepción Horario Muestreo'!E2 -> Corresponde al atributo que indica la hora inicial de la excepción. | U9: Requerido | V9: Requerido / Modificable | W9: Requerido | X9: Filtro/Listar/Mostrar[Orden{4}/BusquedaGeneral{NO}/Ordenador{NO}/Reordenamiento{NO} ] | Y9: Requerido / NO Modificable | Z9: Requerido / NO Modificable
A10: ='Excepción Horario Muestreo'!F3 -> horaFinExep | B10: Hora | L10: NO | M10: NO | N10: NO | O10: NO | P10: SI | Q10: SI | R10: NO | S10: NO | T10: ='Excepción Horario Muestreo'!F2 -> Corresponde al atributo que indica la hora final de la excepción. | U10: Requerido | V10: Requerido / Modificable | W10: Requerido | X10: Filtro/Listar/Mostrar[Orden{5}/BusquedaGeneral{NO}/Ordenador{NO}/Reordenamiento{NO} ] | Y10: Requerido / NO Modificable | Z10: Requerido / NO Modificable
A12: Combinaciones únicas
A13: Nombre combinación | B13: Descripción | C13: Atributos
A14: Fecha y hora de inicio únicos | B14: ='Excepción Horario Muestreo'!G2 -> La excepción de horario no debe tener duplicidad en la combinación de fecha de inicio y hora de inicio. | C14: =A7 -> fecahInicioExep
C15: =A9 -> horaInicioExep
A16: Fecha y hora de fin únicos | B16: ='Excepción Horario Muestreo'!H2 -> La excepción de horario no debe tener duplicidad en la combinación de fecha de fin y hora de fin | C16: =A8 -> fechaFinExep
C17: =A10 -> horaFinExep
A19: Responsabilidad | C19: Descripción | G19: Entradas | J19: Salida | N19: Políticas (Reglas de Negocio) | R19: Excepción
E20: Parámetro | F20: Tipo de dato | H20: Descripción | I20: Tipo de Dato | K20: Descripción | M20: Política | O20: Descripción | Q20: Detalle | S20: ¿Qué hago?
A21: Registrar Información de la Excepción de Horario | C21: Permite crear una nueva excepción en el horario regular | E21: datos | F21: excepcionHorario | G21: Contiene información requerida para llevar a cabo el registro de una nueva excepción del horario
M22: Excepción Horario POL- 0004 | N22: La excepción de horario debe ser programada con mínimo 24 horas de anticipación y no puede ser programada para una fecha que esté antes de la actual | Q22: Generar una excepción indicándole al usuario que hay problemas con los datos ingresados y de ser posible indicarle cómo solucionarlos | S22: Detener la operación
M23: Excepción Horario POL- 0003 | N23: La excepción debe estar dentro del horario regular | Q23: Generar una excepción indicándole al usuario que hay problemas con los datos ingresados y de ser posible indicarle cómo solucionarlos | S23: Detener la operación
M24: Excepción Horario POL- 0002 | N24: No debe existir una excepción horario con el mismo identificador. | Q24: Generar una excepción indicándole al usuario que hay problemas con los datos ingresados y de ser posible indicarle cómo solucionarlos | S24: Continuar la operación
M25: Excepción Horario POL- 0001 | N25: Asegurar que los datos requeridos para llevar a cabo la acción sean válidos a nivel de tipo de dato, longitud, obligatoriedad, formato y rango. | Q25: Generar una excepción indicándole al usuario que hay problemas con los datos ingresados y de ser posible indicarle cómo solucionarlos | S25: Detener la operación
A26: Modificar Información de la Excepción Horario | C26: Permite actualizar una excepción existente | E26: datos | F26: Excepción Horario | G26: Contiene información de los datos de la excepción horario a modificar | M26: Excepción Horario POL-0005 | N26: Solo se podrán modificar las excepciones de horario cuya fecha sea posterior a la fecha actual | Q26: Generar una excepción indicándole al usuario que hay problemas con los datos ingresados y de ser posible indicarle cómo solucionarlos | S26: Detener la operación
E27: id | F27: Alfanumérico | G27: Contiene el identificador de la excepción horario a modificar la información | M27: Excepción Horario POL-0001 | N27: Asegurar que los datos requeridos para llevar a cabo la acción sean válidos a nivel de tipo de dato, longitud, obligatoriedad, formato y rango. | Q27: Generar una excepción indicándole al usuario que hay problemas con los datos ingresados y de ser posible indicarle cómo solucionarlos | S27: Detener la operación
A28: Eliminar Información de la Excepción Horario | C28: Permite eliminar una excepción de horario | E28: id | F28: Alfanumérico | G28: Contiene el identificador de la excepción horario a eliminarle la información
M29: Excepción Horario POL-0006 | N29: Asegurar que la excepción horario no esté vinculada a una sede | P29: Detener la operación | Q29: Generar una excepción indicándole al usuario que hay problemas con los datos ingresados y de ser posible indicarle cómo solucionarlos | S29: Detener la operación
M30: Excepción Horario POL-0001 | N30: Asegurar que los datos requeridos para llevar a cabo la acción sean válidos a nivel de tipo de dato, longitud, obligatoriedad, formato y rango. | Q30: Generar una excepción indicándole al usuario que hay problemas con los datos ingresados y de ser posible indicarle cómo solucionarlos | S30: Detener la operación
A32: Consultar Información de la Excepción Horario | C32: Permite ver las excepciones programadas | E32: filtro | F32: Lista<excepción horario> | G32: Contiene información de los filtros que se enviaran como base para llevar a cabo la consulta | I32: Lista<excepción horario> | J32: Contiene información del Excepción Horario que cumple con el filtro | M32: Excepción Horario POL - 0007 | N32: Asegurar que los datos que fueron enviados como filtro para llevar a cabo la acción sean válidos a nivel de tipo de dato, longitud, obligatoriedad, formato y rango. | Q32: Generar una excepción indicándole al usuario que hay problemas con los datos ingresados y de ser posible indicarle cómo solucionarlos | S32: Detener la operación
A34: Activar La Excepción Horario | C34: Permite activar una excepción de horario | E34: id | F34: Alfanumérico | G34: Contiene el identificador de la excepción horario para activar | M34: Excepción Horario POL - 0001 | N34: Asegurar que los datos requeridos para llevar a cabo la acción sean válidos a nivel de tipo de dato, longitud, obligatoriedad, formato y rango. | Q34: Generar una excepción indicándole al usuario que hay problemas con los datos ingresados y de ser posible indicarle cómo solucionarlos | S34: Detener la operación
M35: Excepción Horario POL - 0008 | N35: la excepción horario debe estar previamente desactivado | Q35: Generar una excepción indicándole al usuario que hay problemas con los datos ingresados y de ser posible indicarle como solucionarlos | S35: Detener la operación
A37: Desactivar la Excepción Horario | C37: Permite desactivar una excepción de horario | E37: id | F37: Alfanumérico | G37: Contiene el identificador de la excepción horario para desactivar | M37: Excepción Horario POL - 0001 | N37: Asegurar que los datos requeridos para llevar a cabo la acción sean válidos a nivel de tipo de dato, longitud, obligatoriedad, formato y rango. | Q37: Generar una excepción indicándole al usuario que hay problemas con los datos ingresados y de ser posible indicarle cómo solucionarlos | S37: Detener la operación
M38: Excepción Horario POL - 0009 | N38: la excepción horario debe estar previamente activado | Q38: Generar una excepción indicándole al usuario que hay problemas con los datos ingresados y de ser posible indicarle como solucionarlos | S38: Detener la operación

Sheet Franquicia Muestreo
A2: Corresponde al identificador único que identifica cada franquicia | B2: Corresponde al atributo que indica el nombre comercial de la franquicia | C2: La franquicia no debe tener duplicidad en su nombre
A3: id | B3: nombre | C3: Combinación única
A4: b9c4e9f8-8f3b-4c2a-bb1d-7c8f8b2f1a5e | B4: Baike universe | C4: =B4 -> Baike universe
A5: d7c1e0a3-5f6e-4a4a-bb3b-e1f8d2b9c6a1 | B5: Baike universe | C5: =B5 -> Baike universe
A6: a3d5e7c2-1d0f-4c9f-ae6e-5b6a8c0e9d3b | B6: Dos Ruedas | C6: =B6 -> Dos Ruedas
A7: f8e6c1a4-3ad6-4a5f-bf0d-2b4e0c5d7a2f | B7: MotoLand | C7: =B7 -> MotoLand
A8: a3d5e7c2-1d0f-4c9f-ae6e-5b6a8c0e9d3b | B8: Todo Motos | C8: =B8 -> Todo Motos

Sheet Franquicia Caracterizació
A1: <-Volver al inicio
A2: Objeto de Dominio: | B2: ='Listado Objetos de Dominio'!$A$10 -> Franquicia
A3: Descripción: | B3: ='Listado Objetos de Dominio'!$B$10 -> Objeto de dominio que representa el nombre comercial de la franquicia que ofrece servicios para motocicletas.
A4: Atributo | B4: Tipo de Dato | C4: Longitud mínima | D4: Longitud máxima | E4: Precisión | F4: Rango Inicial | G4: Rango Final | H4: Formato | I4: Descripción Formato | J4: Valor por defecto | K4: Regla especial | L4: ¿Quitar espacios en blanco al inicio? | M4: ¿Quitar espacios en blanco al final? | N4: ¿Auto generado? | O4: ¿Calculado? | P4: ¿Obligatorio? | Q4: ¿Modificable? | R4: ¿Sensible? | S4: ¿Identifica al registro? | T4: Descripción | U4: =A20 -> Registrar Información de la Franquicia | V4: =A23 -> Modificar Información de la Franquicia | W4: =A26 -> Eliminar Información de la Franquicia | X4: =A30 -> Consultar Información de la Franquicia
A5: ='Franquicia Muestreo'!A3 -> id | B5: Alfanumérico | C5: 36 | D5: 36 | H5: xxxxxxxx-xxxx-xxxx-xxxx-xxxxxxxxxxxx | I5: Donde cada x es cualquier carácter que puede ir de( 0-9, a-f) | L5: NO | M5: NO | N5: SI | O5: NO | P5: SI | Q5: NO | R5: NO | S5: SI | T5: ='Franquicia Muestreo'!A2 -> Corresponde al identificador único que identifica cada franquicia | U5: Requerido | V5: Requerido / No Modificable | W5: Requerido | X5: Filtro/Listar/No Mostrar
A6: ='Franquicia Muestreo'!B3 -> nombre | B6: Alfanumérico | C6: 1 | D6: 100 | H6: x | I6: Donde x puede ser una cadena que incluye caracteres alfanuméricos, espacios ( ), letras mayúsculas (A-Z), minúsculas (a-z) y tildes (á, é, í, ó, ú) | L6: SI | M6: SI | N6: NO | O6: NO | P6: SI | Q6: SI | R6: NO | S6: NO | T6: ='Franquicia Muestreo'!B2 -> Corresponde al atributo que indica el nombre comercial de la franquicia | U6: Requerido | V6: Requerido / No Modificable | W6: No Requerido | X6: Filtro/Listar/Mostrar[Orden{1}/CriterioOrdenamiento{1, ASC}/BusquedaGeneral{SI}/Ordenador{SI}/Reordenamiento{NO} ]
A9: Combinaciones únicas
A10: Nombre combinación | B10: Descripción | C10: Atributos
A11: nombre franquicia | B11: ='Franquicia Muestreo'!C2 -> La franquicia no debe tener duplicidad en su nombre | C11: =A6 -> nombre
A18: Responsabilidad | C18: Descripción | G18: Entradas | J18: Salida | N18: Políticas (Reglas de Negocio) | R18: Excepción
E19: Parámetro | F19: Tipo de dato | H19: Descripción | I19: Tipo de Dato | K19: Descripción | M19: Política | O19: Descripción | Q19: Detalle | S19: ¿Qué hago?
A20: Registrar Información de la Franquicia | C20: Permite crear un nuevo Franquicia en el sistema | E20: datos | F20: franquicia | G20: Contiene información requerida para llevar a cabo el registro de una nueva franquicia | M20: Franquicia-POL-001 | N20: Asegurar que los datos requeridos para llevar a cabo la acción sean válidos a nivel de tipo de dato, longitud, obligatoriedad, formato y rango. | Q20: Generar una excepción indicándole al usuario que hay problemas con los datos ingresados y de ser posible indicarle como solucionarlos | S20: Detener la operación
M21: Franquicia- POL-0002 | N21: No debe existir una franquicia previamente registrada con el mismo nombre. | Q21: Generar una excepción indicándole al usuario que hay problemas con los datos ingresados y de ser posible indicarle como solucionarlos | S21: Detener la operación
M22: Franquicia- POL-0003 | N22: No puede existir otra franquicia con el mismo identificador. | Q22: Generar un nuevo identificador hasta garantizar que no exista | S22: Continuar la operación
A23: Modificar Información de la Franquicia | C23: Permite modificar la información del Franquicia | E23: datos | F23: franquicia | G23: Contiene información de los datos de la franquicia a modificar | M23: Franquicia POL-0001 | N23: Asegurar que los datos requeridos para llevar a cabo la acción sean válidos a nivel de tipo de dato, longitud, obligatoriedad, formato y rango. | Q23: Validar que todos los campos cumplan con las especificaciones requeridas antes de procesar la información | S23: Detener la operación
E24: id | F24: Alfanumérico | G24: Contiene el identificador de la franquicia a modificar la información
A26: Eliminar Información de la Franquicia | C26: Permite dar de baja a un Franquicia | E26: id | F26: Alfanumérico | G26: Contiene el identificador de la franquicia a eliminar
M27: Franquicia- POL-0004 | N27: La Franquicia a eliminar no debe de tener sedes asociadas | P27: Detener la operación | Q27: Generar una excepción indicando al Representante Sede que el representante sede está vinculado a una sede | S27: Detener la operación
A30: Consultar Información de la Franquicia | C30: Permite ver la información del Franquicia y sus sedes | E30: filtro | F30: Lista<franquicia> | G30: Contiene información de los filtros que se enviaran como base para llevar a cabo la consulta | I30: Lista<franquicia> | J30: Contiene información del representante sede que cumple con el filtro | M30: Franquicia POL - 0005 | N30: Asegurar que los datos que fueron enviados como filtro para llevar a cabo la acción sean válidos a nivel de tipo de dato, longitud, obligatoriedad, formato y rango. | Q30: Generar una excepción indicándole al Representante Sede que hay problemas con los datos ingresados y de ser posible indicarle cómo solucionarlos | S30: Detener la operación

Sheet Horario Sede Muestreo
A2: Corresponde al identificador único que identifica cada horario de la sede en el sistema. | B2: Corresponde a la sede que le pertenece el horario. | C2: Corresponde al atributo que indica la fecha inicial de vigencia del horario de la sede. | D2: Corresponde al atributo que indica la fecha final de vigencia del horario de la sede. | E2: Corresponde al atributo que indica si el horario del sede está vigente. | F2: El horario sede no debe tener duplicidad en la combinación del nombre de la sede con su fecha de inicio y fecha fin de vigencia.
A3: id | B3: sede | C3: fecahInicio | D3: fechaFin | E3: vigencia | F3: Combinación única
A4: 5290f01b-cfcb-4db2-8750-1f1a0064defb | B4: Sede A - Baike universe | C4: 45292 | D4: 46916 | E4: SI | F4: Sede A - Baike universe - 01/01/2024 -06/12/2028
A5: 61f99aad-8e7e-47d7-8434-7f72f6101b0c | B5: Sede A - Dos Ruedas | C5: 43831 | D5: 44697 | E5: NO | F5: Sede A - Dos Ruedas - 01/01/2020 -05/16/2022
A12: `

Sheet Horario Sede Caracterización
A1: <-Volver al inicio
A2: Objeto de Dominio: | B2: ='Listado Objetos de Dominio'!$A$16 -> Horario Sede
A3: Descripción: | B3: ='Listado Objetos de Dominio'!$B$16 -> Objeto de dominio que representa los horarios generales de operación de cada una de las sedes
A4: Atributo | B4: Tipo de Dato | C4: Longitud mínima | D4: Longitud máxima | E4: Precisión | F4: Rango Inicial | G4: Rango Final | H4: Formato | I4: Descripción Formato | J4: Valor por defecto | K4: Regla especial | L4: ¿Quitar espacios en blanco al inicio? | M4: ¿Quitar espacios en blanco al final? | N4: ¿Auto generado? | O4: ¿Calculado? | P4: ¿Obligatorio? | Q4: ¿Modificable? | R4: ¿Sensible? | S4: ¿Identifica al registro? | T4: Descripción | U4: =A20 -> Registrar Información del Horario Sede | V4: =A25 -> Modificar Información del Horario Sede | W4: =A29 -> Eliminar Información del Horario Sede | X4: =A33 -> Consultar Información del Horario Sede | Y4: =A35 -> Activar el Horario Sede | Z4: =A38 -> Desactivar el Horario Sede
A5: ='Horario Sede Muestreo'!A3 -> id | B5: Alfanumérico | C5: 36 | D5: 36 | H5: xxxxxxxx-xxxx-xxxx-xxxx-xxxxxxxxxxxx | I5: Donde cada x es cualquier carácter que puede ir de( 0-9, a-f) | L5: NO | M5: NO | N5: SI | O5: NO | P5: SI | Q5: NO | R5: NO | S5: SI | T5: ='Horario Sede Muestreo'!A2 -> Corresponde al identificador único que identifica cada horario de la sede en el sistema. | U5: Requerido | V5: Requerido / No modificable | W5: Requerido | X5: Filtro/Listar/ No Mostrar | Y5: Requerido | Z5: Requerido
A6: ='Horario Sede Muestreo'!B3 -> sede | B6: sede | L6: NO | M6: NO | N6: NO | O6: NO | P6: SI | Q6: SI | R6: NO | S6: NO | T6: ='Horario Sede Muestreo'!B2 -> Corresponde a la sede que le pertenece el horario. | U6: Requerido | V6: Requerido / modificable | W6: No Requerido | X6: Filtro/Listar/Mostrar[Orden{1}/CriterioOrdenamiento{1, ASC}/BusquedaGeneral{SI}/Ordenador{SI}/Reordenamiento{NO} /PropiedadesMostrar{ horarioSede.nombre}] | Y6: No Requerido | Z6: No Requerido
A7: ='Horario Sede Muestreo'!C3 -> fecahInicio | B7: Fecha | L7: NO | M7: NO | N7: NO | O7: NO | P7: SI | Q7: SI | R7: NO | S7: NO | T7: ='Horario Sede Muestreo'!C2 -> Corresponde al atributo que indica la fecha inicial de vigencia del horario de la sede. | U7: Requerido | V7: Requerido / modificable | W7: No Requerido | X7: Filtro/Listar/Mostrar[Orden{2}/BusquedaGeneral{NO}/Ordenador{NO}/Reordenamiento{NO} ] | Y7: No Requerido | Z7: No Requerido
A8: ='Horario Sede Muestreo'!D3 -> fechaFin | B8: Fecha | L8: NO | M8: NO | N8: NO | O8: NO | P8: SI | Q8: SI | R8: NO | S8: NO | T8: ='Horario Sede Muestreo'!D2 -> Corresponde al atributo que indica la fecha final de vigencia del horario de la sede. | U8: Requerido | V8: Requerido / modificable | W8: No Requerido | X8: Filtro/Listar/Mostrar[Orden{3}/BusquedaGeneral{NO}/Ordenador{NO}/Reordenamiento{NO} ] | Y8: No Requerido | Z8: No Requerido
A9: ='Horario Sede Muestreo'!E3 -> vigencia | B9: Booleano | L9: NO | M9: NO | N9: NO | O9: NO | P9: SI | Q9: SI | R9: NO | S9: NO | T9: ='Horario Sede Muestreo'!E2 -> Corresponde al atributo que indica si el horario del sede está vigente. | U9: Requerido | V9: Requerido / modificable | W9: No Requerido | X9: Filtro/Listar/Mostrar[Orden{4}/BusquedaGeneral{NO}/Ordenador{NO}/Reordenamiento{NO} ] | Y9: No Requerido | Z9: No Requerido
A11: Combinaciones únicas
A12: Nombre combinación | B12: Descripción | C12: Atributos
A13: sede con fecha de inicio y de fin único | B13: ='Horario Sede Muestreo'!F2 -> El horario sede no debe tener duplicidad en la combinación del nombre de la sede con su fecha de inicio y fecha fin de vigencia. | C13: =A6 -> sede
C14: =A7 -> fecahInicio
C15: =A8 -> fechaFin
A18: Responsabilidad | C18: Descripción | G18: Entradas | J18: Salida | N18: Políticas (Reglas de Negocio) | R18: Excepción
E19: Parámetro | F19: Tipo de dato | H19: Descripción | I19: Tipo de Dato | K19: Descripción | M19: Política | O19: Descripción | Q19: Detalle | S19: ¿Qué hago?
A20: Registrar Información del Horario Sede | C20: Registrar Información del Horario Sede | E20: datos | F20: horarioSede | G20: Contiene información requerida para llevar a cabo el registro del nuevo horario de una sede | M20: Horario Sede POL-0004 | N20: La sede debe estar previamente registrada | Q20: Generar una excepción indicándole al usuario que hay problemas con los datos ingresados y de ser posible indicarle como solucionarlos | S20: Detener la operación
M21: Horario Sede POL-0003 | N21: Los horarios de una misma sede no se debe de solapar entre sí | Q21: Generar una excepción indicándole al usuario que hay problemas con los datos ingresados y de ser posible indicarle como solucionarlos | S21: Detener la operación
M22: Horario Sede POL-0001 | N22: Asegurar que los datos requeridos para llevar a cabo la acción sean válidos a nivel de tipo de dato, longitud, obligatoriedad, formato y rango. | Q22: Generar una excepción indicándole al usuario que hay problemas con los datos ingresados y de ser posible indicarle como solucionarlos | S22: Detener la operación
M23: Horario Sede POL-0002 | N23: No debe haber horarios repetidos para una misma sede | Q23: Generar una excepción indicándole al usuario que hay problemas con los datos ingresados y de ser posible indicarle como solucionarlos | S23: Detener la operación
M24: Horario Sede POL-0005 | N24: No debe haber horarios registrados con el mismo identificador | Q24: Generar un nuevo identificador hasta garantizar que no exista | S24: Continuar la operación
A25: Modificar Información del Horario Sede | C25: Modificar Información del Horario Sede | E25: datos | F25: horarioSede | G25: Contiene información de los datos del horario sede a modificar | M25: Horario Sede POL-0001 | N25: Asegurar que los datos requeridos para llevar a cabo la acción sean válidos a nivel de tipo de dato, longitud, obligatoriedad, formato y rango. | Q25: Validar que todos los campos cumplan con las especificaciones requeridas antes de procesar la información | S25: Detener la operación
E26: id | F26: Alfanumérico | G26: Contiene el identificador del horario sede a modificar la información | M26: Horario Sede POL-0003 | N26: Los horarios no se deben de solapar | Q26: Generar una excepción indicándole al usuario que hay problemas con los datos ingresados y de ser posible indicarle como solucionarlos | S26: Detener la operación
M27: Horario Sede POL-0006 | N27: Debe haber un horario Sede previamente asociado | Q27: Generar una excepción indicándole al usuario que hay problemas con los datos ingresados y de ser posible indicarle como solucionarlos | S27: Detener la operación
A29: Eliminar Información del Horario Sede | C29: Eliminar Información del Horario Sede | E29: id | F29: Alfanumérico | G29: Contiene el identificador del horario sede a eliminar | M29: Horario Sede POL- 0008 | N29: El horario Sede debe estar desactivado | Q29: Generar una excepción indicándole al usuario que hay problemas con los datos ingresados y de ser posible indicarle como solucionarlos
M30: Horario Sede POL-0009 | N30: El horario sede a eliminar no debe de estar vinculado a una sede | P30: Detener la operación | Q30: Generar una excepción indicándole al usuario que hay problemas con los datos ingresados y de ser posible indicarle cómo solucionarlos | S30: Detener la operación
M31: Horario Sede POL-0001 | N31: Asegurar que los datos requeridos para llevar a cabo la acción sean válidos a nivel de tipo de dato, longitud, obligatoriedad, formato y rango. | Q31: Generar una excepción indicándole al usuario que hay problemas con los datos ingresados y de ser posible indicarle cómo solucionarlos | S31: Detener la operación
A33: Consultar Información del Horario Sede | C33: Consultar Información del Horario Sede | E33: filtro | F33: Lista<horarioSede> | G33: Contiene información de los filtros que se enviaran como base para llevar a cabo la consulta | I33: Lista<horarioSede> | J33: Contiene información del horario sede que cumple con el filtro | M33: Horario Sede POL - 0007 | N33: Asegurar que los datos que fueron enviados como filtro para llevar a cabo la acción sean válidos a nivel de tipo de dato, longitud, obligatoriedad, formato y rango. | Q33: Asegurar que los datos que fueron enviados como filtro para llevar a cabo la acción sean válidos a nivel de tipo de dato, longitud, obligatoriedad, formato y rango. | S33: Detener la operación
A35: Activar el Horario Sede | C35: Activar el Horario Sede | E35: id | F35: Alfanumérico | G35: Contiene el identificador de la horario Sede para activar | M35: Horario Sede POL- 0001 | N35: Asegurar que los datos requeridos para llevar a cabo la acción sean válidos a nivel de tipo de dato, longitud, obligatoriedad, formato y rango. | Q35: Generar una excepción indicándole al usuario que hay problemas con los datos ingresados y de ser posible indicarle cómo solucionarlos | S35: Detener la operación
M36: Horario Sede POL- 0008 | N36: El horario Sede debe estar previamente desactivado | Q36: Generar una excepción indicándole al usuario que hay problemas con los datos ingresados y de ser posible indicarle como solucionarlos | S36: Detener la operación
A38: Desactivar el Horario Sede | C38: Desactivar el Horario Sede | E38: id | F38: Alfanumérico | G38: Contiene el identificador de la horario Sede para desactivar | M38: Horario Sede POL- 0001 | N38: Asegurar que los datos requeridos para llevar a cabo la acción sean válidos a nivel de tipo de dato, longitud, obligatoriedad, formato y rango. | Q38: Generar una excepción indicándole al usuario que hay problemas con los datos ingresados y de ser posible indicarle cómo solucionarlos | S38: Detener la operación
M39: Horario Sede POL- 0011 | N39: El horario Sede debe estar previamente activado | Q39: Generar una excepción indicándole al usuario que hay problemas con los datos ingresados y de ser posible indicarle como solucionarlos | S39: Detener la operación

Sheet Imagen Muestreo 
A2: Corresponde al identificador único que representa cada imagen asociada a una motocicleta en el sistema. | B2: Corresponde al identificador de la evidencia fotografica a la que pertenece la imagen. | C2: Corresponde al atributo que contiene la url de la imagen de la motocicleta. | D2: El detalle de la imagen y su perspectiva no debe tener duplicidad en el registro fotográfico de una misma vista de la motocicleta.
A3: id | B3: evidencia_Fotografica | C3: urlimagen | D3: Combinación única
A4: 9d75c46b-dadf-4374-a547-28aef3bd6abc | B4: ='Evidencia Fotográfica Muestreo'!D4 -> Frontal - MRC35E | C4: urlImagen1 | D4: =B4 -> Frontal - MRC35E
A5: 34900b56-8183-4321-8dad-bf471c3a240a | B5: ='Evidencia Fotográfica Muestreo'!D5 -> Lateral - MRC35E | C5: urlImagen2 | D5: =B5 -> Lateral - MRC35E
A6: 47f10a7e-ef9d-4b0f-85bf-20e65465c63c | B6: ='Evidencia Fotográfica Muestreo'!D6 -> Trasera - MRC35E | C6: urlImagen3 | D6: =B6 -> Trasera - MRC35E
A7: f94eb825-070e-4027-a680-3a56e171c50b | B7: ='Evidencia Fotográfica Muestreo'!D7 -> Frontal - AXA66N | C7: urlImagen4 | D7: =B7 -> Frontal - AXA66N

Sheet Imagen  Caracterización
A1: <-Volver al inicio
A2: Objeto de Dominio: | B2: ='Listado Objetos de Dominio'!$A$17 -> Imagen
A3: Descripción: | B3: ='Listado Objetos de Dominio'!$B$17 -> Objeto de dominio que representa los recursos visuales asociados a motocicletas
A4: Atributo | B4: Tipo de Dato | C4: Longitud mínima | D4: Longitud máxima | E4: Precisión | F4: Rango Inicial | G4: Rango Final | H4: Formato | I4: Descripción Formato | J4: Valor por defecto | K4: Regla especial | L4: ¿Quitar espacios en blanco al inicio? | M4: ¿Quitar espacios en blanco al final? | N4: ¿Auto generado? | O4: ¿Calculado? | P4: ¿Obligatorio? | Q4: ¿Modificable? | R4: ¿Sensible? | S4: ¿Identifica al registro? | T4: Descripción | U4: =A18 -> Agregar la imagen de la Motocicleta | V4: =A22 -> Actualizar la Imagen de la Motocicleta | W4: =A25 -> Consultar la Imagen de la Motocicleta | X4: =A27 -> Eliminar la Imagen de la Motocicleta
A5: ='Imagen Muestreo '!A3 -> id | B5: Alfanumérico | C5: 36 | D5: 36 | H5: xxxxxxxx-xxxx-xxxx-xxxx-xxxxxxxxxxxx | I5: Donde cada x es cualquier carácter que puede ir de( 0-9, a-f) | L5: NO | M5: NO | N5: SI | O5: NO | P5: SI | Q5: NO | R5: NO | S5: SI | T5: ='Imagen Muestreo '!A2 -> Corresponde al identificador único que representa cada imagen asociada a una motocicleta en el sistema. | U5: Requerido | V5: Requerido / No Modificable | W5: Filtro/Listar/ No Mostrar | X5: Requerido
A6: ='Imagen Muestreo '!B3 -> evidencia_Fotografica | B6: evidencia fotográfica | L6: NO | M6: NO | N6: NO | O6: NO | P6: SI | Q6: NO | R6: NO | S6: NO | T6: ='Imagen Muestreo '!B2 -> Corresponde al identificador de la evidencia fotografica a la que pertenece la imagen. | U6: Requerido | V6: Requerido / No Modificable | W6: Filtro/Listar/Mostrar[Orden{1}/BusquedaGeneral{SI}/Ordenador{SI}/Reordenamiento{NO} | X6: No Requerido
A7: ='Imagen Muestreo '!C3 -> urlimagen | B7: Alfanumérico | C7: 1 | D7: 500 | H7: x | I7: Donde x puede ser una cadena que incluye caracteres alfanuméricos, letras mayúsculas (A-Z), minúsculas (a-z) y tildes (á, é, í, ó, ú) | L7: SI | M7: SI | N7: NO | O7: NO | P7: SI | Q7: SI | R7: NO | S7: NO | T7: ='Imagen Muestreo '!D2 -> El detalle de la imagen y su perspectiva no debe tener duplicidad en el registro fotográfico de una misma vista de la motocicleta. | U7: Requerido | V7: Requerido / Modificable | W7: Filtro/Listar/Mostrar[Orden{1}/BusquedaGeneral{SI}/Ordenador{SI}/Reordenamiento{NO} | X7: No Requerido
A10: Combinaciones únicas
A11: Nombre combinación | B11: Descripción | C11: Atributos
A12: Perspectiva de imagen única | B12: ='Imagen Muestreo '!D2 -> El detalle de la imagen y su perspectiva no debe tener duplicidad en el registro fotográfico de una misma vista de la motocicleta. | C12: =A6 -> evidencia_Fotografica
A16: Responsabilidad | C16: Descripción | G16: Entradas | J16: Salida | N16: Políticas (Reglas de Negocio) | R16: Excepción
E17: Parámetro | F17: Tipo de dato | H17: Descripción | I17: Tipo de Dato | K17: Descripción | M17: Política | O17: Descripción | Q17: Detalle | S17: ¿Qué hago?
A18: Agregar la imagen de la Motocicleta | C18: Permite añadir una nueva imagen de una motocicleta | E18: urlimagen | F18: Alfanumérico | G18: Contiene la url de la imagen de la motocicleta a agregar | M18: Imagen POL - 0001 | N18: Asegurar que los datos requeridos para llevar a cabo la acción sean válidos a nivel de tipo de dato, longitud, obligatoriedad, formato y rango. | Q18: Generar una excepción indicándole al usuario que hay problemas con los datos ingresados y de ser posible indicarle cómo solucionarlos | S18: Detener la operación
M19: Imagen POL - 0002 | N19: La imagen debe cumplir con un formato permitido | Q19: Generar una excepción indicando al usuario que la imagen no tiene el formato requerido | S19: Detener la operación
M20: Imagen POL - 0003 | N20: La imagen no debe exceder un tamaño máximo definido | Q20: Generar una excepción indicando al usuario que la imagen no cumple con el tamano requerido | S20: Detener la operación
M21: Imagen POL - 0004 | N21: No puede existir otra Imagen con el mismo identificador. | Q21: Generar un nuevo identificador hasta garantizar que no exista | S21: Continuar la operación
A22: Actualizar la Imagen de la Motocicleta | C22: Permite actualizar una Imagen de motocicleta | E22: id | F22: Alfanumérico | G22: Contiene el identificador de la url de la imagen para actualizar | M22: Imagen POL - 0001 | N22: Asegurar que los datos requeridos para llevar a cabo la acción sean válidos a nivel de tipo de dato, longitud, obligatoriedad, formato y rango. | Q22: Generar una excepción indicándole al usuario que hay problemas con los datos ingresados y de ser posible indicarle cómo solucionarlos | S22: Detener la operación
E23: datos | F23: Imagen | G23: Contiene la url de la imagen para actualizar
A25: Consultar la Imagen de la Motocicleta | C25: Permite visualizar una Imagen específica de una motocicleta | E25: filtro | F25: Lista<imagen> | G25: Contiene información de los filtros que se enviaran como base para llevar a cabo la consulta | I25: Lista<imagen> | J25: Contiene información de la url de la imagen que cumple con el filtro | M25: Imagen POL - 0005 | N25: Asegurar que los datos requeridos para llevar a cabo la acción sean válidos a nivel de tipo de dato, longitud, obligatoriedad, formato y rango. | P25: Detener la operación | Q25: Generar una excepción indicándole al usuario que hay problemas con los datos ingresados y de ser posible indicarle cómo solucionarlos | S25: Detener la operación
A27: Eliminar la Imagen de la Motocicleta | C27: Permite eliminar una Imagen existente del sistema | E27: id | F27: Alfanumérico | G27: Contiene el identificador de la url de la imagen a eliminar | M27: Imagen POL - 0001 | N27: Asegurar que los datos que fueron enviados como filtro para llevar a cabo la acción sean válidos a nivel de tipo de dato, longitud, obligatoriedad, formato y rango. | Q27: Generar una excepción indicándole al usuario que hay problemas con los datos ingresados y de ser posible indicarle cómo solucionarlos | S27: Detener la operación

Sheet Linea Muestreo
A2: Corresponde al identificador único que va a permitir diferenciar cada una de las líneas de motocicletas en el sistema | B2: Corresponde al atributo que da a conocer las líneas que manejan las marcas de motocicleta que la identifica dentro del catálogo del fabricante. | C2: Corresponde a la marca que relaciona la línea con el fabricante de la motocicleta | D2: El nombre de la línea no debe estar duplicado | E2: El nombre de la línea no se debe de repetir dentro de la marca ni fuera de la marca
A3: id | B3: nombre | C3: marca | D3: Combinación única | E3: Combinación única
A4: 51f36e6d-904d-49d4-958b-074d134a40c5 | B4: Boxer | C4: Bajaj | D4: Boxer | E4: Boxer Bajaj
A5: 3c5fb5ab-c8a1-40ac-bfd2-c34dc5dadd62 | B5: Pulsar | C5: Bajaj | D5: Pulsar | E5: Pulsar Bajaj
A6: dd2cf3d4-9df7-4656-ba06-42c052cceaef | B6: XR | C6: Honda | D6: XR | E6: XR Honda
A7: 7c81b48c-5547-4ada-95b9-5b829b7cadf1 | B7: XRE | C7: Honda | D7: XRE | E7: XRE Honda
A8: 86ed717d-8489-4860-80c7-e4f9f24c1e08 | B8: CB | C8: Honda | D8: CB | E8: CB Honda
A9: 29618b5d-4716-4c09-b8e9-cd1f196e8ec4 | B9: FZ | C9: Yamaha | D9: FZ | E9: FZ Yamaha
A10: b08af03b-7556-45a6-9caa-eae411cd0702 | B10: XTZ | C10: Yamaha | D10: XTZ | E10: XTZ Yamaha
A11: 375e0b5f-951a-4037-9eda-c9de98dc84da | B11: MT | C11: Yamaha | D11: MT | E11: MT Yamaha

Sheet Linea Caracterización
A1: <-Volver al inicio
A2: Objeto de Dominio: | B2: ='Listado Objetos de Dominio'!A18 -> Línea
A3: Descripción: | B3: ='Listado Objetos de Dominio'!B18 -> Objeto de dominio que representa la familia o serie específica de motocicletas dentro de una marca.
A4: Atributo | B4: Tipo de Dato | C4: Longitud mínima | D4: Longitud máxima | E4: Precisión | F4: Rango Inicial | G4: Rango Final | H4: Formato | I4: Descripción Formato | J4: Valor por defecto | K4: Regla especial | L4: ¿Quitar espacios en blanco al inicio? | M4: ¿Quitar espacios en blanco al final? | N4: ¿Auto generado? | O4: ¿Calculado? | P4: ¿Obligatorio? | Q4: ¿Sensible? | R4: ¿Identifica al registro? | S4: Descripción | T4: =A32 -> Crear la línea de una Marca de Motocicleta | U4: =A31 -> Consultar Información de las Líneas de una marca de motocicletas
A5: ='Linea Muestreo'!A3 -> id | B5: Alfanumérico | C5: 32 | D5: 32 | H5: xxxxxxxx-xxxx-xxxx-xxxx-xxxxxxxxxxxx | I5: Donde cada x es cualquier carácter que puede ir de( 0-9, a-f) | L5: NO | M5: NO | N5: SI | O5: NO | P5: SI | Q5: NO | R5: SI | S5: ='Linea Muestreo'!A2 -> Corresponde al identificador único que va a permitir diferenciar cada una de las líneas de motocicletas en el sistema | T5: Requerido | U5: Filtro/Listar/No Mostrar
A6: ='Linea Muestreo'!B3 -> nombre | B6: Alfanumérico | C6: 1 | D6: 40 | H6: x | I6: Donde x puede ser una cadena que incluye caracteres alfanuméricos, espacios ( ), letras mayúsculas (A-Z), minúsculas (a-z) y tildes (á, é, í, ó, ú) | L6: NO | M6: NO | N6: NO | O6: NO | P6: SI | Q6: NO | R6: NO | S6: ='Linea Muestreo'!B2 -> Corresponde al atributo que da a conocer las líneas que manejan las marcas de motocicleta que la identifica dentro del catálogo del fabricante. | T6: Requerido | U6: Filtro/Listar/Mostrar[Orden{1}/CriterioOrdenamiento{1, ASC}/BusquedaGeneral{SI}/Ordenador{SI}/Reordenamiento{NO}]
A7: ='Linea Muestreo'!C3 -> marca | B7: marca | L7: NO | M7: NO | N7: NO | O7: NO | P7: SI | Q7: NO | R7: NO | S7: ='Linea Muestreo'!C2 -> Corresponde a la marca que relaciona la línea con el fabricante de la motocicleta | T7: Requerido | U7: Filtro/Listar/Mostrar[Orden{2}/CriterioOrdenamiento{1, ASC}/BusquedaGeneral{SI}/Ordenador{SI}/Reordenamiento{NO} /PropiedadesMostrar{ marca.nombre}]
A12: Combinaciones únicas
A13: Nombre combinación | B13: Descripción | C13: Atributos
A14: Nombre de línea único | B14: ='Linea Muestreo'!D2 -> El nombre de la línea no debe estar duplicado | C14: =A6 -> nombre
A15: Nombre de línea y marca único | B15: ='Linea Muestreo'!E2 -> El nombre de la línea no se debe de repetir dentro de la marca ni fuera de la marca | C15: =A7 -> marca
C16: =A6 -> nombre
A18: Valor | B18: 0.1 | C18: 0.2 | D18: 0.3
A19: 2 | B19: =ROUNDUP($A$19*$B$18,0) -> 1 | C19: =ROUNDUP($A$19*$C$18,0) -> 1 | D19: =ROUNDUP($A$19*$D$18,0) -> 1
A20: 30 | B20: =ROUND($A$20*$B$18,0) -> 3 | C20: =ROUND($A$20*$C$18,0) -> 6 | D20: =ROUND($A$20*$D$18,0) -> 9
A23: Nota: En el backlog dejar en las últimas opciones funcionalidades que se pueden implementar a futuro(no son prioridad en el monto)
A29: Responsabilidad | B29: Descripción | D29: Entradas | J29: Salida | N29: Políticas (Reglas de Negocio) | S29: Excepción
D30: Parámetro | H30: Tipo de dato | I30: Descripción | J30: Tipo de Dato | K30: Descripción | N30: Política | O30: Descripción | Q30: Detalle | S30: ¿Qué hago?
A31: Consultar Información de las Líneas de una marca de motocicletas | B31: Permite ver la información de las líneas de una marca de motocicleta | D31: Filtro | H31: Línea | I31: Contiene información de todas las líneas que se enviarán como base para llevar a cabo el filtro de consulta | J31: Lista<Línea> | K31: Contiene información de todas las líneas que cumplen con el filtro de consulta | N31: Línea POL-0001 | O31: Asegurar la validación de los datos para llevar a cabo la acción a nivel de tipo de dato, longitud, obligatoriedad, formato y rango. | Q31: Generar una excepción indicándole al usuario que hay problemas con los datos ingresados y de ser posible indicarle cómo solucionarlos | S31: Detener Operación
A32: Crear la línea de una Marca de Motocicleta | B32: Permite crear líneas dentro de una marca de motocicleta | D32: datos | H32: Línea | I32: Contiene información requerida para llevar a cabo el registro de una nueva línea dentro de una marca de motocicleta | N32: Línea POL-0002 | O32: No puede existir otra linea con el mismo identificador. | Q32: Generar un nuevo identificador hasta garantizar que no exista | S32: Detener Operación
N33: Línea POL-0003 | O33: La línea a registrar no debe de estar previamente registrada en la misma línea | Q33: Generar una excepción indicándole al usuario que la línea ye se encuentra registrada
N34: Línea POL-0001 | O34: Asegurar que los datos que fueron enviados como filtro para llevar a cabo la acción sean válidos a nivel de tipo de dato, longitud, obligatoriedad, formato y rango. | Q34: Generar una excepción indicándole al usuario que hay problemas con los datos ingresados y de ser posible indicarle cómo solucionarlos
Q37: .

Sheet Linea Categoría Muestreo
A2: Corresponde al identificador único que va a permitir diferenciar cada una de las líneas de motocicletas y su categoría en el sistema | B2: Corresponde a la línea de motocicleta que la identifica dentro del catálogo del fabricante. | C2: Corresponde a la categoría que determina el tipo de uso principal de la motocicleta según sus características. | D2: No puede haber lineas y marcas repetidas
A3: id | B3: líneaMarca | C3: categoría | D3: Combinación única
A4: a5ec9c1a-aa93-4ea4-9785-d5ab6065ab5d | B4: Boxer Bajaj | C4: Urbana | D4: =B4 -> Boxer Bajaj
A5: 825169c7-b701-4aa4-a7d3-0f5de4168046 | B5: Pulsar Bajaj | C5: Urbana | D5: =B5 -> Pulsar Bajaj
A6: 7f372239-745d-4061-995e-bf0c21043184 | B6: CB Honda | C6: Deportiva | D6: =B6 -> CB Honda
A7: b4f0225a-e513-4dd0-ad1b-0c6977973e98 | B7: MT Yamaha | C7: Deportiva | D7: =B7 -> MT Yamaha
A8: 9a63d7fa-7c97-4374-b574-63bd41586441 | B8: XR Honda | C8: Todoterreno | D8: =B8 -> XR Honda

Sheet Linea Categoría Caracterización
A1: <-Volver al inicio
A2: Objeto de Dominio: | B2: ='Listado Objetos de Dominio'!A19 -> Línea Categoría
A3: Descripción: | B3: ='Listado Objetos de Dominio'!B19 -> Objeto de dominio que representa la relación entre una línea de motocicletas y su categoría.
A4: Atributo | B4: Tipo de Dato | C4: Longitud mínima | D4: Longitud máxima | E4: Precisión | F4: Rango Inicial | G4: Rango Final | H4: Formato | I4: Descripción Formato | J4: Valor por defecto | K4: Regla especial | L4: ¿Quitar espacios en blanco al inicio? | M4: ¿Quitar espacios en blanco al final? | N4: ¿Auto generado? | O4: ¿Calculado? | P4: ¿Obligatorio? | Q4: ¿Sensible? | R4: ¿Identifica al registro? | S4: Descripción | T4: =A29 -> Crear asociación de la Línea Categoría | U4: =A32 -> Consultar Información de la Línea Categoría
A5: ='Linea Muestreo'!A3 -> id | B5: Alfanumérico | C5: 36 | D5: 36 | H5: xxxxxxxx-xxxx-xxxx-xxxx-xxxxxxxxxxxx | I5: Donde cada x es cualquier carácter que puede ir de( 0-9, a-f) | L5: NO | M5: NO | N5: SI | O5: NO | P5: SI | Q5: NO | R5: SI | S5: ='Linea Categoría Muestreo'!A2 -> Corresponde al identificador único que va a permitir diferenciar cada una de las líneas de motocicletas y su categoría en el sistema | T5: Requerido | U5: Filtro/Listar/ No Mostrar
A6: ='Linea Categoría Muestreo'!B3 -> líneaMarca | B6: lineaCategoria | L6: NO | M6: NO | N6: NO | O6: NO | P6: SI | Q6: NO | R6: NO | S6: ='Linea Categoría Muestreo'!B2 -> Corresponde a la línea de motocicleta que la identifica dentro del catálogo del fabricante. | T6: Requerido | U6: Filtro/Listar/Mostrar[Orden{1}/CriterioOrdenamiento{1, ASC}/BusquedaGeneral{SI}/Ordenador{SI}/Reordenamiento{NO} /PropiedadesMostrar{ linea.nombre}]
A7: ='Linea Categoría Muestreo'!C3 -> categoría | B7: categoría | L7: NO | M7: NO | N7: NO | O7: NO | P7: SI | Q7: NO | R7: NO | S7: ='Linea Categoría Muestreo'!C2 -> Corresponde a la categoría que determina el tipo de uso principal de la motocicleta según sus características. | T7: Requerido | U7: Filtro/Listar/Mostrar[Orden{1}/CriterioOrdenamiento{1, ASC}/BusquedaGeneral{SI}/Ordenador{SI}/Reordenamiento{NO} /PropiedadesMostrar{ categoria.nombre}]
A12: Combinaciones únicas
A13: Nombre combinación | B13: Descripción | C13: Atributos
A14: línea y marca unicos | B14: ='Linea Categoría Muestreo'!D2 -> No puede haber lineas y marcas repetidas | C14: =A6 -> líneaMarca
A16: Valor | B16: 0.1 | C16: 0.2 | D16: 0.3
A17: 2 | B17: =ROUNDUP($A$17*$B$16,0) -> 1 | C17: =ROUNDUP($A$17*$C$16,0) -> 1 | D17: =ROUNDUP($A$17*$D$16,0) -> 1
A18: 30 | B18: =ROUND($A$18*$B$16,0) -> 3 | C18: =ROUND($A$18*$C$16,0) -> 6 | D18: =ROUND($A$18*$D$16,0) -> 9
A27: Responsabilidad | B27: Descripción | G27: Entradas | J27: Salida | N27: Políticas (Reglas de Negocio) | S27: Excepción
D28: Parámetro | H28: Tipo de dato | I28: Descripción | J28: Tipo de Dato | K28: Descripción | N28: Política | O28: Descripción | Q28: Detalle | S28: ¿Qué hago?
A29: Crear asociación de la Línea Categoría | B29: Permite crear una nueva relación entre línea y categoría | D29: datos | H29: líneaCategoria | I29: Contiene información requerida para llevar a cabo el registro de una nueva línea categoría | N29: Línea Categoría POL-0002 | O29: Asegurar la validación de los datos para llevar a cabo la acción a nivel de tipo de dato, longitud, obligatoriedad, formato y rango. | Q29: Generar una excepción indicándole al usuario que hay problemas con los datos ingresados y de ser posible indicarle cómo solucionarlos | S29: Detener Operación
N30: Línea Categoría POL-0003 | O30: No puede existir otra línea categoría con el mismo identificador | Q30: Generar un nuevo identificador hasta garantizar que no exista. | S30: Continuar Operación
N31: Línea Categoría POL-0004 | O31: No puede existir otra línea categoría con el mismo nombre | Q31: Generar una excepción indicándole al usuario que ya hay una marca con el nombre deseado | S31: Detener Operación
A32: Consultar Información de la Línea Categoría | B32: Permite ver la relación entre línea y categoría | D32: Filtro | H32: líneaCategoria | I32: Contiene información de todas las líneas y categorías que se enviarán como base para llevar a cabo el filtro de consulta | J32: Lista<LineaCategoria> | K32: Contiene información de las relaciones línea categoría que cumplen con los criterios de búsqueda | N32: Línea Categoría POL-0001 | O32: Asegurar que los datos que fueron enviados como filtro para llevar a cabo la acción sean válidos a nivel de tipo de dato, longitud, obligatoriedad, formato y rango. | Q32: Generar una excepción indicándole al usuario que hay problemas con los datos ingresados y de ser posible indicarle cómo solucionarlos | S32: Detener Operación

Sheet Marca Muestreo
A2: Corresponde al identificador que va a permitir diferenciar cada una de las marcas de motocicletas | B2: Corresponde al atributo nombre que permite saber cuál es la marca de una motocicleta | C2: El nombre del fabricante de motocicleta no se debe de repetir
A3: id | B3: nombre | C3: Combinación única
A4: 58cf7d28-899c-49fa-bf79-1f3e55157387 | B4: Bajaj | C4: Bajaj
A5: 9d328e5f-918b-4597-a356-ac114739f7a0 | B5: Yamaha | C5: Yamaha
A6: 79c43a01-3762-4799-9b1a-a2479e958c0a | B6: Honda | C6: Honda
A7: 18b45225-f544-40f2-80c2-9eea2788704d | B7: AKT | C7: AKT
A8: 12f5f4b4-80c9-4f67-8ce4-16f80e5b559f | B8: Suzuki | C8: Suzuki
A9: 620174e1-c90f-4c08-9d0b-bbb62bcd07dd | B9: Hero | C9: Hero
A10: 39aaa4dc-34c9-40a1-a3af-ddf89df645ac | B10: Benelli | C10: Benelli
A11: a5821f07-3dff-4362-8adf-62e972d9ab75 | B11: BMW | C11: BMW

Sheet Marca Caracterización
A1: <-Volver al inicio
A2: Objeto de Dominio: | B2: ='Listado Objetos de Dominio'!A20 -> Marca
A3: Descripción: | B3: ='Listado Objetos de Dominio'!B20 -> Objeto de dominio que representa cada uno de los fabricantes de motocicletas.
A4: Atributo | B4: Tipo de Dato | C4: Longitud mínima | D4: Longitud máxima | E4: Precisión | F4: Rango Inicial | G4: Rango Final | H4: Formato | I4: Descripción Formato | J4: Valor por defecto | K4: Regla especial | L4: ¿Quitar espacios en blanco al inicio? | M4: ¿Quitar espacios en blanco al final? | N4: ¿Auto generado? | O4: ¿Calculado? | P4: ¿Obligatorio? | Q4: ¿Sensible? | R4: ¿Identifica al registro? | S4: Descripción | T4: =A15 -> Agregar información de la Marca de la Motocicleta | U4: Consultar Información de las Marcas de Motocicletas
A5: ='Marca Muestreo'!A3 -> id | B5: Alfanumérico | C5: 36 | D5: 36 | H5: xxxxxxxx-xxxx-xxxx-xxxx-xxxxxxxxxxxx | I5: Donde cada x es cualquier carácter que puede ir de( 0-9, a-f) | L5: NO | M5: NO | N5: SI | O5: NO | P5: SI | Q5: NO | R5: SI | S5: ='Marca Muestreo'!A2 -> Corresponde al identificador que va a permitir diferenciar cada una de las marcas de motocicletas | T5: Requerido | U5: Filtro/Listar/No Mostrar
A6: ='Marca Muestreo'!B3 -> nombre | B6: Alfanumérico | C6: 1 | D6: 20 | H6: x | I6: Donde x puede ser una cadena que incluye caracteres alfanuméricos, espacios ( ), letras mayúsculas (A-Z), minúsculas (a-z) y tildes (á, é, í, ó, ú) | L6: NO | M6: NO | N6: NO | O6: NO | P6: SI | Q6: NO | R6: NO | S6: ='Marca Muestreo'!B2 -> Corresponde al atributo nombre que permite saber cuál es la marca de una motocicleta | T6: Requerido | U6: Filtro/Listar/Mostrar[Orden{1}/CriterioOrdenamiento{1, ASC}/BusquedaGeneral{SI}/Ordenador{NO}/Reordenamiento{NO}]
A8: Combinaciones únicas
A9: Nombre combinación | B9: Descripción | C9: Atributos
A10: Nombre de Marca único | B10: No debe existir un nombre de marca duplicado | C10: =A6 -> nombre
A13: Responsabilidad | B13: Descripción | E13: Entradas | J13: Salida | N13: Políticas (Reglas de Negocio) | Q13: Excepción
E14: Parámetro | H14: Tipo de dato | I14: Descripción | J14: Tipo de Dato | K14: Descripción | N14: Política | O14: Descripción | Q14: Detalle | S14: ¿Qué hago?
A15: Agregar información de la Marca de la Motocicleta | B15: Permite agregar una nueva marca de motocicleta | E15: nombre | H15: Alfanumérico | I15: Contiene información requerida para llevar a cabo el registro de un una nueva marca | N15: Marca POL-0004 | O15: Asegurar que los datos requeridos para llevar a cabo la acción sean válidos a nivel de tipo de dato, longitud, obligatoriedad, formato y rango. | Q15: Generar una excepción indicando que la marca de motocicleta ya está registrada | S15: Detener Operación
N16: Marca POL-0002 | O16: No puede existir otra marca de motocicleta con el mismo nombre | Q16: Generar una excepción indicándole al usuario que ya hay una marca con el nombre deseado | S16: Detener Operación
N17: Marca POL-0003 | O17: No puede existir otra marca de motocicleta con el mismo identificador | Q17: Generar un nuevo identificador hasta garantizar que no exista. | S17: Continuar Operación
A18: Consultar Información de las Marcas de Motocicletas | B18: Permite buscar marcas de motocicleta | E18: filtro | H18: Marca | K18: Contiene Información de todas las marcas que cumplen con el filtro de consulta | N18: Marca POL-0001 | O18: Asegurar que los datos que fueron enviados como filtro para llevar a cabo la acción sean válidos a nivel de tipo de dato, longitud, obligatoriedad, formato y rango. | Q18: Generar una excepción indicándole al usuario que hay problemas con los datos ingresados y de ser posible indicarle como solucionarlos | S18: Detener Operación
I19: Contiene Información de todas las marcas que se enviaran como base para llevar acabo el filtro de consulta | J19: Lista<Marca>
A23: Valor | B23: 0.1 | C23: 0.2 | D23: 0.3
A24: 2 | B24: =ROUNDUP($A$24*$B$23,0) -> 1 | C24: =ROUNDUP($A$24*$C$23,0) -> 1 | D24: =ROUNDUP($A$24*$D$23,0) -> 1
A25: 15 | B25: =ROUND($A$25*$B$23,0) -> 2 | C25: =ROUND($A$25*$C$23,0) -> 3 | D25: =ROUND($A$25*$D$23,0) -> 5

Sheet Motocicleta Muestreo
A2: Corresponde al identificador único que corresponde a un UUID para identificar cada registro de motocicleta en el sistema. | B2: Corresponde al atributo alfanumérico único que identifica oficialmente a la motocicleta. | C2: Corresponde al modelo que contiene el nombre comercial que especifica el tipo y versión específica de la motocicleta. | D2: Corresponde al usuario que identifica de manera única al dueño actual de la motocicleta en el sistema. | E2: Corresponde al atributo que indica el año de fabricación de la motocicleta. | F2: la identificación de la motocicleta no debe de tener duplicidad en el registro. | G2: Vincula el identificador del propietario con la matrícula de la motocicleta para establecer una relación única entre ambos.
A3: id | B3: matricula | C3: referencia | D3: usuario | E3: año | F3: Combinación única | G3: Combinación única
A4: 33b3ba91-00f1-4e5d-87ec-db0a1a3cdc9a | B4: MRC35E | C4: Boxer BM 100 CLASSIC | D4: 1036956621 | E4: 2018 | F4: MRC35E | G4: 1036956621 MRC35E
A5: c4f7b96c-0227-488d-8961-dbe676efb98e | B5: YBR67A | C5: Boxer CT 100 | D5: 1036956621 | E5: 2022 | F5: YBR67A | G5: 1036956621 YBR67A
A6: c6169888-9b5a-4b6d-be16-8204936621b2 | B6: XFG89W | C6: XR 150L | D6: 1037651168 | E6: 2024 | F6: XFG89W | G6: 1037651168 XFG89W
A7: 4d858539-fd65-4d52-854d-2f1de6c616d9 | B7: BTH00P | C7: XRE 300 | D7: 1036961199 | E7: 2023 | F7: BTH00P | G7: 1036961199 BTH00P
A8: 752e8e22-d2ab-4aee-95ab-38a3f78c79c4 | B8: MNJ45L | C8: CB 100 | D8: 1036958823 | E8: 2019 | F8: MNJ45L | G8: 1036958823 MNJ45L
A9: 1f2a1254-7456-4491-8e14-9534a36100e4 | B9: RTY61O | C9: FZ 250 v3.0 | D9: 1037651168 | E9: 2025 | F9: RTY61O | G9: 1037651168 RTY61O
A10: 81e2c28d-96e4-4b22-9240-3541f1c4fc3c | B10: XCV80B | C10: XTZ 125 | D10: 1036958823 | E10: 2018 | F10: XCV80B | G10: 1036958823 XCV80B
A11: fd642200-0c51-4d42-aa97-311c878cd64d | B11: AXA66N | C11: MT 03' | D11: 1036958823 | E11: 2024 | F11: AXA66N | G11: 1036958823 AXA66N
A12: 181e3e5f-bcdd-4b1a-a43c-8308e455f479 | B12: PLM13U | C12: MT 15 | D12: 1036958823 | E12: 2024 | F12: PLM13U | G12: 1036958823 PLM13U

Sheet Motocicleta Caracterización
A2: Objeto de Dominio: | B2: ='Listado Objetos de Dominio'!$A$22 -> Motocicleta
A3: Descripción: | B3: ='Listado Objetos de Dominio'!$B$22 -> Objeto de dominio que representa el vehículo de dos ruedas con sus características específicas.
A4: Atributo | B4: Tipo de Dato | C4: Longitud mínima | D4: Longitud máxima | E4: Precisión | F4: Rango Inicial | G4: Rango Final | H4: Formato | I4: Descripción Formato | J4: Valor por defecto | K4: Regla especial | L4: ¿Quitar espacios en blanco al inicio? | M4: ¿Quitar espacios en blanco al final? | N4: ¿Auto generado? | O4: ¿Calculado? | P4: ¿Obligatorio? | Q4: ¿Modificable? | R4: ¿Sensible? | S4: ¿Identifica al registro? | T4: Descripción | U4: =A23 -> Registrar Información de la Motocicleta | V4: =A27 -> Modificar Información de la Motocicleta | W4: =A30 -> Eliminar Información de la Motocicleta | X4: =A34 -> Consultar Información de la Motocicleta | Y4: =A36 -> Consultar Información General de la Motocicleta
A5: ='Motocicleta Muestreo'!A3 -> id | B5: Alfanumérico | C5: 36 | D5: 36 | H5: xxxxxxxx-xxxx-xxxx-xxxx-xxxxxxxxxxxx | I5: Donde cada x es cualquier carácter que puede ir de( 0-9, a-f) | L5: NO | M5: NO | N5: SI | O5: NO | P5: SI | Q5: NO | R5: NO | S5: SI | T5: ='Motocicleta Muestreo'!A2 -> Corresponde al identificador único que corresponde a un UUID para identificar cada registro de motocicleta en el sistema. | U5: Requerido | V5: Requerido / No Modificable | W5: Requerido | X5: Filtro/Listar/ No Mostrar | Y5: Filtro/Listar/ No Mostrar
A6: ='Motocicleta Muestreo'!B3 -> matricula | B6: Alfanumérico | C6: 6 | D6: 6 | H6: x | I6: Donde x puede ser una cadena que incluye caracteres alfanuméricos, espacios ( ), letras mayúsculas (A-Z) | L6: SI | M6: SI | N6: NO | O6: NO | P6: SI | Q6: SI | R6: SI | S6: NO | T6: ='Motocicleta Muestreo'!B2 -> Corresponde al atributo alfanumérico único que identifica oficialmente a la motocicleta. | U6: Requerido | V6: Requerido / Modificable | W6: No Requerido | X6: Filtro/Listar/Mostrar[Orden{1}/CriterioOrdenamiento{1, ASC}/BusquedaGeneral{SI}/Ordenador{SI}/Reordenamiento{NO} /PropiedadesMostrar{ referencia.linea, referencia.nombre}] | Y6: Filtro/Listar/No Mostrar
A7: ='Motocicleta Muestreo'!C3 -> referencia | B7: referencia | L7: NO | M7: NO | N7: NO | O7: NO | P7: SI | Q7: SI | R7: NO | S7: NO | T7: ='Motocicleta Muestreo'!C2 -> Corresponde al modelo que contiene el nombre comercial que especifica el tipo y versión específica de la motocicleta. | U7: Requerido | V7: Requerido / Modificable | W7: No Requerido | X7: Filtro/Listar/Mostrar[Orden{1}/CriterioOrdenamiento{1, ASC}/BusquedaGeneral{SI}/Ordenador{SI}/Reordenamiento{NO} /PropiedadesMostrar{ referencia.linea, referencia.nombre}] | Y7: Filtro/Listar/Mostrar[Orden{1}/CriterioOrdenamiento{1, ASC}/BusquedaGeneral{SI}/Ordenador{SI}/Reordenamiento{NO} /PropiedadesMostrar{ referencia.linea, referencia.nombre}]
A8: ='Motocicleta Muestreo'!D3 -> usuario | B8: usuario | L8: NO | M8: NO | N8: NO | O8: NO | P8: SI | Q8: NO | R8: SI | S8: NO | T8: ='Motocicleta Muestreo'!D2 -> Corresponde al usuario que identifica de manera única al dueño actual de la motocicleta en el sistema. | U8: Requerido | V8: Requerido / No Modificable | W8: No Requerido | X8: Filtro/Listar/Mostrar[Orden{2}/CriterioOrdenamiento{2, ASC}/BusquedaGeneral{SI}/Ordenador{SI}/Reordenamiento{NO} /PropiedadesMostrar{ usuario.cedula}] | Y8: Filtro/Listar/Mostrar[Orden{2}/CriterioOrdenamiento{2, ASC}/BusquedaGeneral{SI}/Ordenador{SI}/Reordenamiento{NO} /PropiedadesMostrar{ usuario.nombre, usuario.email}]
A9: ='Motocicleta Muestreo'!E3 -> año | B9: Numérico entero | F9: 2000 | G9: 2026 | L9: SI | M9: SI | N9: NO | O9: NO | P9: SI | Q9: SI | R9: NO | S9: NO | T9: ='Motocicleta Muestreo'!E2 -> Corresponde al atributo que indica el año de fabricación de la motocicleta. | U9: Requerido | V9: Requerido / Modificable | W9: No Requerido | X9: Filtro/Listar/Mostrar[Orden{3}/BusquedaGeneral{SI}/Ordenador{SI}/Reordenamiento{NO}] | Y9: Filtro/Listar/Mostrar[Orden{3}/BusquedaGeneral{SI}/Ordenador{SI}/Reordenamiento{NO}]
A12: Combinaciones únicas
A13: Nombre combinación | B13: Descripción | C13: Atributos
A14: Matricula única | B14: ='Motocicleta Muestreo'!F2 -> la identificación de la motocicleta no debe de tener duplicidad en el registro. | C14: =A6 -> matricula
A16: Usuario y Matricula | B16: ='Motocicleta Muestreo'!G2 -> Vincula el identificador del propietario con la matrícula de la motocicleta para establecer una relación única entre ambos.
C17: =A8 -> usuario
A21: Responsabilidad | C21: Descripción | G21: Entradas | J21: Salida | N21: Políticas (Reglas de Negocio) | R21: Excepción
E22: Parámetro | F22: Tipo de dato | H22: Descripción | I22: Tipo de Dato | K22: Descripción | M22: Política | O22: Descripción | Q22: Detalle | S22: ¿Qué hago?
A23: Registrar Información de la Motocicleta | C23: Permite registrar una nueva motocicleta | E23: datos | F23: motocicleta | G23: Contiene información requerida para llevar a cabo el registro de una nueva motocicleta | M23: Motocicleta - POL-0001 | N23: Asegurar que los datos requeridos para llevar a cabo la acción sean válidos a nivel de tipo de dato, longitud, obligatoriedad, formato y rango. | Q23: Generar una excepción indicándole al usuario que hay problemas con los datos ingresados y de ser posible indicarle como solucionarlos | S23: Detener Operación
M24: Motocicleta - POL-0002 | N24: El propietario debe estar previamente registrado | Q24: Generar una excepción indicándole al usuario que hay problemas con los datos ingresados y de ser posible indicarle como solucionarlos. | S24: Detener Operación
M25: Motocicleta - POL-0004 | N25: No puede existir otra matricula con el mismo identificador. | Q25: Generar un nuevo identificador hasta garantizar que no exista | S25: Continuar Operación
M26: Motocicleta - POL-0003 | N26: La matrícula de la motocicleta que se desea registrar no debe estar previamente registrada. | Q26: Generar una excepción indicando que la matrícula de la motocicleta que desea registrar no está disponible | S26: Detener Operación
A27: Modificar Información de la Motocicleta | C27: Permite actualizar la información de una motocicleta | E27: datos | F27: motocicleta | G27: Contiene información de los datos de la motocicleta a modificar | M27: Motocicleta POL-0001 | N27: Asegurar que los datos requeridos para llevar a cabo la acción sean válidos a nivel de tipo de dato, longitud, obligatoriedad, formato y rango. | Q27: Validar que todos los campos cumplan con las especificaciones requeridas antes de procesar la información | S27: Detener Operación
E28: id | F28: Alfanumérico | G28: Contiene el identificador de la motocicleta a modificar la información
A30: Eliminar Información de la Motocicleta | C30: Permite eliminar una motocicleta | E30: id | F30: Alfanumérico | G30: Contiene el identificador de la motocicleta a eliminar
M31: Motocicleta POL-0005 | N31: Asegurar que la motocicleta a eliminar no tenga dependencias de usuario y referencia | P31: Detener la operación | Q31: Generar una excepción indicándole al Representante Sede que hay problemas con los datos ingresados y de ser posible indicarle cómo solucionarlos | S31: Detener Operación
A34: Consultar Información de la Motocicleta | C34: Permite consultar la información de una motocicleta | E34: filtro | F34: Lista<motocicleta> | G34: Contiene información de los filtros que se enviaran como base para llevar a cabo la consulta | I34: Lista<motocicleta> | J34: Contiene información de la motocicletas que cumple con el filtro | M34: Motocicleta POL - 0006 | N34: Asegurar que los datos que fueron enviados como filtro para llevar a cabo la acción sean válidos a nivel de tipo de dato, longitud, obligatoriedad, formato y rango. | Q34: Generar una excepción indicándole al Representante Sede que hay problemas con los datos ingresados y de ser posible indicarle cómo solucionarlos | S34: Detener Operación
A36: Consultar Información General de la Motocicleta | C36: Permite consultar la información general de una motocicleta | E36: filtro | F36: Lista<motocicleta> | G36: Contiene información de los filtros que se enviaran como base para llevar a cabo la consulta | I36: Lista<motocicleta> | J36: Contiene información de la motocicleta que cumple con el filtro | M36: Motocicleta POL - 0006 | N36: Asegurar que los datos que fueron enviados como filtro para llevar a cabo la acción sean válidos a nivel de tipo de dato, longitud, obligatoriedad, formato y rango. | Q36: Generar una excepción indicándole al Representante Sede que hay problemas con los datos ingresados y de ser posible indicarle cómo solucionarlos | S36: Detener Operación

Sheet Rango Calificación Muestreo
A2: Corresponde al identificador único que identifica cada a la etiqueta y su valor de calificación en el sistema. | B2: Corresponde al atributo que indica el valor mínimo de la calificación. | C2: Corresponde al atributo que indica el valor máximo de la calificación. | D2: Corresponde al atributo que describe el nivel de la calificación según el valor máximo y mínimo. | E2: La calificación no debe tener duplicidad entre su etiqueta y sus valores mínimo y máximo
A3: id | B3: valorMínimo | C3: valorMáximo | D3: etiquetaCalificacion | E3: Combinación única
A4: fd642200-0c51-4d42-aa97-311c878cd64h | B4: 0 | C4: 0 | E4: =D4&" "&""&B4&""&"-"&""&C4 -> 0-0
A5: fd642200-0c51-4d42-aa97-311c878cd64d | B5: 1 | C5: 1 | D5: Pésimo | E5: =D5&" "&""&B5&""&"-"&""&C5 -> Pésimo 1-1
A6: 181e3e5f-bcdd-4b1a-a43c-8308e455f479 | B6: 2 | C6: 2 | D6: Malo | E6: =D6&" "&""&B6&""&"-"&""&C6 -> Malo 2-2
A7: 7c4b0015-c525-4c0e-877e-eb155e4d5623 | B7: 3 | C7: 3 | D7: Regular | E7: =D7&" "&""&B7&""&"-"&""&C7 -> Regular 3-3
A8: cb572cac-4d09-4206-adfe-ba174dac8569 | B8: 4 | C8: 4 | D8: Bueno | E8: =D8&" "&""&B8&""&"-"&""&C8 -> Bueno 4-4
A9: 9d75c46b-dadf-4374-a547-28aef3bd6abc | B9: 5 | C9: 5 | D9: Excelente | E9: =D9&" "&""&B9&""&"-"&""&C9 -> Excelente 5-5

Sheet Rango Califi Caracterización
A1: <-Volver al inicio
A2: Objeto de Dominio: | B2: ='Listado Objetos de Dominio'!$A$23 -> Rango Calificación
A3: Descripción: | B3: ='Listado Objetos de Dominio'!$B$23 -> Objeto de dominio que representa los intervalos de valoración permitidos para las calificaciones
A4: Atributo | B4: Tipo de Dato | C4: Longitud mínima | D4: Longitud máxima | E4: Precisión | F4: Rango Inicial | G4: Rango Final | H4: Formato | I4: Descripción Formato | J4: Valor por defecto | K4: Regla especial | L4: ¿Quitar espacios en blanco al inicio? | M4: ¿Quitar espacios en blanco al final? | N4: ¿Auto generado? | O4: ¿Calculado? | P4: ¿Obligatorio? | Q4: ¿Modificable? | R4: ¿Sensible? | S4: ¿Identifica al registro? | T4: Descripción | U4: =A18 -> Consultar Información del Rango Calificación
A5: ='Rango Calificación Muestreo'!A3 -> id | B5: Alfanumérico | C5: 36 | D5: 36 | H5: xxxxxxxx-xxxx-xxxx-xxxx-xxxxxxxxxxxx | I5: Donde cada x es cualquier carácter que puede ir de( 0-9, a-f) | L5: NO | M5: NO | N5: SI | O5: NO | P5: SI | Q5: NO | R5: NO | S5: SI | T5: ='Rango Calificación Muestreo'!A2 -> Corresponde al identificador único que identifica cada a la etiqueta y su valor de calificación en el sistema. | U5: Filtro/Listar/No Mostrar
A6: ='Rango Calificación Muestreo'!B3 -> valorMínimo | B6: Numérico entero | F6: 1 | G6: 1 | J6: 0 | L6: NO | M6: NO | N6: NO | O6: NO | P6: SI | Q6: NO | R6: NO | S6: NO | T6: ='Rango Calificación Muestreo'!B2 -> Corresponde al atributo que indica el valor mínimo de la calificación. | U6: Filtro/Listar/Mostrar[Orden{1}/CriterioOrdenamiento{1, ASC}/BusquedaGeneral{NO}/Ordenador{NO}/Reordenamiento{NO} ]
A7: ='Rango Calificación Muestreo'!C3 -> valorMáximo | B7: Numérico entero | F7: 5 | G7: 5 | L7: NO | M7: NO | N7: NO | O7: NO | P7: SI | Q7: NO | R7: NO | S7: NO | T7: ='Rango Calificación Muestreo'!C2 -> Corresponde al atributo que indica el valor máximo de la calificación. | U7: Filtro/Listar/Mostrar[Orden{1}/CriterioOrdenamiento{1, ASC}/BusquedaGeneral{NO}/Ordenador{NO}/Reordenamiento{NO} ]
A8: ='Rango Calificación Muestreo'!D3 -> etiquetaCalificacion | B8: Alfanumérico | C8: 1 | D8: 15 | H8: x | I8: Donde x puede ser una cadena que incluye caracteres alfanuméricos, letras mayúsculas (A-Z), minúsculas (a-z) y tildes (á, é, í, ó, ú) | L8: NO | M8: NO | N8: NO | O8: NO | P8: SI | Q8: NO | R8: NO | S8: NO | T8: ='Rango Calificación Muestreo'!D2 -> Corresponde al atributo que describe el nivel de la calificación según el valor máximo y mínimo. | U8: Filtro/Listar/Mostrar[Orden{1}/CriterioOrdenamiento{1, ASC}/BusquedaGeneral{SI}/Ordenador{NO}/Reordenamiento{NO} ]
A10: Combinaciones únicas
A11: Nombre combinación | B11: Descripción | C11: Atributos
A12: valor mínimo y máximo por etiqueta único | B12: ='Rango Calificación Muestreo'!E2 -> La calificación no debe tener duplicidad entre su etiqueta y sus valores mínimo y máximo | C12: =A6 -> valorMínimo
C13: =A7 -> valorMáximo
C14: =A8 -> etiquetaCalificacion
A16: Responsabilidad | B16: Descripción | D16: Entradas | K16: Salida | N16: Políticas (Reglas de Negocio) | R16: Excepción
D17: Parámetro | H17: Tipo de dato | I17: Descripción | J17: Tipo de Dato | K17: Descripción | N17: Política | O17: Descripción | Q17: Detalle | S17: ¿Qué hago?
A18: Consultar Información del Rango Calificación | B18: Permite ver los rangos de calificación disponibles | D18: Filtro | H18: rangoCalificacion | I18: Contiene información de las diferentes opciones para calificar un servicio que se enviarán como base para llevar a cabo el filtro de consulta | J18: Lista<rangoCalificacion> | K18: Contiene información de las opciones de calificación que cumplen con los criterios de búsqueda | N18: Rango Calificación POL-0001 | O18: Asegurar que los datos que fueron enviados como filtro para llevar a cabo la acción sean válidos a nivel de tipo de dato, longitud, obligatoriedad, formato y rango. | Q18: Generar una excepción indicándole al usuario que hay problemas con los datos ingresados y de ser posible indicarle cómo solucionarlos | S18: Detener Operación

Sheet Rango Cilindraje Muestreo
A2: Corresponde al identificador único que va a permitir diferenciar cada uno de los rangos de cilindraje de las motocicletas en el sistema. | B2: Corresponde al atributo que muestra el nombre del rango que clasifica las motocicletas según su cilindraje. | C2: Corresponde al atributo que indica el valor mínimo de cilindraje en centímetros cúbicos (cc) para clasificar una motocicleta desde este rango. | D2: Corresponde al atributo que indica el valor máximo de cilindraje en centímetros cúbicos (cc) para clasificar una motocicleta dentro de este rango. | E2: El nombre del rango no debe de tener duplicidad en el registro de rangos de cilindraje.
A3: id | B3: nombre | C3: rangoDesde | D3: rangoHasta | E3: Combinación única
A4: 75b9a782-db4b-4992-8b80-7d05d268cbed | B4: Bajo | C4: 50 | D4: 200 | E4: Bajo
A5: 30b5d66c-fca5-431f-aded-06f3b7667dc6 | B5: Medio | C5: 201 | D5: 400 | E5: Medio
A6: b953bf65-8005-4698-8acc-4d4561068847 | B6: Alto | C6: 401 | D6: 3000 | E6: Alto

Sheet Rango Cilindaje Caracterización
A1: <-Volver al inicio
A2: Objeto de Dominio: | B2: ='Listado Objetos de Dominio'!$A$24 -> Rango Cilindraje
A3: Descripción: | B3: ='Listado Objetos de Dominio'!$B$24 -> Objeto de dominio que representa los rangos de cilindraje de las motos
A4: Atributo | B4: Tipo de Dato | C4: Longitud mínima | D4: Longitud máxima | E4: Precisión | F4: Rango Inicial | G4: Rango Final | H4: Formato | I4: Descripción Formato | J4: Valor por defecto | K4: Regla especial | L4: ¿Quitar espacios en blanco al inicio? | M4: ¿Quitar espacios en blanco al final? | N4: ¿Auto generado? | O4: ¿Calculado? | P4: ¿Obligatorio? | Q4: ¿Sensible? | R4: ¿Identifica al registro? | S4: Descripción | T4: =A17 -> Consultar Información del Rango Cilindraje
A5: ='Rango Cilindraje Muestreo'!A3 -> id | B5: Alfanumérico | C5: 36 | D5: 36 | H5: xxxxxxxx-xxxx-xxxx-xxxx-xxxxxxxxxxxx | I5: Donde cada x es cualquier carácter que puede ir de( 0-9, a-f) | L5: NO | M5: NO | N5: SI | O5: NO | P5: SI | Q5: NO | R5: SI | S5: ='Rango Cilindraje Muestreo'!A2 -> Corresponde al identificador único que va a permitir diferenciar cada uno de los rangos de cilindraje de las motocicletas en el sistema. | T5: Filtro/Listar/No Mostrar
A6: ='Rango Cilindraje Muestreo'!B3 -> nombre | B6: Alfanumérico | C6: 1 | D6: 10 | H6: x | I6: Cadena de caracteres donde x puede ser cualquier letra del alfabeto(A-Z) o (a-z) o ( 0-9, a-f). | L6: NO | M6: NO | N6: NO | O6: NO | P6: SI | Q6: NO | R6: NO | S6: ='Rango Cilindraje Muestreo'!B2 -> Corresponde al atributo que muestra el nombre del rango que clasifica las motocicletas según su cilindraje. | T6: Filtro/Listar/Mostrar[BusquedaGeneral{SI}/Ordenador{NO}/Reordenamiento{NO}]
A7: ='Rango Cilindraje Muestreo'!C3 -> rangoDesde | B7: Numérico entero | F7: 50 | G7: 400 | L7: NO | M7: NO | N7: NO | O7: NO | P7: SI | Q7: NO | R7: NO | S7: ='Rango Cilindraje Muestreo'!C2 -> Corresponde al atributo que indica el valor mínimo de cilindraje en centímetros cúbicos (cc) para clasificar una motocicleta desde este rango. | T7: Filtro/Listar/No Mostrar
A8: ='Rango Cilindraje Muestreo'!D3 -> rangoHasta | B8: Numérico entero | F8: 50 | G8: 3000 | L8: NO | M8: NO | N8: NO | O8: NO | P8: SI | Q8: NO | R8: NO | S8: ='Rango Cilindraje Muestreo'!D2 -> Corresponde al atributo que indica el valor máximo de cilindraje en centímetros cúbicos (cc) para clasificar una motocicleta dentro de este rango. | T8: Filtro/Listar/No Mostrar
A11: Combinaciones únicas
A12: Nombre combinación | B12: Descripción | C12: Atributos
A13: Rango único | B13: ='Rango Cilindraje Muestreo'!E2 -> El nombre del rango no debe de tener duplicidad en el registro de rangos de cilindraje. | C13: =A6 -> nombre
A15: Responsabilidad | B15: Descripción | D15: Entradas | K15: Salida | N15: Políticas (Reglas de Negocio) | S15: Excepción
D16: Parámetro | H16: Tipo de dato | I16: Descripción | J16: Tipo de Dato | K16: Descripción | N16: Política | O16: Descripción | Q16: Detalle | S16: ¿Qué hago?
A17: Consultar Información del Rango Cilindraje | B17: Permite filtrar motocicletas por su rango de cilindraje | D17: Filtro | H17: rangoCilindraje | I17: Contiene información de todas las clasificaciones de motocicletas según su cilindraje que se enviarán como base para llevar a cabo el filtro de consulta | J17: Lista<rangoCilindraje> | K17: Contiene información de las categorías que cumplen con los criterios de búsqueda
N18: Rango Cilindraje POL-0001 | O18: Asegurar que los datos que fueron enviados como filtro para llevar a cabo la acción sean válidos a nivel de tipo de dato, longitud, obligatoriedad, formato y rango. | Q18: Generar una excepción indicándole al usuario que hay problemas con los datos ingresados y de ser posible indicarle cómo solucionarlos | S18: Detener Operación
N19: Rango Cilindraje POL-0002 | O19: El cilindraje debe ser un número positivo y estar dentro de los rangos permitidos | Q19: Generar una excepción indicándole al usuario que hay problemas con los datos ingresados y de ser posible indicarle cómo solucionarlos | S19: Detener Operación

Sheet Referecia Muestreo
A2: Corresponde al identificador único que va a permitir diferenciar cada uno de las referencias de motocicletas. | B2: Corresponde al atributo nombre de la referencia de una motocicleta. | C2: Corresponde a la línea que se asocia a la referencia de una motocicleta. | D2: Corresponde al atributo cilindraje que indica la capacidad del motor de una motocicleta. | E2: Corresponde al rango del cilindraje que clasifica la referencia de una motocicleta. | F2: La referencia de la motocicleta no debe tener duplicidad en la combinación con su línea respectiva.
A3: id | B3: nombre | C3: línea | D3: cilindraje | E3: rangoCilindraje | F3: Combinación única
A4: 33b3ba91-00f1-4e5d-87ec-db0a1a3cdc9a | B4: BM 100 CLASSIC | C4: Boxer | D4: 100 | E4: Bajo | F4: Boxer BM 100 CLASSIC
A5: c4f7b96c-0227-488d-8961-dbe676efb98e | B5: CT 100 | C5: Boxer | D5: 100 | E5: Bajo | F5: Boxer CT 100
A6: c6169888-9b5a-4b6d-be16-8204936621b2 | B6: 150L | C6: XR | D6: 150 | E6: Bajo | F6: XR 150L
A7: 4d858539-fd65-4d52-854d-2f1de6c616d9 | B7: 300 | C7: XRE | D7: 300 | E7: Bajo | F7: XRE 300
A8: 752e8e22-d2ab-4aee-95ab-38a3f78c79c4 | B8: 100 | C8: CB | D8: 100 | E8: Bajo | F8: CB 100
A9: 1f2a1254-7456-4491-8e14-9534a36100e4 | B9: 250 v3.0 | C9: FZ | D9: 250 | E9: Bajo | F9: FZ 250 v3.0
A10: 81e2c28d-96e4-4b22-9240-3541f1c4fc3c | B10: 125 | C10: XTZ | D10: 125 | E10: Bajo | F10: XTZ 125
A11: fd642200-0c51-4d42-aa97-311c878cd64d | B11: 03' | C11: MT | D11: 300 | E11: Bajo | F11: MT 03'
A12: 181e3e5f-bcdd-4b1a-a43c-8308e455f479 | B12: 15 | C12: MT | D12: 150 | E12: Bajo | F12: MT 15

Sheet Referencia Caracterización
A1: <-Volver al inicio
A2: Objeto de Dominio: | B2: ='Listado Objetos de Dominio'!$A$21 -> Referencia
A3: Descripción: | B3: ='Listado Objetos de Dominio'!$B$21 -> Objeto de dominio que representa la versión específica de una motocicleta dentro de una línea
A4: Atributo | B4: Tipo de Dato | C4: Longitud mínima | D4: Longitud máxima | E4: Precisión | F4: Rango Inicial | G4: Rango Final | H4: Formato | I4: Descripción Formato | J4: Valor por defecto | K4: Regla especial | L4: ¿Quitar espacios en blanco al inicio? | M4: ¿Quitar espacios en blanco al final? | N4: ¿Auto generado? | O4: ¿Calculado? | P4: ¿Obligatorio? | Q4: ¿Modificable? | R4: ¿Sensible? | S4: ¿Identifica al registro? | T4: Descripción | U4: =A21 -> Consultar Información de la Referencia Motocicleta | V4: =A22 -> Agregar Referencia de la Motocicleta
A5: ='Referecia Muestreo'!A3 -> id | B5: Alfanumérico | C5: 36 | D5: 36 | H5: xxxxxxxx-xxxx-xxxx-xxxx-xxxxxxxxxxxx | I5: Donde cada x es cualquier carácter que puede ir de( 0-9, a-f) | L5: NO | M5: NO | N5: SI | O5: NO | P5: SI | Q5: NO | R5: NO | S5: SI | T5: ='Referecia Muestreo'!A2 -> Corresponde al identificador único que va a permitir diferenciar cada uno de las referencias de motocicletas. | U5: Filtro/Listar/ No Mostrar | V5: Requerido
A6: ='Referecia Muestreo'!B3 -> nombre | B6: Alfanumérico | C6: 1 | D6: 65 | H6: x | I6: Donde x puede ser una cadena que incluye caracteres alfanuméricos, espacios ( ), (A-Z), (a-z) ,(á, é, í, ó, ú) y (0-9) | L6: NO | M6: NO | N6: NO | O6: NO | P6: SI | Q6: NO | R6: NO | S6: NO | T6: ='Referecia Muestreo'!B2 -> Corresponde al atributo nombre de la referencia de una motocicleta. | U6: Filtro/Listar/Mostrar[Orden{1}/CriterioOrdenamiento{1, ASC}/BusquedaGeneral{SI}/Ordenador{SI}/Reordenamiento{NO}] | V6: Requerido
A7: ='Referecia Muestreo'!C3 -> línea | B7: línea | L7: NO | M7: NO | N7: NO | O7: NO | P7: SI | Q7: NO | R7: NO | S7: NO | T7: ='Referecia Muestreo'!C2 -> Corresponde a la línea que se asocia a la referencia de una motocicleta. | U7: Filtro/Listar/Mostrar[Orden{1}/CriterioOrdenamiento{1, ASC}/BusquedaGeneral{SI}/Ordenador{SI}/Reordenamiento{NO} /PropiedadesMostrar{ linea.nombre}] | V7: Requerido
A8: ='Referecia Muestreo'!D3 -> cilindraje | B8: rango Cilindraje | F8: 50 | G8: 3000 | L8: NO | M8: NO | N8: NO | O8: NO | P8: SI | Q8: NO | R8: NO | S8: NO | T8: ='Referecia Muestreo'!D2 -> Corresponde al atributo cilindraje que indica la capacidad del motor de una motocicleta. | U8: Filtro/Listar/ No Mostrar | V8: Requerido
A9: ='Referecia Muestreo'!E3 -> rangoCilindraje | B9: rango Cilindraje | L9: NO | M9: NO | N9: NO | O9: NO | P9: SI | Q9: NO | R9: NO | S9: NO | T9: ='Referecia Muestreo'!E2 -> Corresponde al rango del cilindraje que clasifica la referencia de una motocicleta. | U9: Filtro/Listar/Mostrar[Orden{1}/CriterioOrdenamiento{1, ASC}/BusquedaGeneral{SI}/Ordenador{SI}/Reordenamiento{NO} /PropiedadesMostrar{referencia.rangoCilindraje}] | V9: Requerido
A11: Combinaciones únicas
A12: Nombre combinación | B12: Descripción | C12: Atributos
A13: Referencia y línea únicos | B13: ='Referecia Muestreo'!F2 -> La referencia de la motocicleta no debe tener duplicidad en la combinación con su línea respectiva. | C13: =A6 -> nombre
C14: =A7 -> línea
A19: Responsabilidad | B19: Descripción | D19: Entradas | K19: Salida | N19: Políticas (Reglas de Negocio) | R19: Excepción
D20: Parámetro | H20: Tipo de dato | I20: Descripción | J20: Tipo de Dato | K20: Descripción | N20: Política | O20: Descripción | Q20: Detalle | S20: ¿Qué hago?
A21: Consultar Información de la Referencia Motocicleta | B21: Permite visualizar las referencias de motocicleta disponibles. | D21: Filtro | H21: referencia | I21: Contiene información de las referencias de motocicletas que se enviarán como base para llevar a cabo el filtro de consulta | J21: Lista<referencia> | K21: Contiene información de las referencias que cumplen con los criterios de búsqueda | N21: Referencia POL-0004 | O21: Asegurar que los datos que fueron enviados como filtro para llevar a cabo la acción sean válidos a nivel de tipo de dato, longitud, obligatoriedad, formato y rango. | Q21: Generar una excepción indicándole al usuario que hay problemas con los datos ingresados y de ser posible indicarle cómo solucionarlos | S21: Detener Operación
A22: Agregar Referencia de la Motocicleta | B22: Permite agregar referencias de motocicleta. | D22: datos | H22: referencia | I22: Contiene información requerida para llevar a cabo el registro de una nueva referencia de motocicleta | N22: Referencia POL-0001 | O22: Asegurar la validación de los datos para llevar a cabo la acción a nivel de tipo de dato, longitud, obligatoriedad, formato y rango. | Q22: Generar una excepción indicándole al usuario que hay problemas con los datos ingresados y de ser posible indicarle cómo solucionarlos | S22: Detener Operación
N23: Referencia POL-0002 | O23: La referencia a registrar no debe estar previamente registrada. | Q23: Generar una excepción indicándole al usuario que ya existe la referencia | S23: Detener Operación
N24: Referencia POL-0003 | O24: No debe existir otra referencia con el mismo identificador. | Q24: Generar un nuevo identificador hasta garantizar que no exista | S24: Continuar Operación

Sheet Representante Sede Muestreo
A2: Corresponde al identificador único que identifica cada representante sede en el sistema | B2: Corresponde al atributo que indica el número de documento de identidad del representante sede | C2: Corresponde al atributo que indica el nombre del representante sede | D2: Corresponde al atributo que indica el primer apellido del representante sede | E2: Corresponde al atributo que indica el segundo apellido del representante sede | F2: Corresponde al atributo que indica el correo electrónico del representante sede | G2: Corresponde al atributo que indica el número de celular del representante sede | H2: Corresponde al atributo que indica si el correo electrónico del representante sede ha sido confirmado | I2: Corresponde al atributo que indica si el número de celular del representante sede ha sido confirmado numeroCelularConfirmado | J2: Corresponde al atributo que indica la contraseña del representante sede | K2: El representante sede no debe tener duplicidad en su correo electrónico | L2: El representante sede no debe tener duplicidad en su número de celular | M2: El representante sede no debe tener duplicidad en su número de cédula
A3: id | B3: cedula | C3: nombre | D3: primerApellido | E3: segundoApellido | F3: email | G3: celular | H3: emailConfirmado | I3: numeroCelularConfirmado | J3: contraseña | K3: Combinación única | L3: Combinación única | M3: Combinación única
A4: 33b3ba91-00f1-4e5d-87ec-db0a1a3cdc9a | B4: 1568214 | C4: FARID | D4: SANCHEZ | E4: SANCHEZ | F4: farid@gmail.com | G4: 3217858550 | H4: NO | I4: SI | J4: LQ!9Bvx4HUhSkVT4Ux6Kg5 | K4: farid@gmail.com | L4: 3217858550 | M4: 1568214
A5: c4f7b96c-0227-488d-8961-dbe676efb98e | B5: 45654565 | C5: FELIPE | D5: VALENCIA | E5: URREA | F5: felipo@gmail.com | G5: 3122123037 | H5: NO | I5: SI | J5: Ptn#Q9%Mo8e!UAcm^#79GS | K5: felipo@gmail.com | L5: 3122123037 | M5: 45654565
A6: c6169888-9b5a-4b6d-be16-8204936621b2 | B6: 756632414 | C6: JAHIR | D6: CASTILLO | E6: PAREDES | F6: negro@outlook.com | G6: 3168254795 | H6: NO | I6: NO | J6: QhmbCb39hXhEMPkmU7&VUy | K6: negro@outlook.com | L6: 3168254795 | M6: 756632414
A7: 4d858539-fd65-4d52-854d-2f1de6c616d9 | B7: 1036956622 | C7: ANDREA | D7: LOPEZ | E7: ARVELAEZ | F7: susa@gmail.com | G7: 3016546782 | H7: SI | I7: SI | J7: LAawn6nK!Kjcc@ZxXCxf5&q@LF#ytuvWc77TVXHGzF8AtKhF69$tRD^AF6i6cHDT8pq9ZCr!9v2ZNcq | K7: susa@gmail.com | L7: 3016546782 | M7: 1036956622

Sheet Representante Sede Caracterizac
A1: <-Volver al inicio
A2: Objeto de Dominio: | B2: ='Listado Objetos de Dominio'!$A$11 -> Represéntate sede
A3: Descripción: | B3: ='Listado Objetos de Dominio'!$B$29 -> Objeto de dominio que representa la persona registrada que puede buscar o calificar servicios
A4: Atributo | B4: Tipo de Dato | C4: Longitud mínima | D4: Longitud máxima | E4: Precisión | F4: Rango Inicial | G4: Rango Final | H4: Formato | I4: Descripción Formato | J4: Valor por defecto | K4: Regla especial | L4: ¿Quitar espacios en blanco al inicio? | M4: ¿Quitar espacios en blanco al final? | N4: ¿Auto generado? | O4: ¿Calculado? | P4: ¿Obligatorio? | Q4: ¿Modificable? | R4: ¿Sensible? | S4: ¿Identifica al registro? | T4: Descripción | U4: =A26 -> Registrar Información del Representante Sede | V4: =A31 -> Modificar Información del Representante Sede | W4: =A35 -> Eliminar Información del Representante Sede | X4: =A39 -> Consultar Información detallada del Representante Sede | Y4: =A41 -> Consultar Información General del Representante Sede | Z4: =A43 -> Restablecer la Clave Representante Sede | AA4: =A46 -> Modificar la Clave Representante Sede | AB4: =A49 -> Autenticar Información del Representante Sede
A5: ='Representante Sede Muestreo'!A3 -> id | B5: Alfanumérico | C5: 36 | D5: 36 | H5: xxxxxxxx-xxxx-xxxx-xxxx-xxxxxxxxxxxx | I5: Donde cada x es cualquier carácter que puede ir de( 0-9, a-f) | L5: SI | M5: SI | N5: SI | O5: NO | P5: SI | Q5: NO | R5: SI | S5: SI | T5: ='Representante Sede Muestreo'!A2 -> Corresponde al identificador único que identifica cada representante sede en el sistema | U5: Requerido | V5: No Requerido / No Modificable | W5: Requerido | X5: Filtro/Listar/ No Mostrar | Y5: Filtro/Listar/ No Mostrar | Z5: Requerido | AA5: Requerido / No Modificable | AB5: Requerido
A6: ='Representante Sede Muestreo'!B3 -> cedula | B6: Alfanumérico | C6: 7 | D6: 10 | H6: x | I6: Donde x puede ser una cadena de cualquier dígito que incluye solo números (0-9) | L6: SI | M6: SI | N6: NO | O6: NO | P6: SI | Q6: NO | R6: SI | S6: NO | T6: ='Representante Sede Muestreo'!B2 -> Corresponde al atributo que indica el número de documento de identidad del representante sede | U6: Requerido | V6: Requerido / No Modificable | W6: No Requerido | X6: Filtro/Listar/Mostrar[Orden{1}/CriterioOrdenamiento{1, ASC}/BusquedaGeneral{SI}/Ordenador{SI}/Reordenamiento{NO} ] | Y6: Filtro/Listar/No Mostrar | Z6: No Requerido | AA6: No Requerido | AB6: No Requerido
A7: ='Representante Sede Muestreo'!C3 -> nombre | B7: Alfanumérico | C7: 1 | D7: 120 | H7: x | I7: Donde x puede ser una cadena que incluye caracteres alfanuméricos, letras mayúsculas (A-Z), minúsculas (a-z) y tildes (á, é, í, ó, ú) | L7: SI | M7: SI | N7: NO | O7: NO | P7: SI | Q7: SI | R7: NO | S7: NO | T7: ='Representante Sede Muestreo'!C2 -> Corresponde al atributo que indica el nombre del representante sede | U7: Requerido | V7: Requerido / Modificable | W7: No Requerido | X7: Filtro/Listar/Mostrar[Orden{1}/CriterioOrdenamiento{1, ASC}/BusquedaGeneral{SI}/Ordenador{SI}/Reordenamiento{NO} ] | Y7: Filtro/Listar/No Mostrar | Z7: No Requerido | AA7: No Requerido | AB7: No Requerido
A8: ='Representante Sede Muestreo'!D3 -> primerApellido | B8: Alfanumérico | C8: 1 | D8: 120 | H8: x | I8: Donde x puede ser una cadena que incluye caracteres alfanuméricos, letras mayúsculas (A-Z), minúsculas (a-z) y tildes (á, é, í, ó, ú) | L8: SI | M8: SI | N8: NO | O8: NO | P8: SI | Q8: SI | R8: NO | S8: NO | T8: ='Representante Sede Muestreo'!D2 -> Corresponde al atributo que indica el primer apellido del representante sede | U8: Requerido | V8: Requerido / Modificable | W8: No Requerido | X8: Filtro/Listar/Mostrar[Orden{1}/CriterioOrdenamiento{1, ASC}/BusquedaGeneral{SI}/Ordenador{SI}/Reordenamiento{NO} ] | Y8: Filtro/Listar/No Mostrar | Z8: No Requerido | AA8: No Requerido | AB8: No Requerido
A9: ='Representante Sede Muestreo'!E3 -> segundoApellido | B9: Alfanumérico | C9: 1 | D9: 120 | H9: x | I9: Donde x puede ser una cadena que incluye caracteres alfanuméricos, letras mayúsculas (A-Z), minúsculas (a-z) y tildes (á, é, í, ó, ú) | L9: SI | M9: SI | N9: NO | O9: NO | P9: SI | Q9: SI | R9: NO | S9: NO | T9: ='Representante Sede Muestreo'!E2 -> Corresponde al atributo que indica el segundo apellido del representante sede | U9: Requerido | V9: Requerido / Modificable | W9: No Requerido | X9: Filtro/Listar/Mostrar[Orden{1}/CriterioOrdenamiento{1, ASC}/BusquedaGeneral{SI}/Ordenador{SI}/Reordenamiento{NO} ] | Y9: Filtro/Listar/No Mostrar | Z9: No Requerido | AA9: No Requerido | AB9: No Requerido
A10: ='Representante Sede Muestreo'!F3 -> email | B10: Alfanumérico | C10: 1 | D10: 250 | H10: Correo electrónico valido | L10: SI | M10: SI | N10: NO | O10: NO | P10: SI | Q10: SI | R10: SI | S10: NO | T10: ='Representante Sede Muestreo'!F2 -> Corresponde al atributo que indica el correo electrónico del representante sede | U10: Requerido | V10: Requerido / Modificable | W10: No Requerido | X10: Filtro/Listar/Mostrar[Orden{1}/CriterioOrdenamiento{1, ASC}/BusquedaGeneral{SI}/Ordenador{SI}/Reordenamiento{NO} ] | Y10: Filtro/Listar/Mostrar[Orden{1}/BusquedaGeneral{SI}/Ordenador{NO}/Reordenamiento{NO}] | Z10: Requerido | AA10: Requerido / No Modificable | AB10: Requerido
A11: ='Representante Sede Muestreo'!G3 -> celular | B11: Alfanumérico | C11: 10 | D11: 10 | H11: xxxxxxxxxx | I11: Donde cada x puede ser cualquier dígito que incluye solo números (0-9) | L11: SI | M11: SI | N11: NO | O11: NO | P11: SI | Q11: SI | R11: SI | S11: NO | T11: ='Representante Sede Muestreo'!G2 -> Corresponde al atributo que indica el número de celular del representante sede | U11: Requerido | V11: Requerido / Modificable | W11: No Requerido | X11: Filtro/Listar/Mostrar[Orden{1}/BusquedaGeneral{NO}/Ordenador{NO}/Reordenamiento{NO}] | Y11: Filtro/Listar/Mostrar[Orden{1}/BusquedaGeneral{NO}/Ordenador{NO}/Reordenamiento{NO}] | Z11: Requerido | AA11: Requerido / No Modificable | AB11: No Requerido
A12: ='Representante Sede Muestreo'!H3 -> emailConfirmado | B12: Booleano | L12: NO | M12: NO | N12: NO | O12: NO | P12: SI | Q12: SI | R12: SI | S12: NO | T12: ='Representante Sede Muestreo'!F2 -> Corresponde al atributo que indica el correo electrónico del representante sede | U12: Requerido | V12: Requerido / Modificable | W12: No Requerido | X12: Filtro/Listar/ No Mostrar | Y12: Filtro/Listar/ No Mostrar | Z12: Requerido | AA12: Requerido / Modificable | AB12: No Requerido
A13: ='Representante Sede Muestreo'!I3 -> numeroCelularConfirmado | B13: Booleano | L13: NO | M13: NO | N13: NO | O13: NO | P13: SI | Q13: SI | R13: SI | S13: NO | T13: ='Representante Sede Muestreo'!I2 -> Corresponde al atributo que indica si el número de celular del representante sede ha sido confirmado numeroCelularConfirmado | U13: Requerido | V13: Requerido / Modificable | W13: No Requerido | X13: Filtro/Listar/ No Mostrar | Y13: Filtro/Listar/ No Mostrar | Z13: Requerido | AA13: Requerido / Modificable | AB13: No Requerido
A14: contraseña | B14: Alfanumérico | C14: 8 | D14: 50 | H14: x | I14: Donde x puede ser una cadena que incluye caracteres alfanuméricos, letras mayúsculas (A-Z), minúsculas (a-z) y tildes (á, é, í, ó, ú) | L14: NO | M14: NO | N14: NO | O14: NO | P14: SI | Q14: SI | R14: SI | S14: NO | T14: ='Representante Sede Muestreo'!J2 -> Corresponde al atributo que indica la contraseña del representante sede | U14: Requerido | V14: Requerido / Modificable | W14: Requerido | X14: Filtro/Listar/ No Mostrar | Y14: Filtro/Listar/ No Mostrar | Z14: Requerido / Modificable | AA14: Requerido / Modificable | AB14: Requerido
A16: Combinaciones únicas
A17: Nombre combinación | B17: Descripción | C17: Atributos
A18: Correo único | B18: ='Representante Sede Muestreo'!K2 -> El representante sede no debe tener duplicidad en su correo electrónico | C18: =A10 -> email
A19: Número de celular único | B19: ='Representante Sede Muestreo'!L2 -> El representante sede no debe tener duplicidad en su número de celular | C19: =A11 -> celular
A20: Número de cédula único | B20: ='Representante Sede Muestreo'!M2 -> El representante sede no debe tener duplicidad en su número de cédula | C20: =A6 -> cedula
A24: Responsabilidad | C24: Descripción | G24: Entradas | J24: Salida | N24: Políticas (Reglas de Negocio) | R24: Excepción
E25: Parámetro | F25: Tipo de dato | H25: Descripción | I25: Tipo de Dato | K25: Descripción | M25: Política | O25: Descripción | Q25: Detalle | S25: ¿Qué hago?
A26: Registrar Información del Representante Sede | C26: Permite registrar un nuevo representante para una sede específica | E26: datos | F26: representanteSede | G26: Contiene información requerida para llevar a cabo el registro de un representante sede | M26: Representante Sede POL - 0005 | N26: Correo electrónico del representante sede debe ser único | Q26: Generar una excepción indicando al Representante Sede que el correo electrónico ya está registrado | S26: Detener Operación
M27: Representante Sede POL-0004 | N27: Número de celular del representante sede debe ser único | Q27: Generar una excepción indicando al Representante Sede que el número de celular ya está registrado | S27: Detener Operación
M28: Representante Sede POL - 0003 | N28: Número de cédula del representante sede debe ser único | Q28: Generar una excepción indicando al Representante Sede que el número de cédula ya está registrado | S28: Detener Operación
M29: Representante Sede POL-0002 | N29: No puede existir otro representante sede con el mismo identificador. | Q29: Generar un nuevo identificador hasta garantizar que no exista | S29: Continuar Operación
M30: Representante Sede POL - 0001 | N30: Asegurar que los datos requeridos para llevar a cabo la acción sean válidos a nivel de tipo de dato, longitud, obligatoriedad, formato y rango. | Q30: Generar una excepción indicándole al usuario que hay problemas con los datos ingresados y de ser posible indicarle como solucionarlos | S30: Detener Operación
A31: Modificar Información del Representante Sede | C31: Permite actualizar la información de un representante existente | E31: datos | F31: representanteSede | G31: Contiene información de los datos del representante sede a modificar | M31: Representante Sede POL-0005 | N31: Correo electrónico del representante sede debe ser único | Q31: Generar una excepción indicando al Representante Sede que el correo electrónico ya está registrado | S31: Detener Operación
E32: id | F32: Alfanumérico | G32: Contiene el identificador del representante sede a modificar la información | M32: Representante Sede POL-0004 | N32: Número de celular del representante sede debe ser único | Q32: Generar una excepción indicando al Representante Sede que el número de celular ya está registrado | S32: Detener Operación
M33: Representante Sede POL-0003 | N33: Número de cédula del representante sede debe ser único | Q33: Generar una excepción indicando al Representante Sede que el número de cédula ya está registrado | S33: Detener Operación
M34: Representante Sede POL-0001 | N34: Asegurar que los datos requeridos para llevar a cabo la acción sean válidos a nivel de tipo de dato, longitud, obligatoriedad, formato y rango. | Q34: Validar que todos los campos cumplan con las especificaciones requeridas antes de procesar la información | S34: Detener Operación
A35: Eliminar Información del Representante Sede | C35: Permite dar de baja a un representante del sistema | E35: id | F35: Alfanumérico | G35: Contiene el identificador del representante sede a eliminarle la información
M36: Representante Sede POL-0006 | N36: Asegurar que el representante sede no esté vinculado a una sede | P36: Detener la operación | Q36: Generar una excepción indicando al Representante Sede que el representante sede está vinculado a una sede | S36: Detener Operación
A39: Consultar Información detallada del Representante Sede | C39: Permite visualizar información detallada del representante | E39: filtro | F39: Lista<representanteSede> | G39: Contiene información de los filtros que se enviaran como base para llevar a cabo la consulta | I39: Lista<representanteSede> | J39: Contiene información del representante sede que cumple con el filtro | M39: Representante Sede POL - 0007 | N39: Asegurar que los datos que fueron enviados como filtro para llevar a cabo la acción sean válidos a nivel de tipo de dato, longitud, obligatoriedad, formato y rango. | Q39: Generar una excepción indicándole al Representante Sede que hay problemas con los datos ingresados y de ser posible indicarle cómo solucionarlos | S39: Detener Operación
A41: Consultar Información General del Representante Sede | C41: Permite visualizar información general del representante | E41: filtro | F41: Lista<representanteSede> | G41: Contiene información de los filtros que se enviaran como base para llevar a cabo la consulta | I41: Lista<representanteSede> | J41: Contiene información del representante sede que cumple con el filtro | M41: Representante Sede POL - 0007 | N41: Asegurar que los datos que fueron enviados como filtro para llevar a cabo la acción sean válidos a nivel de tipo de dato, longitud, obligatoriedad, formato y rango. | Q41: Generar una excepción indicándole al Representante Sede que hay problemas con los datos ingresados y de ser posible indicarle cómo solucionarlos | S41: Detener Operación
A43: Restablecer la Clave Representante Sede | C43: Permite al Representante Sede restablecer su contraseña.
E44: contraseña nueva | F44: Alfanumérico | G44: Contiene la clave nueva la cual será usada por representante sede para restablecer contraseña | M44: Representante Sede POL- 0008 | N44: Debe de existir Representante Sede con Clave | Q44: Generar una excepción indicándole al Representante Sede es un usuario no valido | S44: Detener Operación
E45: email | F45: Alfanumérico | G45: Contiene el email del representante sede a restablecer la clave | M45: Representante Sede POL- 0001 | N45: Asegurar que los datos requeridos para llevar a cabo la acción sean válidos a nivel de tipo de dato, longitud, obligatoriedad, formato y rango. | Q45: Generar una excepción indicándole al Representante Sede que hay problemas con los datos ingresados y de ser posible indicarle cómo solucionarlos | S45: Detener Operación
A46: Modificar la Clave Representante Sede | C46: Permite al Representante Sede cambiar su contraseña. | E46: contraseña nueva | F46: Alfanumérico | G46: Contiene la clave nueva la cual será usada por representante sede para modificar la contraseña | M46: Representante Sede POL- 0001 | N46: Asegurar que los datos requeridos para llevar a cabo la acción sean válidos a nivel de tipo de dato, longitud, obligatoriedad, formato y rango. | Q46: Generar una excepción indicándole al Representante Sede que hay problemas con los datos ingresados y de ser posible indicarle cómo solucionarlos | S46: Detener Operación
E47: contraseña actual | F47: Alfanumérico | G47: Contiene la clave actual la cual será usada por representante sede para modificar contraseña | M47: Representante Sede POL- 0008 | N47: Debe de existir Representante Sede con Clave | Q47: Generar una excepción indicándole al Representante Sede es un usuario no valido | S47: Detener Operación
E48: email | F48: Alfanumérico | G48: Contiene el email del representante sede a modificar la clave
A49: Autenticar Información del Representante Sede | C49: Permite validar las credenciales del Representante Sede para acceder a su Información. | E49: email | F49: Alfanumérico | G49: Contiene el email del representante sede que se va autenticar | M49: Representante Sede POL - 0001 | N49: Asegurar que los datos requeridos para llevar a cabo la acción sean válidos a nivel de tipo de dato, longitud, obligatoriedad, formato y rango. | Q49: Generar una excepción indicándole al Representante Sede que hay problemas con los datos ingresados y de ser posible indicarle cómo solucionarlos | S49: Detener Operación
E50: contraseña actual | F50: Alfanumérico | G50: Contiene la contraseña del representante sede que se va autenticar | M50: Representante Sede POL- 0008 | N50: Debe de existir Representante Sede con Clave | Q50: Generar una excepción indicándole al Representante Sede es un usuario no valido | S50: Detener Operación

Sheet Sede Muestreo
A2: Corresponde al identificador único que identifica cada sede de una sede. | B2: Corresponde al atributo que indica el nombre comercial del establecimiento. | C2: Corresponde al nombre que identifica la sede de la sede. | D2: Corresponde a la sede al cual pertenece la sede | E2: Corresponde al tipo de sede de acuerdo con los servicios que ofrece la sede | F2: Corresponde al número de identificación del representante legal de la sede | G2: La sede no debe tener duplicidad en la combinación del nombre de la sede y la franquicia a la que pertenece
A3: id | B3: id | C3: nombre | D3: franquicia | E3: tipoSede | F3: representanteSede | G3: Combinación única
A4: b9c4e9f8-8f3b-4c2a-bb1d-7c8f8b2f1a5e | B4: 23663 | C4: Sede A | D4: Baike universe | E4: ='TipoSede Muestreo'!C4 -> Taller mecánico | F4: 1568214 | G4: Sede A - Baike universe
A5: d7c1e0a3-5f6e-4a4a-bb3b-e1f8d2b9c6a1 | B5: 24682 | C5: Sede B | D5: Baike universe | E5: ='TipoSede Muestreo'!C5 -> Almacén de repuestos | F5: 1568214 | G5: Sede B - Baike universe
A6: a3d5e7c2-1d0f-4c9f-ae6e-5b6a8c0e9d3b | B6: 25701 | C6: Sede A | D6: Dos Ruedas | E6: ='TipoSede Muestreo'!C6 -> Taller mecánico - Almacén de repuestos | F6: 45654565 | G6: Sede A - Dos Ruedas
A7: f8e6c1a4-3ad6-4a5f-bf0d-2b4e0c5d7a2f | B7: 26720 | C7: Sede A | D7: MotoLand | E7: ='TipoSede Muestreo'!C4 -> Taller mecánico | F7: 756632414 | G7: Sede A - MotoLand
A8: a3d5e7c2-1d0f-4c9f-ae6e-5b6a8c0e9d3b | C8: Sede A | D8: Todo Motos | E8: ='TipoSede Muestreo'!C4 -> Taller mecánico | F8: 1036956622 | G8: Sede A - Todo Motos

Sheet Sede Caracterización
A2: Objeto de Dominio: | B2: ='Listado Objetos de Dominio'!$A$31 -> Sede
A3: Descripción: | B3: ='Listado Objetos de Dominio'!$B$10 -> Objeto de dominio que representa el nombre comercial de la franquicia que ofrece servicios para motocicletas.
A4: Atributo | B4: Tipo de Dato | C4: Longitud mínima | D4: Longitud máxima | E4: Precisión | F4: Rango Inicial | G4: Rango Final | H4: Formato | I4: Descripción Formato | J4: Valor por defecto | K4: Regla especial | L4: ¿Quitar espacios en blanco al inicio? | M4: ¿Quitar espacios en blanco al final? | N4: ¿Auto generado? | O4: ¿Calculado? | P4: ¿Obligatorio? | Q4: ¿Modificable? | R4: ¿Sensible? | S4: ¿Identifica al registro? | T4: Descripción | U4: =A24 -> Registrar Información de una nueva Sede | V4: =A29 -> Modificar la Información de la Sede | W4: =A32 -> Eliminar Información de la Sede | X4: =A35 -> Consultar Información de la Sede
A5: ='Sede Muestreo'!A3 -> id | B5: Alfanumérico | C5: 36 | D5: 36 | H5: xxxxxxxx-xxxx-xxxx-xxxx-xxxxxxxxxxxx | I5: Donde cada x es cualquier carácter que puede ir de( 0-9, a-f) | L5: NO | M5: NO | N5: SI | O5: NO | P5: SI | Q5: NO | R5: NO | S5: SI | T5: ='Sede Muestreo'!A2 -> Corresponde al identificador único que identifica cada sede de una sede. | U5: Requerido | V5: Requerido / No Modificable | W5: Requerido | X5: Filtro/Listar/ No Mostrar
A6: ='Sede Muestreo'!C3 -> nombre | B6: Alfanumérico | C6: 1 | D6: 200 | H6: x | I6: Donde x puede ser una cadena que incluye caracteres alfanuméricos, espacios ( ), letras mayúsculas (A-Z), minúsculas (a-z) y tildes (á, é, í, ó, ú) | L6: SI | M6: SI | N6: NO | O6: NO | P6: SI | Q6: SI | R6: NO | S6: NO | T6: ='Sede Muestreo'!C2 -> Corresponde al nombre que identifica la sede de la sede. | U6: Requerido | V6: Requerido / Modificable | W6: No Requerido | X6: Filtro/Listar/Mostrar[Orden{1}/CriterioOrdenamiento{1, ASC}/BusquedaGeneral{SI}/Ordenador{SI}/Reordenamiento{NO} ]
A7: ='Sede Muestreo'!D3 -> franquicia | B7: franquicia | L7: NO | M7: NO | N7: NO | O7: NO | P7: SI | Q7: NO | R7: NO | S7: NO | T7: ='Sede Muestreo'!D2 -> Corresponde a la sede al cual pertenece la sede | U7: Requerido | V7: Requerido / Modificable | W7: No Requerido | X7: Filtro/Listar/Mostrar[Orden{2}/CriterioOrdenamiento{2, ASC}/BusquedaGeneral{SI}/Ordenador{SI}/Reordenamiento{NO} /PropiedadesMostrar{ sede.nombre}]
A8: ='Sede Muestreo'!E3 -> tipoSede | B8: tipoSede | T8: ='Sede Muestreo'!E2 -> Corresponde al tipo de sede de acuerdo con los servicios que ofrece la sede | U8: Requerido | V8: Requerido / Modificable | W8: No Requerido | X8: Filtro/Listar/Mostrar[Orden{3}/CriterioOrdenamiento{3, ASC}/BusquedaGeneral{SI}/Ordenador{SI}/Reordenamiento{NO} /PropiedadesMostrar{ tipoSede.nombre}]
A9: ='Sede Muestreo'!F3 -> representanteSede | B9: representantesede | L9: NO | M9: NO | N9: NO | O9: NO | P9: SI | Q9: NO | R9: NO | S9: NO | T9: ='Sede Muestreo'!F2 -> Corresponde al número de identificación del representante legal de la sede | U9: Requerido | V9: Requerido / Modificable | W9: No Requerido | X9: Filtro/Listar/Mostrar[Orden{4}/BusquedaGeneral{SI}/Ordenador{NO}/Reordenamiento{NO} /PropiedadesMostrar{ representanteSede.email}]
A13: Combinaciones únicas
A14: Nombre combinación | B14: Descripción | C14: Atributos
A15: Nombre sede única | B15: ='Sede Muestreo'!G2 -> La sede no debe tener duplicidad en la combinación del nombre de la sede y la franquicia a la que pertenece | C15: =A6 -> nombre
A16: Nombre establecimiento único | C16: =A7 -> franquicia
A22: Responsabilidad | C22: Descripción | G22: Entradas | J22: Salida | N22: Políticas (Reglas de Negocio) | R22: Excepción
E23: Parámetro | F23: Tipo de dato | H23: Descripción | I23: Tipo de Dato | K23: Descripción | M23: Política | O23: Descripción | Q23: Detalle | S23: ¿Qué hago?
A24: Registrar Información de una nueva Sede | C24: Permite crear una nueva sede. | E24: datos | F24: Servicio | G24: Contiene información requerida para llevar a cabo el registro de una sede | M24: Sede POL - 0003 | N24: No puede existir otra sede con el mismo identificador | Q24: Generar un nuevo identificador hasta garantizar que no exista | S24: Continuar Operación
M25: SedePOL-0002 | N25: No debe existir una sede previamente registrada con el mismo nombre. | Q25: Generar una excepción indicando al usuario que la sede ya está registrado | S25: Detener Operación
M26: SedePOL-0001 | N26: Asegurar que los datos requeridos para llevar a cabo la acción sean válidos a nivel de tipo de dato, longitud, obligatoriedad, formato y rango. | Q26: Generar una excepción indicándole al usuario que hay problemas con los datos ingresados y de ser posible indicarle como solucionarlos. | S26: Detener Operación
M27: Sede POL - 0004 | N27: El tipo de Sede debe estar previamente registrado. | Q27: Generar una excepción indicándole al usuario que hay problemas con los datos ingresados y de ser posible indicarle como solucionarlos. | S27: Detener Operación
M28: Sede POL - 0005 | N28: El representante sede debe estar previamente registrado. | Q28: Generar una excepción indicándole al usuario que hay problemas con los datos ingresados y de ser posible indicarle como solucionarlos. | S28: Detener Operación
A29: Modificar la Información de la Sede | C29: Permite modificar la información de la Sede | E29: datos | F29: Servicio | G29: Contiene información de los datos de la sede a modificar | M29: SedePOL-0001 | N29: Asegurar que los datos requeridos para llevar a cabo la acción sean válidos a nivel de tipo de dato, longitud, obligatoriedad, formato y rango. | Q29: Validar que todos los campos cumplan con las especificaciones requeridas antes de procesar la información. | S29: Detener Operación
E30: id | F30: Alfanumérico | G30: Contiene el identificador de la sede a modificar la información
A32: Eliminar Información de la Sede | C32: Permite dar de baja una sede. | E32: id | F32: Alfanumérico | G32: Contiene el identificador de la sede a eliminar la información | M32: SedePOL-0001 | N32: Asegurar que los datos requeridos para llevar a cabo la acción sean válidos a nivel de tipo de dato, longitud, obligatoriedad, formato y rango. | Q32: Generar una excepción indicándole al usuario que hay problemas con los datos ingresados y de ser posible indicarle como solucionarlos. | S32: Detener Operación
M33: SedePOL-0006 | N33: La sede no debe de estar asociada a una franquicia | Q33: Generar una excepción indicándole al usuario que no es posible eliminar la sede. | S33: Detener Operación
A35: Consultar Información de la Sede | C35: Permite ver la información de una o múltiples sedes | E35: Filtro | F35: Lista<sede> | G35: Contiene información de los filtros que se enviaran como base para llevar a cabo la consulta | I35: Lista<sede> | J35: Contiene información del Servicio que cumple con el filtro | M35: Sede POL - 0007 | N35: Asegurar que los datos que fueron enviados como filtro para llevar a cabo la acción sean válidos a nivel de tipo de dato, longitud, obligatoriedad, formato y rango. | Q35: Validar que todos los campos cumplan con las especificaciones requeridas antes de procesar la información. | S35: Detener Operación

Sheet Servicio Muestreo 
A2: Corresponde al identificador único que identifica cada servicio automotriz que puede ser realizado en el establecimiento. | B2: Corresponde al atributo que indica el nombre específico del servicio automotriz que se ofrece a los clientes | C2: Corresponde al tipoServicio que indica la clasificación o categoría técnica a la que pertenece el servicio automotriz | D2: El servicio automotriz no debe tener duplicidad en el nombre del servicio
A3: id | B3: nombre | C3: tipoServicio | D3: Combinación única
A4: f41c3f82-6b9d-4461-8562-2a5cac872408 | B4: Cambio de aceite y filtros | C4: Mantenimiento Preventivo | D4: Cambio de aceite y filtros
A5: 8124cdfc-2309-44cd-82df-978efb62032e | B5: Revisión/ajuste de frenos | C5: Sistema de Motor | D5: Revisión/ajuste de frenos
A6: c62c6888-3ba5-4deb-9164-27cfcf9d99b3 | B6: Afinación de motor | C6: Sistema Eléctrico | D6: Afinación de motor
A7: a7409d04-f6d1-411a-a584-2b49215f5378 | B7: Inspección de neumáticos | C7: Transmisión | D7: Inspección de neumáticos
A8: f41c3f82-6b9d-4461-8562-2a5cac872409 | B8: Limpieza/ajuste de cadena | C8: Suspensión y Dirección | D8: Limpieza/ajuste de cadena
A9: 8124cdfc-2309-44cd-82df-978efb62032e | B9: Reparación/reconstrucción | C9: Sistema de Motor | D9: Reparación/reconstrucción
A10: c62c6888-3ba5-4deb-9164-27cfcf9d99b4 | B10: Diagnóstico electrónico | C10: Sistema de Motor | D10: Diagnóstico electrónico
A11: a7409d04-f6d1-411a-a584-2b49215f5379 | B11: Ajuste de válvulas | C11: Sistema de Motor | D11: Ajuste de válvulas
A12: f41c3f82-6b9d-4461-8562-2a5cac872410 | B12: Sincronización de carburadores | C12: Sistema de Motor | D12: Sincronización de carburadores
A13: 8124cdfc-2309-44cd-82df-978efb62032e | B13: Mantenimiento de inyectores | C13: Sistema de Motor | D13: Mantenimiento de inyectores
... A33: 51015b1b-3d5e-4813-895b-5efa7cee1902 | B33: Diagnóstico computarizado | C33: Servicios Especializados | D33: Diagnóstico computarizado

Sheet Servicio Caracterización
A1: <-Volver al inicio
A2: Objeto de Dominio: | B2: ='Listado Objetos de Dominio'!$A$25 -> Servicio
A3: Descripción: | B3: ='Listado Objetos de Dominio'!$B$25 -> Objeto de dominio que representa los servicios de mantenimiento o reparación ofrecidos para las motocicletas
A4: Atributo | B4: Tipo de Dato | C4: Longitud mínima | D4: Longitud máxima | E4: Precisión | F4: Rango Inicial | G4: Rango Final | H4: Formato | I4: Descripción Formato | J4: Valor por defecto | K4: Regla especial | L4: ¿Quitar espacios en blanco al inicio? | M4: ¿Quitar espacios en blanco al final? | N4: ¿Auto generado? | O4: ¿Calculado? | P4: ¿Obligatorio? | Q4: ¿Modificable? | R4: ¿Sensible? | S4: ¿Identifica al registro? | T4: Descripción | U4: =A24 -> Crear Información del Servicio | V4: =A28 -> Modificar Información del Servicio | W4: =A32 -> Consultar Información del Servicio
A5: ='Servicio Muestreo '!A3 -> id | B5: Alfanumérico | C5: 36 | D5: 36 | H5: xxxxxxxx-xxxx-xxxx-xxxx-xxxxxxxxxxxx | I5: Donde cada x es cualquier carácter que puede ir de( 0-9, a-f) | L5: NO | M5: NO | N5: SI | O5: NO | P5: SI | Q5: NO | R5: NO | S5: SI | T5: ='Servicio Muestreo '!A2 -> Corresponde al identificador único que identifica cada servicio automotriz que puede ser realizado en el establecimiento. | U5: Requiere | V5: Requiere / No Modificar | W5: Filtro/Listar/ No Mostrar
A6: ='Servicio Muestreo '!B3 -> nombre | B6: Alfanumérico | C6: 1 | D6: 50 | H6: x | I6: Cadena de caracteres donde x puede ser cualquier letra del alfabeto(A-Z) o (a-z) o ( 0-9, a-f). | L6: NO | M6: NO | N6: NO | O6: NO | P6: SI | Q6: SI | R6: NO | S6: NO | T6: ='Servicio Muestreo '!B2 -> Corresponde al atributo que indica el nombre específico del servicio automotriz que se ofrece a los clientes | U6: Requiere | V6: Requiere / Modificar | W6: Filtro/Listar/Mostrar[Orden{1}/CriterioOrdenamiento{1, ASC}/BusquedaGeneral{SI}/Ordenador{SI}/Reordenamiento{NO}]
A7: ='Servicio Muestreo '!C3 -> tipoServicio | B7: tipoServicio | L7: NO | M7: NO | N7: NO | O7: NO | P7: SI | Q7: SI | R7: NO | S7: NO | T7: ='Servicio Muestreo '!C2 -> Corresponde al tipoServicio que indica la clasificación o categoría técnica a la que pertenece el servicio automotriz | U7: Requiere | V7: Requiere / Modificar | W7: Filtro/Listar/Mostrar[Orden{2}/CriterioOrdenamiento{1, ASC}/BusquedaGeneral{SI}/Ordenador{SI}/Reordenamiento{NO} /PropiedadesMostrar{ tipoServicio.nombre}]
A10: Combinaciones únicas
A11: Nombre combinación | B11: Descripción | C11: Atributos
A12: servicio único | B12: ='Servicio Muestreo '!D2 -> El servicio automotriz no debe tener duplicidad en el nombre del servicio | C12: =A6 -> nombre
C13: =A7 -> tipoServicio
A22: Responsabilidad | C22: Descripción | G22: Entradas | J22: Salida | N22: Políticas (Reglas de Negocio) | R22: Excepción
E23: Parámetro | F23: Tipo de dato | H23: Descripción | I23: Tipo de Dato | K23: Descripción | M23: Política | O23: Descripción | Q23: Detalle | S23: ¿Qué hago?
A24: Crear Información del Servicio | C24: Permite registrar un nuevo servicio para motocicletas | E24: datos | F24: servicio | G24: Contiene información requerida para llevar a cabo el registro de un nuevo servicio
M25: Servicio POL-0002 | N25: No debe haber servicios previamente registrados con el mismo nombre | Q25: Generar una excepción indicándole al usuario que hay problemas con los datos ingresados y de ser posible indicarle como solucionarlos | S25: Detener la operación
M26: Servicio POL-0001 | N26: Asegurar que los datos requeridos para llevar a cabo la acción sean válidos a nivel de tipo de dato, longitud, obligatoriedad, formato y rango. | Q26: Generar una excepción indicándole al usuario que hay problemas con los datos ingresados y de ser posible indicarle como solucionarlos | S26: Detener la operación
M27: Servicio POL-0003 | N27: No debe existir otro Servicio con el mismo identificador. | Q27: Generar un nuevo identificador hasta garantizar que no exista | S27: Continuar la operación
A28: Modificar Información del Servicio | C28: Permite actualizar la información de un servicio existente | E28: datos | F28: servicio | G28: Contiene información de los datos del servicio a modificar
E29: id | F29: Alfanumérico | G29: Contiene el identificador del servicio a modificar la información | M29: Servicio POL-0001 | N29: Asegurar que los datos requeridos para llevar a cabo la acción sean válidos a nivel de tipo de dato, longitud, obligatoriedad, formato y rango. | Q29: Generar una excepción indicándole al usuario que hay problemas con los datos ingresados y de ser posible indicarle como solucionarlos | S29: Detener la operación
A32: Consultar Información del Servicio | C32: Permite visualizar información sobre tipos de servicio y servicios disponibles | E32: filtro | F32: Lista<servicio> | G32: Contiene información de los filtros que se enviaran como base para llevar a cabo la consulta | I32: Lista<servicio> | J32: Contiene información del servicio que cumple con el filtro | M32: Servicio POL - 0004 | N32: Asegurar que los datos que fueron enviados como filtro para llevar a cabo la acción sean válidos a nivel de tipo de dato, longitud, obligatoriedad, formato y rango. | Q32: Asegurar que los datos que fueron enviados como filtro para llevar a cabo la acción sean válidos a nivel de tipo de dato, longitud, obligatoriedad, formato y rango. | S32: Detener la operación

Sheet Servicio Reali Muestreo
A2: Corresponde al identificador único que identifica cada servicio que se ha realizado. | B2: Corresponde al atributo que indica la fecha en que se inició el servicio. | C2: Corresponde al atributo que indica la fecha en que se finalizó o canceló el servicio. | D2: Corresponde a la sede que realizó el servicio. | E2: Corresponde al estado en el que se encuentra servicio actual. | F2: Corresponde al atributo que indica la identificación de la motocicleta. | G2: El servicio realizado no debe tener duplicidad en la combinación del sede que brinda el servicio, estado del servicio , fechas y la matrícula de la motocicleta.
A3: id | B3: fechaInicio | C3: fechaFinalizacion | D3: SedeServicio | E3: estadoServicioRealizado | F3: motocicleta | G3: Combinación única
A4: 62bd7e62-34d6-4a87-ac4b-8adb8ba57975 | B4: 45638 | C4: 45638 | D4: Baike universe - Cambio de aceite y filtros | E4: Finalizado | F4: MRC35E | G4: Baike universe - Cambio de aceite y filtros - Finalizado - 12/12/2024 - 12/12/2024 - MRC35E
A5: 8b8771a3-cab6-4f85-b668-300b9ed7f4ab | B5: 13/12/2024 | C5: 13/12/2024 | D5: Dos Ruedas - Revisión/ajuste de frenos | E5: Cancelado | F5: YBR67A | G5: Dos Ruedas - Revisión/ajuste de frenos - Cancelado - 13/12/2024 - 13/12/2024 - YBR67A

Sheet Servicio Reali Caracterizació
A1: Inicio
A2: Objeto de Dominio: | B2: ='Listado Objetos de Dominio'!$A$26 -> Servicio Realizado
A3: Descripción: | B3: ='Listado Objetos de Dominio'!$B$26 -> Objeto de dominio que representa un servicio específico completado en una motocicleta.
A4: Atributo | B4: Tipo de Dato | C4: Longitud mínima | D4: Longitud máxima | E4: Precisión | F4: Rango Inicial | G4: Rango Final | H4: Formato | I4: Descripción Formato | J4: Valor por defecto | K4: Regla especial | L4: ¿Quitar espacios en blanco al inicio? | M4: ¿Quitar espacios en blanco al final? | N4: ¿Auto generado? | O4: ¿Calculado? | P4: ¿Obligatorio? | Q4: ¿Modificable? | R4: ¿Sensible? | S4: ¿Identifica al registro? | T4: Descripción | U4: =A23 -> Registrar Información del Servicio Realizado | V4: =A28 -> Modificar Información del Servicio Realizado | W4: =A34 -> Consultar Información del Servicio Realizado
A5: ='Servicio Reali Muestreo'!A3 -> id | B5: Alfanumérico | C5: 36 | D5: 36 | H5: xxxxxxxx-xxxx-xxxx-xxxx-xxxxxxxxxxxx | I5: Donde cada x es cualquier carácter que puede ir de( 0-9, a-f) | L5: NO | M5: NO | N5: SI | O5: NO | P5: SI | Q5: NO | R5: NO | S5: SI | T5: ='Calificación Muestreo'!A2 -> Corresponde al identificador único que identifica cada calificación realizada por un usuario a un servicio. | U5: Requerido | V5: Requerido / No Modificable | W5: Filtro/Listar/ No Mostrar
A6: ='Servicio Reali Muestreo'!B3 -> fechaInicio | B6: Fecha | L6: NO | M6: NO | N6: NO | O6: NO | P6: SI | Q6: SI | R6: NO | S6: NO | T6: ='Calificación Muestreo'!B2 -> Corresponde al ServicioRealizado que identifica el servicio que fue realizado y puede ser calificado. | U6: Requerido | V6: Requerido / Modificable | W6: Filtro/Listar/Mostrar[Orden{1}/CriterioOrdenamiento{1, ASC}/BusquedaGeneral{SI}/Ordenador{SI}/Reordenamiento{NO}]
A7: ='Servicio Reali Muestreo'!C3 -> fechaFinalizacion | B7: Fecha | L7: NO | M7: NO | N7: NO | O7: NO | P7: SI | Q7: SI | R7: NO | S7: NO | T7: ='Calificación Muestreo'!C2 -> Corresponde al atributo que indica la fecha en que el usuario realizó la calificación del servicio. | U7: Requerido | V7: Requerido / Modificable | W7: Filtro/Listar/Mostrar[Orden{2}/CriterioOrdenamiento{1, ASC}/BusquedaGeneral{SI}/Ordenador{SI}/Reordenamiento{NO}]
A8: ='Servicio Reali Muestreo'!D3 -> SedeServicio | B8: sedeServicio | L8: NO | M8: NO | N8: NO | O8: NO | P8: SI | Q8: SI | R8: NO | S8: NO | T8: ='Calificación Muestreo'!D2 -> Corresponde al rangoCalificacion que indica la calificación otorgada un servicio. | U8: Requerido | V8: Requerido / Modificable | W8: Filtro/Listar/Mostrar[Orden{3}/CriterioOrdenamiento{1, ASC}/BusquedaGeneral{SI}/Ordenador{SI}/Reordenamiento{NO} /PropiedadesMostrar{ sedeServicio.nombre }]
A9: ='Servicio Reali Muestreo'!E3 -> estadoServicioRealizado | B9: estadoServicioRealizado | L9: NO | M9: NO | N9: NO | O9: NO | P9: SI | Q9: SI | R9: NO | S9: NO | T9: ='Calificación Muestreo'!E2 -> Corresponde al atributo que permite al usuario expresar su opinión detallada sobre el servicio recibido. | U9: Requerido | V9: Requerido / Modificable | W9: Filtro/Listar/Mostrar[Orden{4}/CriterioOrdenamiento{1, ASC}/BusquedaGeneral{SI}/Ordenador{SI}/Reordenamiento{NO} /PropiedadesMostrar{ estadoServicioRealizado.nombre }]
A10: ='Servicio Reali Muestreo'!F3 -> motocicleta | B10: motocicleta | L10: NO | M10: NO | N10: NO | O10: NO | P10: SI | Q10: SI | R10: SI | S10: NO | T10: ='Calificación Muestreo'!F2 -> Corresponde al atributo que indica si el comentario contiene contenido ofensivo | U10: Requerido | V10: Requerido / Modificable | W10: Filtro/Listar/Mostrar[Orden{5}/CriterioOrdenamiento{1, ASC}/Ordenador{SI}/Reordenamiento{NO} /PropiedadesMostrar{ motocicleta.usuario.email, motocicleta.referencia }]
A12: Combinaciones únicas
A13: Nombre combinación | B13: Descripción | C13: Atributos
A14: servicio realizado y fecha de calificación únicos | B14: ='Servicio Reali Muestreo'!G2 -> El servicio realizado no debe tener duplicidad en la combinación del sede que brinda el servicio, estado del servicio , fechas y la matrícula de la motocicleta. | C14: =A6 -> fechaInicio
C15: =A7 -> fechaFinalizacion
A21: Responsabilidad | C21: Descripción | G21: Entradas | J21: Salida | N21: Políticas (Reglas de Negocio) | R21: Excepción
E22: Parámetro | F22: Tipo de dato | H22: Descripción | I22: Tipo de Dato | K22: Descripción | M22: Política | O22: Descripción | Q22: Detalle | S22: ¿Qué hago?
A23: Registrar Información del Servicio Realizado | C23: Permite registrar un nuevo servicio realizado | E23: datos | F23: servicioRealizado | G23: Contiene información requerida para llevar a cabo el registro del servicio realizado de una sede | M23: Servicio Realizado POL - 0003 | N23: La motocicleta debe estar previamente registrada | Q23: Generar una excepción indicándole al usuario que hay problemas con los datos ingresados y de ser posible indicarle como solucionarlos | S23: Continuar Operación
M24: Servicio Realizado POL-0002 | N24: La sede debe estar previamente registrada | Q24: Generar una excepción indicándole al usuario que la sede debe registrarse primero | S24: Detener Operación
M25: Servicio Realizado POL-0001 | N25: Asegurar que los datos requeridos para llevar a cabo la acción sean válidos a nivel de tipo de dato, longitud, obligatoriedad, formato y rango. | Q25: Generar una excepción indicándole al usuario que hay problemas con los datos ingresados y de ser posible indicarle como solucionarlos | S25: Detener Operación
M26: Servicio Realizado POL - 0004 | N26: El estado del servicio realizado debe de seguir una secuencia ya definida | Q26: Generar una excepción indicándole al usuario que los estados tienen un orden lógico. | S26: Detener Operación
M27: Servicio Realizado POL - 0005 | N27: No puede existir otro servicio con el mismo identificador. | Q27: Generar un nuevo identificador hasta garantizar que no exista | S27: Continuar Operación
A28: Modificar Información del Servicio Realizado | C28: Permite actualizar la información de un servicio realizado | E28: datos | F28: servicioRealizado | G28: Contiene información de los datos del servicio realizado a modificar | M28: Servicio Realizado POL-0001 | N28: Asegurar que los datos requeridos para llevar a cabo la acción sean válidos a nivel de tipo de dato, longitud, obligatoriedad, formato y rango. | Q28: Validar que todos los campos cumplan con las especificaciones requeridas antes de procesar la información. | S28: Detener Operación
E29: id | F29: Alfanumérico | G29: Contiene el identificador del servicio realizado a modificar la información | M29: Servicio Realizado POL-0006 | N29: El servicio realizado debe estar previamente registrado | Q29: Generar una excepción indicándole al usuario que hay problemas con los datos ingresados y de ser posible indicarle como solucionarlos | S29: Detener Operación
A31: Eliminar Información del Servicio Realizado | C31: Permite eliminarla información de un servicio realizado | E31: id | F31: Alfanumérico | G31: Contiene el identificador del servicio realizado a eliminar la información | M31: Servicio Realizado POL-0001 | N31: Asegurar que los datos requeridos para llevar a cabo la acción sean válidos a nivel de tipo de dato, longitud, obligatoriedad, formato y rango. | Q31: Generar una excepción indicándole al usuario que hay problemas con los datos ingresados y de ser posible indicarle como solucionarlos | S31: Detener Operación
M32: Servicio Realizado POL-0009 | N32: El servicio realizado debe estar finalizado | Q32: Generar una excepción indicándole al usuario que para poder eliminar el servicio primero debe de estar finalizado | S32: Detener Operación
M33: Servicio Realizado POL-0007 | N33: El servicio no debe tener dependencias | Q33: Generar una excepción indicándole al usuario que hay problemas con los datos ingresados y de ser posible indicarle como solucionarlos
A34: Consultar Información del Servicio Realizado | C34: Permite ver los servicios realizados | E34: Filtro | F34: Lista<servicioRealizado> | G34: Contiene información de los filtros que se enviaran como base para llevar a cabo la consulta | I34: Lista<servicioRealizado> | J34: Contiene información del servicio realizado que cumple con el filtro | M34: Servicio Realizado POL - 0008 | N34: Asegurar que los datos que fueron enviados como filtro para llevar a cabo la acción sean válidos a nivel de tipo de dato, longitud, obligatoriedad, formato y rango. | Q34: Generar una excepción indicándole al usuario que hay problemas con los datos ingresados y de ser posible indicarle como solucionarlos | S34: Detener Operación

Sheet Servicio Sede Muestreo 
A2: Corresponde al identificador único que identifica cada servicio ofrecido por un sede. | B2: Corresponde a la sede que ofrece el servicio. | C2: Corresponde al servicio que se ofrece cada sede. | D2: Corresponde al atributo que indica la fecha desde la cual la sede comenzó a ofrecer el servicio. | E2: Corresponde al identificador único que identifica cada servicio ofrecido por una sede. | F2: Corresponde al atributo que indica si el servicio está actualmente vigente en la sede. | G2: Corresponde al atributo que indica si el servicio es prestado por un tercero. | H2: El servicio de la sede no debe tener duplicidad en la combinación del nombre de la sede y el servicio.
A3: id | B3: sede | C3: servicio | D3: fechaInicio | E3: fechaFin | F3: vigencia | G3: servicioTercero | H3: Combinación única
A4: a8cf92cc-db7f-4b68-b66a-5bb2815b7e9a | B4: Sede A - Baike universe | C4: Cambio de aceite y filtros | D4: 45642 | F4: SI | G4: SI | H4: Sede A - Baike universe - Cambio de aceite y filtros
A5: 69c41d01-0e24-4186-a8e0-eb0329522dac | B5: Sede B - Baike universe | C5: Revisión/ajuste de frenos | D5: 45612 | F5: SI | G5: No | H5: Sede B - Baike universe - Revisión/ajuste de frenos
A6: d52ad4b6-1c9b-4ab5-b6fd-72a444bf1578 | B6: Sede A - Dos Ruedas | C6: Revisión/ajuste de frenos | D6: 45490 | F6: SI | G6: No | H6: Sede A - Dos Ruedas - Revisión/ajuste de frenos
A7: e4ec760c-2a0d-406b-8dae-5710bed70b0f | B7: Sede A - MotoLand | C7: Afinación de motor | D7: 45432 | F7: SI | G7: No | H7: Sede A - MotoLand - Afinación de motor
A8: 69c41d01-0e24-4186-a8e0-eb0329522dac | B8: Sede A - Todo Motos | C8: Inspección de neumáticos | D8: 45307 | E8: 45428 | F8: No | G8: No | H8: Sede A - Todo Motos - Inspección de neumáticos

Sheet Servicio Sede Caracterización
A1: <-Volver al inicio
A2: Objeto de Dominio: | B2: ='Listado Objetos de Dominio'!$A$12 -> Servicio sede
A3: Descripción: | B3: ='Listado Objetos de Dominio'!$B$12 -> Objeto de dominio que representa la relación entre una sede y los servicios que ofrece.
A4: Atributo | B4: Tipo de Dato | C4: Longitud mínima | D4: Longitud máxima | E4: Precisión | F4: Rango Inicial | G4: Rango Final | H4: Formato | I4: Descripción Formato | J4: Valor por defecto | K4: Regla especial | L4: ¿Quitar espacios en blanco al inicio? | M4: ¿Quitar espacios en blanco al final? | N4: ¿Auto generado? | O4: ¿Calculado? | P4: ¿Obligatorio? | Q4: ¿Modificable? | R4: ¿Sensible? | S4: ¿Identifica al registro? | T4: Descripción | U4: =A27 -> Crear Información del Servicio Sede | V4: =A32 -> Modificar Información del Servicio Sede | W4: =A35 -> Eliminar Información del Servicio Sede | X4: =A38 -> Consultar Información Servicio Sede | Y4: =A40 -> Desactivar Servicio sede | Z4: =A42 -> Activar Servicio Sede
A5: ='Servicio Sede Muestreo '!A3 -> id | B5: Alfanumérico | C5: 36 | D5: 36 | H5: xxxxxxxx-xxxx-xxxx-xxxx-xxxxxxxxxxxx | I5: Donde cada x es cualquier carácter que puede ir de( 0-9, a-f) | L5: NO | M5: NO | N5: SI | O5: NO | P5: SI | Q5: NO | R5: NO | S5: SI | T5: ='Servicio Sede Muestreo '!A2 -> Corresponde al identificador único que identifica cada servicio ofrecido por un sede. | U5: Requerido | V5: Requerido / No Modificable | W5: Requerido | X5: Filtro/Listar/ No Mostrar | Y5: Requerido | Z5: Requerido
A6: ='Servicio Sede Muestreo '!B3 -> sede | B6: sede | L6: NO | M6: NO | N6: NO | O6: NO | P6: SI | Q6: NO | R6: NO | S6: NO | T6: ='Servicio Sede Muestreo '!B2 -> Corresponde a la sede que ofrece el servicio. | U6: Requerido | V6: Requerido / Modificable | W6: No Requerido | X6: Filtro/Listar/Mostrar[Orden{1}/CriterioOrdenamiento{1, ASC}/BusquedaGeneral{SI}/Ordenador{SI}/Reordenamiento{NO} /PropiedadesMostrar{ sede.nombre}] | Y6: No Requerido | Z6: No Requerido
A7: ='Servicio Sede Muestreo '!C3 -> servicio | B7: servicio | L7: NO | M7: NO | N7: NO | O7: NO | P7: SI | Q7: NO | R7: NO | S7: NO | T7: ='Servicio Sede Muestreo '!C2 -> Corresponde al servicio que se ofrece cada sede. | U7: Requerido | V7: Requerido / Modificable | W7: No Requerido | X7: Filtro/Listar/Mostrar[Orden{2}/CriterioOrdenamiento{2, ASC}/BusquedaGeneral{SI}/Ordenador{SI}/Reordenamiento{NO} /PropiedadesMostrar{ servicio.nombre}] | Y7: No Requerido | Z7: No Requerido
A8: ='Servicio Sede Muestreo '!D3 -> fechaInicio | B8: Fecha | L8: SI | M8: SI | N8: NO | O8: NO | P8: SI | Q8: SI | R8: NO | S8: NO | T8: ='Servicio Sede Muestreo '!D2 -> Corresponde al atributo que indica la fecha desde la cual la sede comenzó a ofrecer el servicio. | U8: Requerido | V8: Requerido / No Modificable | W8: No Requerido | X8: Filtro/Listar/Mostrar[Orden{3}/CriterioOrdenamiento{3, ASC}/BusquedaGeneral{SI}/Ordenador{SI}/Reordenamiento{NO} ] | Y8: No Requerido | Z8: No Requerido
A9: ='Servicio Sede Muestreo '!E3 -> fechaFin | B9: Hora | L9: NO | M9: NO | N9: NO | O9: NO | P9: SI | Q9: SI | R9: NO | S9: NO | T9: ='Servicio Sede Muestreo '!E2 -> Corresponde al identificador único que identifica cada servicio ofrecido por una sede. | U9: Requerido | V9: Requerido / Modificable | W9: No Requerido | X9: Filtro/Listar/Mostrar[Orden{4}/BusquedaGeneral{SI}/Ordenador{SI}/Reordenamiento{NO}] | Y9: No Requerido | Z9: No Requerido
A10: ='Servicio Sede Muestreo '!F3 -> vigencia | B10: Booleano | L10: NO | M10: NO | N10: NO | O10: NO | P10: SI | Q10: NO | R10: NO | S10: NO | T10: ='Servicio Sede Muestreo '!F2 -> Corresponde al atributo que indica si el servicio está actualmente vigente en la sede. | U10: Requerido | V10: Requerido / Modificable | W10: Requerido | X10: Filtro/Listar/Mostrar[Orden{5}/BusquedaGeneral{SI}/Ordenador{SI}/Reordenamiento{NO}] | Y10: No Requerido | Z10: No Requerido
A11: ='Servicio Sede Muestreo '!G3 -> servicioTercero | B11: Booleano | L11: NO | M11: NO | N11: NO | O11: NO | P11: SI | Q11: NO | R11: NO | S11: NO | T11: ='Servicio Sede Muestreo '!G2 -> Corresponde al atributo que indica si el servicio es prestado por un tercero. | U11: Requerido | V11: Requerido / Modificable | W11: No Requerido | X11: Filtro/Listar/Mostrar[Orden{6}/BusquedaGeneral{SI}/Ordenador{SI}/Reordenamiento{NO}] | Y11: No Requerido | Z11: No Requerido
A15: Combinaciones únicas
A16: Nombre combinación | B16: Descripción | C16: Atributos
A17: Establecimiento y servicio únicos | B17: ='Servicio Sede Muestreo '!H2 -> El servicio de la sede no debe tener duplicidad en la combinación del nombre de la sede y el servicio. | C17: =A6 -> sede
C18: =A7 -> servicio
A25: Responsabilidad | C25: Descripción | G25: Entradas | J25: Salida | N25: Políticas (Reglas de Negocio) | R25: Excepción
E26: Parámetro | F26: Tipo de dato | H26: Descripción | I26: Tipo de Dato | K26: Descripción | M26: Política | O26: Descripción | Q26: Detalle | S26: ¿Qué hago?
A27: Crear Información del Servicio Sede | C27: Permite registrar los servicios que ofrece una sede | E27: datos | F27: servicioSede | G27: Contiene información requerida para llevar a cabo el registro entre un servicio de una sede | M27: Servicio Sede POL - 0003 | N27: La sede debe estar previamente registrada | Q27: Generar una excepción indicando que la sede no se encuentra registrada | S27: Detener Operación
M28: Servicio Sede POL-0002 | N28: El servicio debe estar previamente registrado | Q28: Generar una excepción indicando que el servicio debe de estar previamente registrado | S28: Detener Operación
M29: Servicio Sede POL-0001 | N29: Asegurar que los datos requeridos para llevar a cabo la acción sean válidos a nivel de tipo de dato, longitud, obligatoriedad, formato y rango. | Q29: Generar una excepción indicándole al Representante Sede que hay problemas con los datos ingresados y de ser posible indicarle cómo solucionarlos | S29: Detener Operación
M30: Servicio Sede POL - 0004 | N30: El servicio y la sede no deben tener una relación previa existente | Q30: Generar una excepción indicando que el servicio y la sede ya se encuentran asociados. | S30: Detener Operación
M31: Servicio Sede POL - 0005 | N31: No puede existir otro servicio sede con el mismo identificador | Q31: Generar un nuevo identificador hasta garantizar que no exista | S31: Continuar Operación
A32: Modificar Información del Servicio Sede | C32: Permite actualizar la información de los servicios ofrecidos | E32: datos | F32: ServicioSede | G32: Contiene información de los datos de la servicio sede a modificar | M32: Servicio Sede POL-0001 | N32: Asegurar que los datos requeridos para llevar a cabo la acción sean válidos a nivel de tipo de dato, longitud, obligatoriedad, formato y rango. | Q32: Validar que todos los campos cumplan con las especificaciones requeridas antes de procesar la información. | S32: Detener la operación
