Workbook

Sheet Flujo de eventos en el tiempo

Sheet Listado Objetos de Dominio
A1: Nombre contexto
A2: Nombre | B2: Descripción | C2: Muestreo
A3: Calificación | B3: Objeto de dominio que representa la valoración numérica dada a un servicio | C3: ver
A4: Categoría | B4: Objeto de dominio que representa la clasificación por Categoría las motocicletas según su tipo o uso. | C4: ver
A5: Ciudad | B5: Objeto de dominio que representa la ciudad donde se encuentra ubicada la sede. | C5: ver
A6: Departamento | B6: Objeto de dominio que representa la división territorial donde se encuentra la ciudad. | C6: ver
A7: Detalle Horario | B7: Objeto de dominio que representa la información específica de los horarios de atención de la sede. | C7: ver
A8: Dia | B8: Objeto de dominio que representa cada uno de los días de la semana en que opera el establecimiento. | C8: ver
A9: Diagnostico | B9: Objeto de dominio que representa la evaluación técnica realizada a una motocicleta por parte de una sede. | C9: ver
A10: Sede | B10: Objeto de dominio que representa el local comercial que ofrece servicios para motocicletas. | C10: ver
A11: Represéntate sede | B11: Objeto de dominio que representa la persona responsable de gestionar una sede específica del establecimiento. | C11: ver
A12: Servicio sede | B12: Objeto de dominio que representa la relación entre una sede y los servicios que ofrece. | C12: ver
A13: Estado Servicio Realizado | B13: Objeto de dominio que representa el estado actual de un servicio en proceso o finalizado. | C13: ver
... A32: Transición Estado Servicio Realizado | B32: Objeto de dominio que gestiona las transiciones de estados de un servicio | C32: ver

Sheet Categoria
A1: <-Volver al inicio
A2: Objeto de Dominio: | B2: ='Listado Objetos de Dominio'!A4 -> Categoría
A3: Descripción: | B3: ='Listado Objetos de Dominio'!B4 -> Objeto de dominio que representa la clasificación por Categoría las motocicletas según su tipo o uso.
A4: Actor | B4: Action/Command | D4: Entity/Aggregate/Object domain | E4: Read Model | G4: Business Rule/Policy | I4: External System | J4: Domain Event | K4: Hotspot/questions/Risk | L4: Eventos Previos | M4: Comandos Posteriores
A5: Actor | B5: Acción | C5: Descripción | D5: Objeto de dominio | E5: Información externa | G5: Políticas | I5: Sistema Externo | J5: Evento | K5: Aspectos por solucionar
E6: Información | F6: Descripción | G6: Número | H6: Descripción
A7: Administrador | B7: Editar la Información de una Categoría Motocicleta | C7: Permite actualizar la información de una categoría de motocicleta. | D7: Categoría | J7: Categoría de Motocicleta Editada | L7: Categoría Motocicleta Consultada | M7: Consultar Categoría Motocicleta
G8: Categoría POL-0001 | H8: Asegurar que los datos requeridos para llevar a cabo la acción sean válidos a nivel de tipo de dato, longitud, obligatoriedad, formato y rango.
A10: Usuario/Representante | B10: Consultar la Información de una Categoría Motocicleta | C10: Permite buscar una categoría de motocicleta. | D10: Categoría | G10: Categoría POL-0002 | H10: Asegurar que los datos que fueron enviados como filtro para llevar a cabo la acción sean válidos a nivel de tipo de dato, longitud, obligatoriedad, formato y rango.. | J10: Categoría de Motocicleta Consultada | L10: Categoría Motocicleta Modificada | M10: Modificar Categoría Motocicleta

Sheet Calificacion
A1: <-Volver al inicio
A2: Objeto de Dominio: | B2: ='Listado Objetos de Dominio'!$A$3 -> Calificación
A3: Descripción: | B3: ='Listado Objetos de Dominio'!$B$3 -> Objeto de dominio que representa la valoración numérica dada a un servicio
A4: Actor | B4: Action/Command | D4: Entity/Aggregate/Object domain | E4: Read Model | G4: Business Rule/Policy | I4: External System | J4: Domain Event | K4: Hotspot/questions/Risk | L4: Eventos Previos | M4: Comandos Posteriores
A5: Actor | B5: Acción | C5: Descripción | D5: Objeto de dominio | E5: Información externa | G5: Políticas | I5: Sistema Externo | J5: Evento | K5: Aspectos por solucionar
E6: Información | F6: Descripción | G6: Número | H6: Descripción
A8: Usuario | B8: Registrar Información de la Calificación | C8: Permite valorar un servicio realizado | D8: Calificación | E8: Información del Servicio Realizado | F8: Información del servicio realizado que fue calificado | G8: Calificación POL - 0004 | H8: No debe existir otra calificación de un servicio con el mismo identificador. | J8: Calificación Registrada | L8: Calificación Consultada | M8: Consultar Calificación
E9: Información del Rango de Calificación | F9: Información que indica el valor de la calificación de un servicio realizado | G9: Calificación POL-0001 | H9: Asegurar que los datos requeridos para llevar a cabo la acción sean válidos a nivel de tipo de dato, longitud, obligatoriedad, formato y rango. | M9: Eliminar Calificación
G10: Calificación POL - 0005 | H10: Se debe asegurar que la información a comentar no sean información sensible
A15: Usuario | B15: Modificar Información de la Calificación | C15: Permite modificar una calificación echa a un servicio realizado | D15: Calificación | E15: Información del Servicio Realizado | F15: Información del servicio realizado que fue calificado y puede ser eliminado | G15: Calificación POL-0002 | H15: La calificación debe estar previamente registrada | J15: Calificación Modificada | L15: Calificación Registrada | M15: Consultar Calificación
G16: Calificación POL - 0005 | H16: Se debe asegurar que la información a comentar no sean información sensible
E17: Información del Rango de Calificación | F17: Información que indica el valor de la calificación de un servicio realizado que puede ser eliminado | G17: Calificación POL-0001 | H17: Asegurar que los datos requeridos para llevar a cabo la acción sean válidos a nivel de tipo de dato, longitud, obligatoriedad, formato y rango. | L17: Calificación Consultada | M17: Eliminar Calificación
L21: Calificación Modificada | M21: Modificar Calificación
A22: Usuario/Representante Sede | B22: Consultar Información de la Calificación | C22: Permite ver las calificaciones registradas | D22: Calificación | E22: Información del Servicio Realizado | F22: Información del servicio realizado que fue calificado | G22: Calificación POL-0006 | H22: Asegurar que los datos que fueron enviados como filtro para llevar a cabo la acción sean válidos a nivel de tipo de dato, longitud, obligatoriedad, formato y rango. | I22: Sistema de Calificaciones | J22: Calificación Consultada | L22: Calificación Registrada | M22: Registrar Calificación
E23: Información del Rango de Calificación | F23: Información que indica el valor de la calificación de un servicio realizado | L23: Calificación Consultada | M23: Consultar Calificación
L24: Calificación Eliminada | M24: Eliminar Calificación

Sheet Ciudad
A1: <-Volver al inicio
A2: Objeto de Dominio: | B2: ='Listado Objetos de Dominio'!A5 -> Ciudad
A3: Descripción: | B3: ='Listado Objetos de Dominio'!B5 -> Objeto de dominio que representa la ciudad donde se encuentra ubicada la sede.
A4: Actor | B4: Action/Command | D4: Entity/Aggregate/Object domain | E4: Read Model | G4: Business Rule/Policy | I4: External System | J4: Domain Event | K4: Hotspot/questions/Risk | L4: Eventos Previos | M4: Comandos Posteriores
A5: Actor | B5: Acción | C5: Descripción | D5: Objeto de dominio | E5: Información externa | G5: Políticas | I5: Sistema Externo | J5: Evento | K5: Aspectos por solucionar
E6: Información | F6: Descripción | G6: Número | H6: Descripción
A8: Usuario/Representante Sede | B8: Consultar Información de la Ciudad | C8: Permite visualizar la información de una ciudad | D8: Ciudad | E8: Departamento | F8: Información que indica a que departamento pertenece una ciudad | G8: Ciudad POL-0001 | H8: Asegurar que los datos que fueron enviados como filtro para llevar a cabo la acción sean válidos a nivel de tipo de dato, longitud, obligatoriedad, formato y rango. | J8: Ciudad Consultada

Sheet Departa
A1: <-Volver al inicio
A2: Objeto de Dominio: | B2: ='Listado Objetos de Dominio'!A6 -> Departamento
A3: Descripción: | B3: ='Listado Objetos de Dominio'!B6 -> Objeto de dominio que representa la división territorial donde se encuentra la ciudad.
A4: Actor | B4: Action/Command | D4: Entity/Aggregate/Object domain | E4: Read Model | G4: Business Rule/Policy | I4: External System | J4: Domain Event | K4: Hotspot/questions/Risk | L4: Eventos Previos | M4: Comandos Posteriores
A5: Actor | B5: Acción | C5: Descripción | D5: Objeto de dominio | E5: Información externa | G5: Políticas | I5: Sistema Externo | J5: Evento | K5: Aspectos por solucionar
E6: Información | F6: Descripción | G6: Número | H6: Descripción
A7: Usuario/Representante Sede | B7: Consultar Información del Departamento | C7: Permite visualizar la información de un departamento | D7: Departamento | G7: Departamento POL-0001 | H7: Asegurar que los datos que fueron enviados como filtro para llevar a cabo la acción sean válidos a nivel de tipo de dato, longitud, obligatoriedad, formato y rango. | J7: Departamento Consultado

Sheet Detalle Horario
A1: <-Volver al inicio
A2: Objeto de Dominio: | B2: ='Listado Objetos de Dominio'!$A$7 -> Detalle Horario
A3: Descripción: | B3: ='Listado Objetos de Dominio'!$B$7 -> Objeto de dominio que representa la información específica de los horarios de atención de la sede.
A4: Actor | B4: Action/Command | D4: Entity/Aggregate/Object domain | E4: Read Model | G4: Business Rule/Policy | I4: External System | J4: Domain Event | K4: Hotspot/questions/Risk | L4: Eventos Previos | M4: Comandos Posteriores
A5: Actor | B5: Acción | C5: Descripción | D5: Objeto de dominio | E5: Información externa | G5: Políticas | I5: Sistema Externo | J5: Evento | K5: Aspectos por solucionar
E6: Información | F6: Descripción | G6: Número | H6: Descripción
A8: Representante Sede | B8: Registrar Información del Detalle Horario | C8: Permite registrar los detalles de los horarios y días de operación de una sede | D8: Detalle Horario | E8: Información de la Sede | F8: Información que indica cuál es la sede a la que se le crea el horario | G8: Detalle Horario POL-0004 | H8: La sede debe estar previamente registrada. | J8: Detalle Horario Registrado | L8: Detalle Horario Consultado | M8: Consultar Detalle Horario
E9: Información del Día | F9: Información que indica cual es el día que se puede asociar a la sede y al horario | G9: Detalle Horario POL-0003 | H9: El día debe estar Registrado. | M9: Modificar Detalle Horario
G10: Detalle Horario POL-0001 | H10: Asegurar que los datos requeridos para llevar a cabo la acción sean válidos a nivel de tipo de dato, longitud, obligatoriedad, formato y rango. | M10: Eliminar Detalle horario
G11: Detalle Horario POL-0002 | H11: No debe existir otro detalle horario con el mismo identificador.
A14: Representante Sede | B14: Modificar Información del Detalle Horario | C14: Permite actualizar la información de los detalles de horarios y días de operación de una sede | D14: Detalle Horario | E14: Información de la Sede | F14: Información que indica cuál es la sede a la que se le puede modificar el horario | G14: Detalle Horario POL-0005 | H14: La sede y el día deben estar previamente asociados. | J14: Detalle Horario Modificado | L14: Detalle Horario Registrado | M14: Consultar Detalle Horario
E15: Información del Día | F15: Información que indica cual es el día que se puede modificar a la sede y al horario | G15: Detalle Horario POL-0001 | H15: Asegurar que los datos requeridos para llevar a cabo la acción sean válidos a nivel de tipo de dato, longitud, obligatoriedad, formato y rango. | L15: Detalle Horario Consultado | M15: Eliminar Detalle Horario
A20: Representante Sede | B20: Eliminar Información del Detalle Horario | C20: Permite eliminar un detalle horario específico de una sede | D20: Detalle Horario | E20: Información de la Sede | F20: Información que indica cuál es la sede a la que se le puede eliminar el horario | G20: Detalle Horario POL-0006 | H20: Asegurarse que el detalle horario a eliminar no se encuentre asociado a una sede | J20: Detalle Horario Eliminado | L20: Detalle Horario Registrado | M20: Consultar Detalle Horario
E21: Información del Día | F21: Información que indica cual es el día que se puede eliminar la sede y al horario | G21: Detalle Horario POL-0001 | H21: Asegurar que los datos requeridos para llevar a cabo la acción sean válidos a nivel de tipo de dato, longitud, obligatoriedad, formato y rango. | L21: Detalle Horario Consultado
L22: Detalle Horario Modificado | M22: Registrar Detalle Horario
A26: Usuario/Representante Sede | B26: Consultar Información del Detalle Horario | C26: Permite consultar los detalles horarios configurados para una sede | D26: Detalle Horario | E26: Información de la Sede | F26: Información que indica cuál es la sede asociada al detalle horario | G26: Detalle Horario POL-0007 | H26: Asegurar que los datos que fueron enviados como filtro para llevar a cabo la acción sean válidos a nivel de tipo de dato, longitud, obligatoriedad, formato y rango. | J26: Detalle Horario Consultado | L26: Detalle Horario Registrado | M26: Registrar Detalle Horario
E27: Información del Día | F27: Información que indica cual es el día asociado al detalle horario | L27: Detalle Horario Modificado | M27: Modificar Detalle Horario
L28: Detalle Horario Eliminado | M28: Eliminar Detalle Horario

Sheet Dia
A1: <-Volver al inicio
A2: Objeto de Dominio: | B2: ='Listado Objetos de Dominio'!A8 -> Dia
A3: Descripción: | B3: ='Listado Objetos de Dominio'!B8 -> Objeto de dominio que representa cada uno de los días de la semana en que opera el establecimiento.
A4: Actor | B4: Action/Command | D4: Entity/Aggregate/Object domain | E4: Read Model | G4: Business Rule/Policy | I4: External System | J4: Domain Event | K4: Hotspot/questions/Risk | L4: Eventos Previos | M4: Comandos Posteriores
A5: Actor | B5: Acción | C5: Descripción | D5: Objeto de dominio | E5: Información externa | G5: Políticas | I5: Sistema Externo | J5: Evento | K5: Aspectos por solucionar
E6: Información | F6: Descripción | G6: Número | H6: Descripción
A8: Usuario/Representante Sede | B8: Consultar Información del Día | C8: Permite ver la información del día de la semana | D8: Día | G8: Día POL-0001 | H8: Asegurar que los datos que fueron enviados como filtro para llevar a cabo la acción sean válidos a nivel de tipo de dato, longitud, obligatoriedad, formato y rango. | J8: Día Consultado

Sheet Diagnostico
A1: <-Volver al inicio
A2: Objeto de Dominio: | B2: ='Listado Objetos de Dominio'!$A$15 -> Evidencia Fotográfica
A3: Descripción: | B3: ='Listado Objetos de Dominio'!$B$15 -> Objeto de dominio que representa las imágenes asociadas a una motocicleta.
A4: Actor | B4: Action/Command | D4: Entity/Aggregate/Object domain | E4: Read Model | G4: Business Rule/Policy | I4: External System | J4: Domain Event | K4: Hotspot/questions/Risk | L4: Eventos Previos | M4: Comandos Posteriores
A5: Actor | B5: Acción | C5: Descripción | D5: Objeto de dominio | E5: Información externa | G5: Políticas | I5: Sistema Externo | J5: Evento | K5: Aspectos por solucionar
E6: Información | F6: Descripción | G6: Número | H6: Descripción
A8: Representante Sede | B8: Registrar Información del Diagnóstico | C8: Permite crear un nuevo diagnóstico técnico | D8: Diagnóstico | E8: Información de la Motocicleta | F8: Información que indica cuál es la motocicleta a la que se le está realizando el diagnóstico | G8: Diagnostico POL - 0001 | H8: Asegurar que los datos requeridos para llevar a cabo la acción sean válidos a nivel de tipo de dato, longitud, obligatoriedad, formato y rango. | L8: Diagnóstico Consultado | M8: Consultar Diagnóstico
E9: Información de la Sede | F9: Información que indica cuales la sede que está haciendo el diagnóstico | G9: Diagnostico POL - 0002 | H9: La sede debe estar previamente registrada | M9: Editar Diagnóstico
G10: Diagnostico POL - 0003 | H10: La motocicleta debe estar previamente registrada | M10: Eliminar Diagnóstico
G11: Diagnostico POL - 0004 | H11: No puede existir otro diagnostico con el mismo identificador.
A15: Representante Sede | B15: Modificar Información del Diagnóstico | C15: Permite actualizar un diagnóstico existente | D15: Diagnóstico | E15: Información de la Motocicleta | F15: Información que indica cuál es la motocicleta a la que se le puede modificar el diagnóstico | G15: Diagnostico POL - 0001 | H15: Asegurar que los datos requeridos para llevar a cabo la acción sean válidos a nivel de tipo de dato, longitud, obligatoriedad, formato y rango. | L15: Diagnóstico Registrado | M15: Consultar Diagnóstico
E16: Información de la Sede | F16: Información que indica cuales la sede que está modificando el diagnóstico | L16: Diagnóstico Consultado | M16: Eliminar Diagnóstico
A21: Representante Sede | B21: Eliminar Información del Diagnóstico | C21: Permite eliminar un diagnóstico | D21: Diagnóstico | E21: Información de la Motocicleta | F21: Información que indica cuál es la motocicleta a la que se le puede eliminar el diagnóstico | G21: Diagnostico POL - 0001 | H21: Asegurar que los datos requeridos para llevar a cabo la acción sean válidos a nivel de tipo de dato, longitud, obligatoriedad, formato y rango. | J21: Detener la operación | L21: Diagnóstico Registrado | M21: Consultar Diagnóstico
E22: Información de la Sede | F22: Información que indica cuales la sede que está registrada en el diagnóstico a eliminar | G22: Diagnostico POL - 0005 | H22: Asegurar que el diagnostico a eliminar no tenga dependencias. | L22: Diagnóstico Consultado | M22: Registrar Diagnóstico
L23: Diagnóstico Editado
L26: Diagnóstico Consultado | M26: Consultar Diagnóstico
A27: Representante Sede/Usuario | B27: Consultar Información del Diagnóstico | C27: Permite ver los diagnósticos registrados | D27: Diagnóstico | E27: Información de la Motocicleta | F27: Información que indica cuál es la motocicleta a la que se le hizo diagnóstico | G27: Diagnostico POL - 0006 | H27: Asegurar que los datos que fueron enviados como filtro para llevar a cabo la acción sean válidos a nivel de tipo de dato, longitud, obligatoriedad, formato y rango. | L27: Diagnóstico Registrado | M27: Registrar Diagnóstico
E28: Información de la Sede | F28: Información que indica cuales la sede que hizo el diagnóstico | L28: Diagnóstico Editado | M28: Editar Diagnóstico
L29: Diagnóstico Eliminado | M29: Eliminar Diagnóstico

Sheet Estado Servicio Realizado
A1: <-Volver al inicio
A2: Objeto de Dominio: | B2: Estado Servicio Realizado
A3: Descripción: | B3: Objeto de dominio que representa el estado actual de un servicio en proceso o finalizado.
A4: Actor | B4: Action/Command | D4: Entity/Aggregate/Object domain | E4: Read Model | G4: Business Rule/Policy | I4: External System | J4: Domain Event | K4: Hotspot/questions/Risk | L4: Eventos Previos | M4: Comandos Posteriores
A5: Actor | B5: Acción | C5: Descripción | D5: Objeto de dominio | E5: Información externa | G5: Políticas | I5: Sistema Externo | J5: Evento | K5: Aspectos por solucionar
E6: Información | F6: Descripción | G6: Número | H6: Descripción
A7: Usuario/Representante Sede | B7: Consultar Información del Estado del Servicio Realizado | C7: Permite ver el estado actual de un servicio | D7: Estado Servicio | G7: Estado Servicio Realizado POL-0001 | H7: Asegurar que los datos que fueron enviados como filtro para llevar a cabo la acción sean válidos a nivel de tipo de dato, longitud, obligatoriedad, formato y rango. | J7: Estado Servicio Consultado

Sheet Evidencia Fotografica
A1: <-Volver al inicio
A2: Objeto de Dominio: | B2: ='Listado Objetos de Dominio'!$A$15 -> Evidencia Fotográfica
A3: Descripción: | B3: ='Listado Objetos de Dominio'!$B$15 -> Objeto de dominio que representa las imágenes asociadas a una motocicleta.
A4: Actor | B4: Action/Command | D4: Entity/Aggregate/Object domain | E4: Read Model | G4: Business Rule/Policy | I4: External System | J4: Domain Event | K4: Hotspot/questions/Risk | L4: Eventos Previos | M4: Comandos Posteriores
A5: Actor | B5: Acción | C5: Descripción | D5: Objeto de dominio | E5: Información externa | G5: Políticas | I5: Sistema Externo | J5: Evento | K5: Aspectos por solucionar
E6: Información | F6: Descripción | G6: Número | H6: Descripción
M7: Actualizar evidencia fotográfica Motocicleta
A8: Usuario | B8: Cargar Evidencia Fotográfica de la Motocicleta | C8: Permite cargar una nueva evidencia fotografía de una motocicleta | D8: evidencia fotográfica | E8: Información de la Motocicleta | F8: Información que identifica la imagen que pertenece a la motocicleta a cargar | G8: Evidencia Foto POL-0002 | H8: Asegurar que los datos requeridos para llevar a cabo la acción sean válidos a nivel de tipo de dato, longitud, obligatoriedad, formato y rango. | J8: evidencia fotográfica Capturada | K8: Definir estándares específicos de calidad | L8: evidencia fotográfica Consultada | M8: Consultar evidencia fotográfica Motocicleta
E9: Información de la imagen | F9: Información que indica cuales son las evidencias fotográficas que conforman la imagen a cargar | G9: Evidencia Foto POL-0003 | H9: La evidencia fotográfica debe de estar previamente verificada | K9: Gestión de permisos | M9: Eliminar evidencia fotográfica Motocicleta
G10: Evidencia Foto POL-0005 | H10: No puede existir otra evidencia fotográfica con el mismo identificador. | M10: Guardar evidencia fotográfica Motocicleta
A12: Usuario | B12: Actualizar Evidencia Fotográfica de la Motocicleta | C12: Permite hacer cambios en la evidencia fotográfica de motocicleta | D12: evidencia fotográfica | E12: Información de la Motocicleta | F12: Información que identifica la imagen que pertenece a la motocicleta a guardar | G12: Evidencia Foto POL-0002 | H12: Asegurar que los datos requeridos para llevar a cabo la acción sean válidos a nivel de tipo de dato, longitud, obligatoriedad, formato y rango. | J12: evidencia fotográfica Guardada | K12: Gestión de almacenamiento | L12: evidencia fotográfica Capturada | M12: Consultar evidencia fotográfica Motocicleta
E13: Información de la imagen | F13: Información que indica cuales son las evidencias fotográficas que conforman la imagen a guardar | G13: Evidencia Foto POL-0003 | H13: La evidencia fotográfica debe de estar previamente verificada | L13: evidencia fotográfica Consultada | M13: Eliminar evidencia fotográfica Motocicleta
M14: Capturar evidencia fotográfica Motocicleta
L15: evidencia fotográfica Guardada | M15: Eliminar evidencia fotográfica Motocicleta
A16: Usuario/Representante Sede | B16: Consultar Evidencia Fotográfica de la Motocicleta | C16: Permite visualizar una evidencia fotográfica específica de una motocicleta | D16: evidencia fotográfica | E16: Información de la Motocicleta | F16: Información que identifica la imagen que pertenece a la motocicleta a consultar | G16: Evidencia Foto POL-0006 | H16: Asegurar que los datos que fueron enviados como filtro para llevar a cabo la acción sean válidos a nivel de tipo de dato, longitud, obligatoriedad, formato y rango. | J16: evidencia fotográfica Consultada | L16: evidencia fotográfica Capturada | M16: Guardar evidencia fotográfica Motocicleta
E17: Información de la imagen | F17: Información que indica cuales son las evidencias fotográficas que conforman la imagen a consultar | L17: evidencia fotográfica Eliminada | M17: Capturar evidencia fotográfica Motocicleta
A18: Usuario | B18: Eliminar Evidencia Fotográfica de la Motocicleta | C18: Permite eliminar una evidencia fotográfica existente del sistema | D18: evidencia fotográfica | E18: Información de la Motocicleta | F18: Información que identifica la imagen que pertenece a la motocicleta a eliminar | G18: Evidencia Foto POL-0004 | H18: La evidencia fotográfica por eliminar debe existir | J18: evidencia fotográfica Eliminada | L18: evidencia fotográfica Consultada | M18: Capturar evidencia fotográfica Motocicleta
E19: Información de la imagen | F19: Información que indica cuales son las evidencias fotográficas que conforman la imagen a eliminar | L19: evidencia fotográfica Capturada | M19: Consultar evidencia fotográfica Motocicleta
L20: evidencia fotográfica Guardada

Sheet Excepcion Horario
A1: <-Volver al inicio
A2: Objeto de Dominio: | B2: ='Listado Objetos de Dominio'!$A$14 -> Excepción Horario
A3: Descripción: | B3: ='Listado Objetos de Dominio'!$B$14 -> Objeto de dominio que representa las excepciones o casos especiales en los horarios de atención.
A4: Actor | B4: Action/Command | D4: Entity/Aggregate/Object domain | E4: Read Model | G4: Business Rule/Policy | I4: External System | J4: Domain Event | K4: Hotspot/questions/Risk | L4: Eventos Previos | M4: Comandos Posteriores
A5: Actor | B5: Acción | C5: Descripción | D5: Objeto de dominio | E5: Información externa | G5: Políticas | I5: Sistema Externo | J5: Evento | K5: Aspectos por solucionar
E6: Información | F6: Descripción | G6: Número | H6: Descripción
M7: Activar Excepción Horario
A8: Representante Sede | B8: Registrar Información de la Excepción de Horario | C8: Permite crear una nueva excepción en el horario regular | D8: Excepción Horario | E8: Información de Horario Sede | F8: Información que indica cual es la sede a la que se va a registrar una excepción en el horario ya establecido | G8: Excepción Horario POL- 0004 | H8: La excepción de horario debe ser programada con mínimo 24 horas de anticipación y no puede ser programada para una fecha que esté antes de la actual | L8: Consultar Excepción horario | M8: Consultar Excepción Horario
G9: Excepción Horario POL- 0003 | H9: La excepción debe estar dentro del horario regular | M9: Eliminar Excepción Horario
G10: Excepción Horario POL- 0002 | H10: No debe existir una excepción horario con el mismo identificador. | M10: Editar Excepción Horario
G11: Excepción Horario POL- 0001 | H11: Asegurar que los datos requeridos para llevar a cabo la acción sean válidos a nivel de tipo de dato, longitud, obligatoriedad, formato y rango. | M11: Desactivar Excepción Horario
L13: Excepción Horario Desactivada | M13: Eliminar Excepción Horario
L14: Excepción Horario Consultada | M14: Activar Excepción Horario
A15: Representante Sede | B15: Modificar Información de la Excepción Horario | C15: Permite actualizar una excepción existente | D15: Excepción Horario | E15: Información de Horario Sede | F15: Información que indica la sede y los detalles de la excepción que se va a modificar en el horario establecido | G15: Excepción Horario POL-0005 | H15: Solo se pueden modificar excepciones futuras | J15: Excepción Horario Modificada | L15: Excepción Horario Registrada | M15: Consultar Excepción Horario
G16: Excepción Horario POL-0001 | H16: Asegurar que los datos requeridos para llevar a cabo la acción sean válidos a nivel de tipo de dato, longitud, obligatoriedad, formato y rango. | L16: Excepción Horario Activada | M16: Desactivar Excepción Horario
L20: Excepción Horario Desactivada
A21: Representante Sede | B21: Eliminar Información de la Excepción Horario | C21: Permite eliminar una excepción de horario | D21: Excepción Horario | E21: Información de Horario Sede | F21: Información que identifica la sede y la excepción específica que se desea eliminar del horario | G21: Excepción Horario POL-0006 | H21: Solo se pueden eliminar excepciones futuras | J21: Excepción Horario Eliminada | L21: Excepción Horario Registrada | M21: Consultar Excepción Horario
G22: Excepción Horario POL-0001 | H22: Asegurar que los datos requeridos para llevar a cabo la acción sean válidos a nivel de tipo de dato, longitud, obligatoriedad, formato y rango. | L22: Excepción Horario Consultada | M22: Registrar Excepción Horario
L23: Excepción Horario Modificada
M25: Eliminar Excepción Horario
L26: Excepción Horario Activada | M26: Activar Excepción Horario
A27: Representante Sede | B27: Consultar Información de la Excepción Horario | C27: Permite ver las excepciones programadas | D27: Excepción Horario | E27: Información de Horario Sede | F27: Información que permite identificar la sede y los criterios de búsqueda para consultar las excepciones de horario | G27: Excepción Horario POL-0007 | H27: Asegurar que los datos que fueron enviados como filtro para llevar a cabo la acción sean válidos a nivel de tipo de dato, longitud, obligatoriedad, formato y rango. | J27: Excepción Horario Consultada | L27: Excepción Horario Registrada | M27: Registrar Excepción Horario
L28: Excepción Horario Modificada | M28: Modificar Excepción Horario
L29: Excepción Horario Desactivada | M29: Desactivar Excepción Horario
L32: Excepción Horario Consultada | M32: Desactivar Excepción Horario
A33: Representante Sede | B33: Activar la Excepción Horario | C33: Permite activar una excepción de horario | D33: Excepción Horario | E33: Información de Horario Sede | F33: Información que identifica la sede y la excepción a activar | G33: Excepción Horario POL-0001 | H33: Asegurar que los datos requeridos para llevar a cabo la acción sean válidos a nivel de tipo de dato, longitud, obligatoriedad, formato y rango. | J33: Excepción Horario Activada | L33: Excepción Horario Registrada | M33: Consultar Excepción Horario
G34: Excepción Horario POL - 0008 | H34: la excepción horario debe estar previamente desactivado | L34: Excepción Horario Modificada | M34: Modificar Excepción Horario
L35: Excepción Horario Desactivada
L38: Excepción Horario Desactivada | M38: Activar Excepción Horario
A39: Representante Sede | B39: Desactivar la Excepción Horario | C39: Permite desactivar una excepción de horario | D39: Excepción Horario | E39: Información de Horario Sede | F39: Información que identifica la sede y la excepción a desactivar | G39: Excepción Horario POL-0001 | H39: Asegurar que los datos requeridos para llevar a cabo la acción sean válidos a nivel de tipo de dato, longitud, obligatoriedad, formato y rango. | J39: Excepción Horario Desactivada | L39: Excepción Horario Modificada | M39: Consultar Excepción Horario
G40: Excepción Horario POL - 0009 | H40: la excepción horario debe estar previamente activado | L40: Excepción Horario Consultada | M40: Modificar Excepción Horario
L41: Excepción Horario Registrada | M41: Eliminar Excepción Horario

Sheet Franquicia
A1: <-Volver al inicio
A2: Objeto de Dominio: | B2: Franquicia
A3: Descripción: | B3: Objeto de dominio que representa el local comercial que ofrece servicios para motocicletas.
A4: Actor | B4: Action/Command | D4: Entity/Aggregate/Object domain | E4: Read Model | G4: Business Rule/Policy | I4: External System | J4: Domain Event | K4: Hotspot/questions/Risk | L4: Eventos Previos | M4: Comandos Posteriores
A5: Actor | B5: Acción | C5: Descripción | D5: Objeto de dominio | E5: Información externa | G5: Políticas | I5: Sistema Externo | J5: Evento | K5: Aspectos por solucionar
E6: Información | F6: Descripción | G6: Número | H6: Descripción
G7: Franquicia-POL-001 | H7: Asegurar que los datos requeridos para llevar a cabo la acción sean válidos a nivel de tipo de dato, longitud, obligatoriedad, formato y rango. | L7: Franquicia Consultada | M7: Modificar Franquicia
A8: Representante Sede | B8: Registrar Información de la Franquicia | C8: Permite crear un nuevo Franquicia en el sistema | D8: Franquicia | G8: Franquicia- POL-0002 | H8: No debe existir una franquicia previamente registrada con el mismo nombre. | J8: Franquicia Registrada | M8: Eliminar Franquicia
G9: Franquicia- POL-0003 | H9: No puede existir otra franquicia con el mismo identificador. | M9: Consultar Franquicia
L10: Franquicia Agregada | M10: Eliminar Franquicia
A11: Representante Sede | B11: Modificar Información de la Franquicia | C11: Permite modificar la información del Franquicia | D11: Franquicia | G11: Franquicia-POL-0001 | H11: Asegurar que los datos requeridos para llevar a cabo la acción sean válidos a nivel de tipo de dato, longitud, obligatoriedad, formato y rango. | J11: Franquicia Modificada | L11: Franquicia Consultada | M11: Consultar Franquicia
L13: Franquicia Consultada
A14: Representante Sede | B14: Eliminar Información de la Franquicia | C14: Permite dar de baja a un Franquicia | D14: Franquicia | G14: Franquicia- POL-0004 | H14: La Franquicia a eliminar no debe de tener sedes asociadas | J14: Franquicia Actualizado | L14: Franquicia Editada | M14: Consultar Franquicia
L15: Franquicia Agregada | M15: Agregar Franquicia
A16: Representante Sede | B16: Consultar Información de la Franquicia | C16: Permite ver la información del Franquicia y sus sedes | D16: Franquicia | G16: Franquicia-POL-0005 | H16: Asegurar que los datos que fueron enviados como filtro para llevar a cabo la acción sean válidos a nivel de tipo de dato, longitud, obligatoriedad, formato y rango. | J16: Franquicia Consultada | L16: Franquicia Agregada | M16: Modificar Franquicia
L17: Franquicia Editado | M17: Agregar Franquicia
L18: Franquicia Eliminada | M18: Eliminar Franquicia

Sheet Horario Sede
A1: <-Volver al inicio
A2: Objeto de Dominio: | B2: Horario Sede
A3: Descripción: | B3: Objeto de dominio que representa los horarios generales de operación de cada una de las sedes
A4: Actor | B4: Action/Command | D4: Entity/Aggregate/Object domain | E4: Read Model | G4: Business Rule/Policy | I4: External System | J4: Domain Event | K4: Hotspot/questions/Risk | L4: Eventos Previos | M4: Comandos Posteriores
A5: Actor | B5: Acción | C5: Descripción | D5: Objeto de dominio | E5: Información externa | G5: Políticas | I5: Sistema Externo | J5: Evento | K5: Aspectos por solucionar
E6: Información | F6: Descripción | G6: Número | H6: Descripción
G8: Horario Sede POL-0004 | H8: La sede debe estar previamente registrada | M8: Consultar Horario sede
G9: Horario Sede POL-0003 | H9: Los horarios no se deben de solapar entre sí | M9: Modificar Horario Sede
A10: Representante Sede | B10: Registrar Información del Horario Sede | C10: Permite registrar los horarios de operación regulares de una sede | D10: Horario Sede | E10: Información de la sede | F10: Información que indica cual es la sede a la que se le crea el horario | G10: Horario Sede POL-0001 | H10: Asegurar que los datos requeridos para llevar a cabo la acción sean válidos a nivel de tipo de dato, longitud, obligatoriedad, formato y rango. | J10: Horario Sede Registrado | L10: Horario Sede Consultado | M10: Activar Horario Sede
G11: Horario Sede POL-0002 | H11: No debe haber horarios repetidos para una misma sede | M11: Desactivar Horario Sede
G12: Horario Sede POL-0005 | H12: No debe haber horarios registrados con el mismo identificador | M12: Eliminar horario Sede
A14: Representante Sede | B14: Modificar Información del Horario Sede | C14: Permite actualizar los horarios existentes de una sede | D14: Horario Sede | E14: Información de la sede | F14: Información que indica a cual sede se le puede modificar el horario | G14: Horario Sede POL-0001 | H14: Asegurar que los datos requeridos para llevar a cabo la acción sean válidos a nivel de tipo de dato, longitud, obligatoriedad, formato y rango. | J14: Horario Sede Modificado | L14: Horario Sede Consultado | M14: Consultar Horario sede
G15: Horario Sede POL-0003 | H15: Los horarios no se deben de solapar | L15: Horario Sede Creado | M15: Eliminar horario Sede
G16: Horario Sede POL-0006 | H16: Debe existir una sede previamente asociada a un horario | L16: Horario Sede Desactivado | M16: Activar Horario Sede
L17: Horario Sede Activado | M17: Desactivar Horario Sede
L19: Horario Sede Creado | M19: Crear Horario Sede
A20: Representante Sede | B20: Consultar Información del Horario Sede | C20: Permite ver los horarios de una sede | D20: Horario Sede | E20: Información de la sede | F20: Información que indica a que sede está asociado el horario | G20: Horario Sede POL-0007 | H20: Asegurar que los datos que fueron enviados como filtro para llevar a cabo la acción sean válidos a nivel de tipo de dato, longitud, obligatoriedad, formato y rango. | J20: Horario Sede Consultado | L20: Horario Sede Activado | M20: Activar Horario Sede
L21: Horario Sede Desactivado | M21: Desactivar Horario Sede
L22: Horario Sede Modificado | M22: Modificar Horario Sede
L23: Horario Sede Eliminado | M23: Eliminar horario Sede
A26: Representante Sede | B26: Eliminar Información del Horario Sede | C26: Permite dar de baja a horarios de una sede. | D26: Horario Sede | E26: Información de la sede | F26: Información que indica a que sede está asociado el horario a eliminar | G26: Horario Sede POL-0008 | H26: El horario Sede debe estar previamente desactivado | J26: Horario Sede Eliminado | L26: Horario Sede Consultado | M26: Crear Horario Sede
G27: Horario Sede POL-0009 | H27: El horario sede a eliminar no debe de estar vinculado a una sede | L27: Horario Sede Desactivado | M27: Consultar Horario sede
G28: Horario Sede POL-0001 | H28: Asegurar que los datos requeridos para llevar a cabo la acción sean válidos a nivel de tipo de dato, longitud, obligatoriedad, formato y rango. | L28: Horario Sede Modificado
L32: Horario Sede Consultado | M32: Consultar Horario sede
A33: Representante Sede | B33: Activar el Horario Sede | C33: Permite mostrar los horarios disponibles de una sede | D33: Horario Sede | E33: Información de la sede | F33: Información que indica a que sede está asociado el horario a habilitar | G33: Horario Sede POL-0008 | H33: El horario Sede debe estar previamente desactivado | J33: Horario Sede Activado | L33: Horario Sede Desactivado | M33: Desactivar Horario Sede
G34: Horario Sede POL-0001 | H34: Asegurar que los datos requeridos para llevar a cabo la acción sean válidos a nivel de tipo de dato, longitud, obligatoriedad, formato y rango. | L34: Horario Sede Creado | M34: Modificar Horario Sede
L35: Horario Sede Modificado
L38: Horario Sede Activado | M38: Activar Horario Sede
A39: Representante Sede | B39: Desactivar el Horario Sede | C39: Permite ocultar los horarios disponibles de una sede | D39: Horario Sede | E39: Información de la sede | F39: Información que indica a que sede está asociado el horario a desactivar | G39: Horario Sede POL-0011 | H39: El horario Sede debe estar previamente activado | J39: Horario Sede Desactivado | L39: Horario Sede Consultado | M39: Consultar Horario sede
G40: Horario Sede POL-0001 | H40: Asegurar que los datos requeridos para llevar a cabo la acción sean válidos a nivel de tipo de dato, longitud, obligatoriedad, formato y rango. | L40: Horario Sede Creado | M40: Modificar Horario Sede
L41: Horario Sede Modificado | M41: Eliminar horario Sede

Sheet Imagen
A1: <-Volver al inicio
A2: Objeto de Dominio: | B2: Imagen
A3: Descripción: | B3: Objeto de dominio que representa los recursos visuales asociados a motocicletas
A4: Actor | B4: Action/Command | D4: Entity/Aggregate/Object domain | E4: Read Model | G4: Business Rule/Policy | I4: External System | J4: Domain Event | K4: Hotspot/questions/Risk | L4: Eventos Previos | M4: Comandos Posteriores
A5: Actor | B5: Acción | C5: Descripción | D5: Objeto de dominio | E5: Información externa | G5: Políticas | I5: Sistema Externo | J5: Evento | K5: Aspectos por solucionar
E6: Información | F6: Descripción | G6: Número | H6: Descripción
G7: Imagen POL-0001 | H7: Asegurar que los datos requeridos para llevar a cabo la acción sean válidos a nivel de tipo de dato, longitud, obligatoriedad, formato y rango.
A8: Usuario | B8: Agregar la imagen de la Motocicleta | C8: Permite añadir una nueva imagen de una motocicleta | D8: Imagen | G8: Imagen POL-0002 | H8: La imagen debe cumplir con un formato permitido | L8: Imagen Consultada | M8: Consultar Imagen Motocicleta
G9: Imagen POL-0003 | H9: La imagen no debe exceder un tamaño máximo definido | M9: Eliminar Imagen Motocicleta
G10: Imagen POL-0004 | H10: No puede existir otra Imagen con el mismo identificador. | M10: Actualizar Imagen Motocicleta
A12: Usuario | B12: Actualizar la Imagen de la Motocicleta | C12: Permite actualizar una Imagen de motocicleta | D12: Imagen | G12: Imagen POL-0001 | H12: Asegurar que los datos requeridos para llevar a cabo la acción sean válidos a nivel de tipo de dato, longitud, obligatoriedad, formato y rango. | J12: Imagen Actualizada | L12: Imagen Agregada | M12: Consultar Imagen Motocicleta
L13: Imagen Consultada | M13: Eliminar Imagen Motocicleta
M14: Agregar Imagen Motocicleta
L15: Imagen Actualizada | M15: Eliminar Imagen Motocicleta
A16: Usuario | B16: Consultar la Imagen de la Motocicleta | C16: Permite visualizar una Imagen específica de una motocicleta | D16: Imagen | G16: Imagen POL-0005 | H16: Asegurar que los datos que fueron enviados como filtro para llevar a cabo la acción sean válidos a nivel de tipo de dato, longitud, obligatoriedad, formato y rango. | J16: Imagen Consultada | L16: Imagen Agregada | M16: Actualizar Imagen Motocicleta
L17: Imagen Eliminada | M17: Agregar Imagen Motocicleta
A18: Usuario | B18: Eliminar la Imagen de la Motocicleta | C18: Permite eliminar una Imagen existente del sistema | D18: Imagen | G18: Imagen POL-0001 | H18: Asegurar que los datos requeridos para llevar a cabo la acción sean válidos a nivel de tipo de dato, longitud, obligatoriedad, formato y rango. | I18: Sistema de Almacenamiento | J18: Imagen Eliminada | L18: Imagen Consultada | M18: Agregar Imagen Motocicleta
L19: Imagen Agregada | M19: Consultar Imagen Motocicleta
L20: Imagen Actualizada

Sheet Linea
A1: <-Volver al inicio
A2: Objeto de Dominio: | B2: Línea
A3: Descripción: | B3: ='Listado Objetos de Dominio'!B18 -> Objeto de dominio que representa la familia o serie específica de motocicletas dentro de una marca.
A4: Actor | B4: Action/Command | D4: Entity/Aggregate/Object domain | E4: Read Model | G4: Business Rule/Policy | I4: External System | J4: Domain Event | K4: Hotspot/questions/Risk | L4: Eventos Previos | M4: Comandos Posteriores
A5: Actor | B5: Acción | C5: Descripción | D5: Objeto de dominio | E5: Información externa | G5: Políticas | I5: Sistema Externo | J5: Evento | K5: Aspectos por solucionar
E6: Información | F6: Descripción | G6: Número | H6: Descripción
A8: Usuario/Representante Sede | B8: Consultar Información de las líneas de una marca de motocicletas | C8: Permite ver la información de las líneas de una marca de motocicleta | D8: Línea | E8: Información de la Marca | F8: Información que indica cual es la marca de motocicleta a la que se puede consultar las líneas | G8: Línea POL-0001 | H8: Asegurar que los datos que fueron enviados como filtro para llevar a cabo la acción sean válidos a nivel de tipo de dato, longitud, obligatoriedad, formato y rango. | J8: Línea Consultada | L8: Línea de Motocicleta Creada | M8: Crear Línea de Motocicleta
O9: Crear la Línea de una Marca de Motocicleta
G10: Línea POL-0002 | H10: No puede existir otro representante sede con el mismo identificador.
A11: Administrador | B11: Crear la Línea de una Marca de Motocicleta | C11: Permite crear líneas dentro de una marca de motocicleta | D11: Línea | E11: Información de la Marca | F11: Información que indica cual es la marca de motocicleta a la que se puede agregar las líneas | G11: Línea POL-00003 | H11: La línea a registrar no debe de estar previamente registrada en la misma línea | J11: Línea Creada | L11: Línea de Motocicleta Consultada | M11: Consultar Línea de Motocicleta
G12: Línea POL-0001 | H12: Asegurar la validación de los datos para llevar a cabo la acción a nivel de tipo de dato, longitud, obligatoriedad, formato y rango.

Sheet Linea Categoria
A1: <-Volver al inicio
A2: Objeto de Dominio: | B2: ='Listado Objetos de Dominio'!$A$19 -> Línea Categoría
A3: Descripción: | B3: ='Listado Objetos de Dominio'!$B$19 -> Objeto de dominio que representa la relación entre una línea de motocicletas y su categoría.
A4: Actor | B4: Action/Command | D4: Entity/Aggregate/Object domain | E4: Read Model | G4: Business Rule/Policy | I4: External System | J4: Domain Event | K4: Hotspot/questions/Risk | L4: Eventos Previos | M4: Comandos Posteriores
A5: Actor | B5: Acción | C5: Descripción | D5: Objeto de dominio | E5: Información externa | G5: Políticas | I5: Sistema Externo | J5: Evento | K5: Aspectos por solucionar
E6: Información | F6: Descripción | G6: Número | H6: Descripción
A8: Usuario/Representante Sede | B8: Consultar Información de la Línea Categoría | C8: Permite ver la relación entre línea y categoría | D8: Línea Categoría | E8: Información de la línea | F8: Información que indica cual es la asociación de la línea con la categoría | G8: Línea Categoría POL-0001 | H8: Asegurar que los datos que fueron enviados como filtro para llevar a cabo la acción sean válidos a nivel de tipo de dato, longitud, obligatoriedad, formato y rango. | J8: Línea Categoría Consultada | L8: Línea Categoría Creada | M8: Crear Línea Categoría
E9: Información de la categoría | F9: Información que indica cual es la asociación de la categoría con la línea
A10: Administrador | B10: Crear asociación de la Línea Categoría | C10: Permite crear una nueva relación entre línea y categoría | D10: Línea Categoría | E10: Información de la línea | F10: Información que indica culés serán las asociaciones de la línea con la categoría | G10: Línea Categoría POL-0002 | H10: Asegurar la validación de los datos para llevar a cabo la acción a nivel de tipo de dato, longitud, obligatoriedad, formato y rango. | J10: Línea Categoría Creada | L10: Línea Categoría Consultada | M10: Consultar Línea Categoría
E11: Información de la categoría | F11: Información que indica cual será la asociación de la categoría con la línea | G11: Línea Categoría POL-0003 | H11: No puede existir otra línea categoría con el mismo identificador
G12: Línea Categoría POL-0004 | H12: No puede existir otra línea categoría con el mismo nombre

Sheet Marca
A1: <-Volver al inicio
A2: Objeto de Dominio: | B2: ='Listado Objetos de Dominio'!A20 -> Marca
A3: Descripción: | B3: ='Listado Objetos de Dominio'!B20 -> Objeto de dominio que representa cada uno de los fabricantes de motocicletas.
A4: Actor | B4: Action/Command | D4: Entity/Aggregate/Object domain | E4: Read Model | G4: Business Rule/Policy | I4: External System | J4: Domain Event | K4: Hotspot/questions/Risk | L4: Eventos Previos | M4: Comandos Posteriores
A5: Actor | B5: Acción | C5: Descripción | D5: Objeto de dominio | E5: Información externa | G5: Políticas | I5: Sistema Externo | J5: Evento | K5: Aspectos por solucionar
E6: Información | F6: Descripción | G6: Número | H6: Descripción
A7: Usuario/Representante Sede | B7: Consultar Información de las Marcas de Motocicletas | C7: Permite buscar marcas de motocicleta | D7: Marca | G7: Marca POL-0001 | H7: Asegurar que los datos que fueron enviados como filtro para llevar a cabo la acción sean válidos a nivel de tipo de dato, longitud, obligatoriedad, formato y rango. | J7: Marca de Motocicleta Consultada | L7: Maraca de Motocicleta Agregada | M7: Agregar Marca de Motocicleta
G10: Marca POL-0004 | H10: Asegurar que los datos requeridos para llevar a cabo la acción sean válidos a nivel de tipo de dato, longitud, obligatoriedad, formato y rango.
A11: Administrador | B11: Agregar Información de la Marca de Motocicleta | C11: Permite agregar una nueva marca de motocicleta | D11: Marca | G11: Marca POL-0002 | H11: No puede existir otra marca de motocicleta con el mismo nombre | J11: Marca de Motocicleta Consultada | L11: Maraca de Motocicleta Consultada | M11: Consultar Marca Motocicleta
G12: Marca POL-0003 | H12: No puede existir otra marca de motocicleta con el mismo identificador

Sheet Motocicleta
A1: <-Volver al inicio
A2: Objeto de Dominio: | B2: ='Listado Objetos de Dominio'!$A$22 -> Motocicleta
A3: Descripción: | B3: ='Listado Objetos de Dominio'!$B$22 -> Objeto de dominio que representa el vehículo de dos ruedas con sus características específicas.
A4: Actor | B4: Action/Command | D4: Entity/Aggregate/Object domain | E4: Read Model | G4: Business Rule/Policy | I4: External System | J4: Domain Event | K4: Hotspot/questions/Risk | L4: Eventos Previos | M4: Comandos Posteriores
A5: Actor | B5: Acción | C5: Descripción | D5: Objeto de dominio | E5: Información externa | G5: Políticas | I5: Sistema Externo | J5: Evento | K5: Aspectos por solucionar
E6: Información | F6: Descripción | G6: Número | H6: Descripción
A8: Usuario | B8: Registrar Información de la Motocicleta | C8: Permite registrar una nueva motocicleta | D8: Motocicleta | E8: Información del Modelo | F8: Información que indica cual es el modelo de la motocicleta a registrar | G8: Motocicleta POL-0001 | H8: Asegurar que los datos requeridos para llevar a cabo la acción sean válidos a nivel de tipo de dato, longitud, obligatoriedad, formato y rango. | J8: Motocicleta Registrada | L8: Motocicleta Consultada | M8: Consultar Motocicleta
E9: Información del Usuario | F9: Información que indica cual es el propietario de la motocicleta | G9: Motocicleta POL-0002 | H9: El propietario debe estar previamente registrado | M9: Eliminar Motocicleta
G10: Motocicleta POL-0003 | H10: La matrícula de la motocicleta que se desea registrar no debe de existir en el sistema. | M10: Modificar Motocicleta
G11: Motocicleta POL-0004 | H11: No puede existir otra matricula con el mismo identificador.
A14: Usuario | B14: Modificar Información de la Motocicleta | C14: Permite actualizar la información de una motocicleta | D14: Motocicleta | E14: Información del Modelo | F14: Información que indica cual es el modelo de la motocicleta a modificar | G14: Motocicleta POL-0001 | H14: Asegurar que los datos requeridos para llevar a cabo la acción sean válidos a nivel de tipo de dato, longitud, obligatoriedad, formato y rango. | J14: Motocicleta Modificada | L14: Motocicleta Consultada | M14: Consultar Motocicleta
E15: Información del Usuario | F15: Información que indica cual es el propietario de la motocicleta a modificar | L15: Motocicleta Registrada | M15: Eliminar Motocicleta
A20: Usuario | B20: Eliminar Información de la Motocicleta | C20: Permite eliminar una motocicleta | D20: Motocicleta | E20: Información del Modelo | F20: Información que indica cual es el modelo de la motocicleta a eliminar | G20: Motocicleta POL-0005 | H20: Asegurar que la motocicleta a eliminar no tenga dependencias | J20: Motocicleta Eliminada | L20: Motocicleta Consultada | M20: Consultar Motocicleta
E21: Información del Usuario | F21: Información que indica cual es el propietario de la motocicleta a eliminar | L21: Motocicleta Registrada | M21: Registrar Motocicleta
L22: Motocicleta Modificada
A26: Usuario | B26: Consultar Información de la Motocicleta | C26: Permite consultar la información de una motocicleta | D26: Motocicleta | E26: Información del Modelo | F26: Información que indica cual es el modelo de la motocicleta a consultar | G26: Motocicleta POL-0006 | H26: Asegurar que los datos que fueron enviados como filtro para llevar a cabo la acción sean válidos a nivel de tipo de dato, longitud, obligatoriedad, formato y rango. | J26: Motocicleta Consultada | L26: Motocicleta Registrada | M26: Modificar Motocicleta
E27: Información del Usuario | F27: Información que indica cual es el propietario de la motocicleta a consultar | L27: Motocicleta Consultada | M27: Eliminar Motocicleta
L28: Motocicleta Modificada | M28: Registrar Motocicleta
L29: Motocicleta Eliminada
A32: Representante Sede | B32: Consultar Información General de la Motocicleta | C32: Permite consultar la información general de una motocicleta | D32: Motocicleta | E32: Información del Modelo | F32: Información que indica cual es el modelo de la motocicleta a consultar | G32: Motocicleta POL-0006 | H32: Asegurar que los datos que fueron enviados como filtro para llevar a cabo la acción sean válidos a nivel de tipo de dato, longitud, obligatoriedad, formato y rango. | J32: Motocicleta Consultada | L32: Motocicleta Registrada | M32: Modificar Motocicleta
E33: Información del Usuario | F33: Información que indica cual es el propietario de la motocicleta a consultar | L33: Motocicleta Consultada | M33: Eliminar Motocicleta
L34: Motocicleta Modificada | M34: Registrar Motocicleta
L35: Motocicleta Eliminada

Sheet Rango Calificacion
A1: <-Volver al inicio
A2: Objeto de Dominio: | B2: ='Listado Objetos de Dominio'!A23 -> Rango Calificación
A3: Descripción: | B3: ='Listado Objetos de Dominio'!B23 -> Objeto de dominio que representa los intervalos de valoración permitidos para las calificaciones
A4: Actor | B4: Action/Command | D4: Entity/Aggregate/Object domain | E4: Read Model | G4: Business Rule/Policy | I4: External System | J4: Domain Event | K4: Hotspot/questions/Risk | L4: Eventos Previos | M4: Comandos Posteriores
A5: Actor | B5: Acción | C5: Descripción | D5: Objeto de dominio | E5: Información externa | G5: Políticas | I5: Sistema Externo | J5: Evento | K5: Aspectos por solucionar
E6: Información | F6: Descripción | G6: Número | H6: Descripción
A8: Usuario | B8: Consultar Información del Rango Calificación | C8: Permite ver los rangos de calificación disponibles | D8: Rango Calificación | G8: Rango Calificación POL-0001 | H8: Asegurar que los datos que fueron enviados como filtro para llevar a cabo la acción sean válidos a nivel de tipo de dato, longitud, obligatoriedad, formato y rango. | J8: Rango Calificación consultado

Sheet Rango cilindraje
A1: <-Volver al inicio
A2: Objeto de Dominio: | B2: ='Listado Objetos de Dominio'!A24 -> Rango Cilindraje
A3: Descripción: | B3: ='Listado Objetos de Dominio'!B26 -> Objeto de dominio que representa un servicio específico completado en una motocicleta.
A4: Actor | B4: Action/Command | D4: Entity/Aggregate/Object domain | E4: Read Model | G4: Business Rule/Policy | I4: External System | J4: Domain Event | K4: Hotspot/questions/Risk | L4: Eventos Previos | M4: Comandos Posteriores
A5: Actor | B5: Acción | C5: Descripción | D5: Objeto de dominio | E5: Información externa | G5: Políticas | I5: Sistema Externo | J5: Evento | K5: Aspectos por solucionar
E6: Información | F6: Descripción | G6: Número | H6: Descripción
A7: Usuario/Representante Sede | B7: Consultar Información del Rango Cilindraje | C7: Permite filtrar motocicletas por su rango de cilindraje | D7: Rango Cilindraje | G7: Rango Cilindraje POL-0001 | H7: Asegurar que los datos que fueron enviados como filtro para llevar a cabo la acción sean válidos a nivel de tipo de dato, longitud, obligatoriedad, formato y rango. | J7: Rango Cilindraje Consultado
G8: Rango Cilindraje POL-0002 | H8: El cilindraje debe ser un número positivo y estar dentro de los rangos permitidos

Sheet Referencia
A1: <-Volver al inicio
A2: Objeto de Dominio: | B2: Referencia
A3: Descripción: | B3: Objeto de dominio que representa las diferentes variantes o versiones de motocicletas disponibles en el sistema.
A4: Actor | B4: Action/Command | D4: Entity/Aggregate/Object domain | E4: Read Model | G4: Business Rule/Policy | I4: External System | J4: Domain Event | K4: Hotspot/questions/Risk | L4: Eventos Previos | M4: Comandos Posteriores
A5: Actor | B5: Acción | C5: Descripción | D5: Objeto de dominio | E5: Información externa | G5: Políticas | I5: Sistema Externo | J5: Evento | K5: Aspectos por solucionar
E6: Información | F6: Descripción | G6: Número | H6: Descripción
E7: Información de la línea Categoría | F7: Información que indica cual es la línea categoría que hay dentro de un Referencia de una motocicleta | G7: Referencia POL-0004 | H7: Asegurar que los datos que fueron enviados como filtro para llevar a cabo la acción sean válidos a nivel de tipo de dato, longitud, obligatoriedad, formato y rango.
A8: Usuario/Representante Sede | B8: Consultar Información de la Referencia Motocicleta | C8: Permite visualizar las referencias de motocicleta disponibles. | D8: Referencia | E8: Información de Rango Cilindraje | F8: Información que indica cual es el rango de cilindraje dentro del Referencia de una motocicleta | J8: Referencia consultada | L8: Referencia Agregada | M8: Agregar Referencia Motocicleta
E10: Información de la línea Categoría | F10: Información que indica cual es la línea categoría que hay dentro de un Referencia de una motocicleta | G10: Referencia POL-0001 | H10: Asegurar la validación de los datos para llevar a cabo la acción a nivel de tipo de dato, longitud, obligatoriedad, formato y rango.
A11: Administrador | B11: Agregar Información de la Referencia de la Motocicleta | C11: Permite agregar referencias de motocicleta. | D11: Referencia | E11: Información de Rango Cilindraje | F11: Información que indica cual es el rango de cilindraje dentro del Referencia de una motocicleta | G11: Referencia POL-0002 | H11: La referencia a registrar no debe estar previamente registrada. | J11: Referencias Agregada | L11: Referencia Motocicleta Agregada | M11: Agregar Referencia Motocicleta
G12: Referencia POL-0003 | H12: No debe existir otra referencia con el mismo identificador.

Sheet Representante Sede
A1: <-Volver al inicio
A2: Objeto de Dominio: | B2: Representante sede
A3: Descripción: | B3: ='[1]Listado Objetos de Dominio'!$B$11 -> Objeto de dominio que representa la persona responsable de gestionar una sede específica de una sede.
A4: Actor | B4: Action/Command | D4: Entity/Aggregate/Object domain | E4: Read Model | G4: Business Rule/Policy | I4: External System | J4: Donan Event | K4: Hotspot/questions/Risk | L4: Eventos Previos | M4: Comandos Posteriores
A5: Actor | B5: Acción | C5: Descripción | D5: Objeto de dominio | E5: Información externa | G5: Políticas | I5: Sistema Externo | J5: Evento | K5: Aspectos por solucionar
E6: Información | F6: Descripción | G6: Número | H6: Descripción
G7: Representante Sede POL - 0005 | H7: Correo electrónico del representante sede debe ser único | M7: Editar Representante sede
G8: Representante Sede POL-0004 | H8: Número de celular del representante sede debe ser único | M8: Eliminar Representante Sede
A9: Representante Sede | B9: Registrar Información del Representante Sede | C9: Permite registrar un nuevo representante para una sede específica | D9: Representante Sede | G9: Representante Sede POL - 0003 | H9: Número de cédula del representante sede debe ser único | L9: Representante Sede Consultado | M9: Consultar Representante Sede
G10: Representante Sede POL-0002 | H10: No puede existir otro representante sede con el mismo identificador. | M10: Restablecer Clave Representante Sede
G11: Representante Sede POL - 0001 | H11: Asegurar que los datos requeridos para llevar a cabo la acción sean válidos a nivel de tipo de dato, longitud, obligatoriedad, formato y rango.
G13: Representante Sede POL-0005 | H13: Correo electrónico del representante sede debe ser único | L13: Representante Sede Consultado | M13: Consultar Representante Sede
A14: Representante Sede | B14: Modificar Información del Representante Sede | C14: Permite actualizar la información de un representante existente | D14: Representante Sede | G14: Representante Sede POL-0004 | H14: Número de celular del representante sede debe ser único | L14: Representante Sede Agregado | M14: Eliminar Representante Sede
G15: Representante Sede POL-0003 | H15: Número de cédula del representante sede debe ser único | L15: Clave Representante Sede Restablecida | M15: Restablecer Clave Representante Sede
G16: Representante Sede POL-0001 | H16: Asegurar que los datos requeridos para llevar a cabo la acción sean válidos a nivel de tipo de dato, longitud, obligatoriedad, formato y rango. | L16: Clave Representante Sede Modificada | M16: Modificar Clave Representante Sede
L17: Representante Sede Consultado | M17: Consultar Representante Sede
A18: Representante Sede | B18: Eliminar Información del Representante Sede | C18: Permite dar de baja a un representante del sistema | D18: Representante Sede | G18: Representante Sede POL-0006 | H18: Asegurar que el representante sede no esté vinculado a una sede | J18: Representante Eliminado | L18: Representante Sede Agregado | M18: Agregar Representante Sede
L19: Representante Sede Modificado
L20: Clave Representante Sede Modificada
L21: Clave Representante Sede Restablecida
L22: Representante Sede Agregado | M22: Agregar Representante Sede
A23: Representante Sede | B23: Consultar Información detallada del Representante Sede | C23: Permite visualizar información detallada del representante | D23: Representante Sede | G23: Representante Sede POL-0007 | H23: Asegurar que los datos que fueron enviados como filtro para llevar a cabo la acción sean válidos a nivel de tipo de dato, longitud, obligatoriedad, formato y rango. | J23: Representante Consultado | L23: Representante Sede Modificado | M23: Modificar Representante Sede
L24: Representante Sede Eliminado | M24: Eliminar Representante Sede
L25: Clave Representante Sede Restablecida | M25: Modificar Clave Representante Sede
L26: Clave Representante Sede Modificada | M26: Restablecer Clave Representante Sede
L27: Representante Sede Agregado | M27: Agregar Representante Sede
A28: Usuario | B28: Consultar Información General del Representante Sede | C28: Permite visualizar información general del representante | D28: Representante Sede | G28: Representante Sede POL-0007 | H28: Asegurar que los datos que fueron enviados como filtro para llevar a cabo la acción sean válidos a nivel de tipo de dato, longitud, obligatoriedad, formato y rango. | J28: Representante Consultado | L28: Representante Sede Modificado | M28: Modificar Representante Sede
L29: Representante Sede Eliminado | M29: Eliminar Representante Sede
L30: Clave Representante Sede Restablecida | M30: Modificar Clave Representante Sede
L31: Clave Representante Sede Modificada | M31: Restablecer Clave Representante Sede
L32: Representante Sede Agregado | M32: Modificar Clave Representante Sede
G33: Representante Sede POL- 0008 | H33: Debe de existir Representante Sede con Clave | L33: Representante Sede Consultado | M33: Consultar Representante Sede
A34: Representante Sede | B34: Restablecer la Clave del Representante Sede | C34: Permite al Representante Sede restablecer su contraseña. | D34: Representante Sede | G34: Representante Sede POL- 0001 | H34: Asegurar que los datos requeridos para llevar a cabo la acción sean válidos a nivel de tipo de dato, longitud, obligatoriedad, formato y rango. | J34: Clave Representante Sede Restablecida | L34: Representante Sede Modificado | M34: Modificar Representante Sede
L35: Clave Representante Sede Modificada | M35: Eliminar Representante Sede
L36: Representante Sede Agregado | M36: Consultar Representante Sede
A37: Representante Sede | B37: Modificar la Clave del Representante Sede | C37: Permite al Representante Sede cambiar su contraseña. | D37: Representante Sede | G37: Representante Sede POL- 0008 | H37: Debe de existir Representante Sede con Clave | J37: Clave Representante Sede Modificada | L37: Representante Sede Consultado | M37: Modificar Representante Sede
G38: Representante Sede POL - 0001 | H38: Asegurar que los datos requeridos para llevar a cabo la acción sean válidos a nivel de tipo de dato, longitud, obligatoriedad, formato y rango. | L38: Representante Sede Modificado | M38: Agregar Representante Sede
L39: Clave Representante Sede Restablecida | M39: Eliminar Representante Sede
M40: Restablecer Clave Representante Sede
A41: Representante Sede | B41: Autenticar Información del Representante Sede | C41: Permite validar las credenciales del Representante Sede para acceder a su Información. | D41: Representante Sede | G41: Representante Sede POL- 0008 | H41: Debe de existir Representante Sede con Clave | J41: Representante Sede Autenticado | L41: Representante Sede Agregado | M41: Eliminar Representante Sede
G42: Representante Sede POL - 0001 | H42: Asegurar que los datos requeridos para llevar a cabo la acción sean válidos a nivel de tipo de dato, longitud, obligatoriedad, formato y rango. | L42: Representante Sede Consultado | M42: Modificar Representante Sede
M43: Consultar Representante Sede
M44: Restablecer Clave Representante Sede
M45: Modificar Clave Representante Sede

Sheet Sede
A1: <-Volver al inicio
A2: Objeto de Dominio: | B2: Sede
A3: Descripción: | B3: Objeto de dominio que representa una sucursal de atención de un establecimiento, que puede ofrecer servicios a clientes
A4: Actor | B4: Action/Command | D4: Entity/Aggregate/Object domain | E4: Read Model | G4: Business Rule/Policy | I4: External System | J4: Domain Event | K4: Hotspot/questions/Risk | L4: Eventos Previos | M4: Comandos Posteriores
A5: Actor | B5: Acción | C5: Descripción | D5: Objeto de dominio | E5: Información externa | G5: Políticas | I5: Sistema Externo | J5: Evento | K5: Aspectos por solucionar
E6: Información | F6: Descripción | G6: Número | H6: Descripción
E7: Información del establecimiento | F7: Información que indica cual es el nombre del establecimiento al que pertenece la sede a registrar. | G7: Sede POL - 0003 | H7: No puede existir otra sede con el mismo identificador | M7: Consultar Sede
A8: Representante Sede | B8: Registrar Información de una nueva Sede | C8: Permite crear una nueva sede. | D8: Sede | E8: Información del tipo de sede | F8: Información que indica cual es el tipo de sede a registrar. | G8: SedePOL-0002 | H8: No debe existir una sede previamente registrada con el mismo nombre. | J8: Sede Registrada | L8: Sede Consultada | M8: Modificar Sede
E9: Información del representante sede | F9: Información que indica cual es el representante de la sede asignado. | G9: SedePOL-0001 | H9: Asegurar que los datos requeridos para llevar a cabo la acción sean válidos a nivel de tipo de dato, longitud, obligatoriedad, formato y rango. | M9: Borrar Sede
G10: Sede POL - 0004 | H10: El tipo de Sede debe estar previamente registrado.
G11: Sede POL - 0005 | H11: El representante sede debe estar previamente registrado.
E12: Información del establecimiento | F12: Información que indica cual es el nombre del establecimiento al que pertenece la sede a modificar. | L12: Sede Registrada | M12: Eliminar Sede
A13: Representante Sede | B13: Modificar la Información de la Sede | C13: Permite modificar la información de la Sede | D13: Sede | E13: Información del tipo de sede | F13: Información que indica cual es el tipo de sede al que pertenece la sede a modificar. | G13: Sede POL-0001 | H13: Asegurar que los datos requeridos para llevar a cabo la acción sean válidos a nivel de tipo de dato, longitud, obligatoriedad, formato y rango. | J13: Sede Modificada | L13: Sede Consultada | M13: Consultar Sede
E14: Información del representante sede | F14: Información que indica cual es el representante de la sede asignado.
E17: Información del establecimiento | F17: Información que indica cual es el nombre del establecimiento al que pertenece la sede a borrar. | G17: Sede POL-0001 | H17: Asegurar que los datos requeridos para llevar a cabo la acción sean válidos a nivel de tipo de dato, longitud, obligatoriedad, formato y rango. | L17: Sede modificada | M17: Registrar Sede
A18: Representante Sede | B18: Eliminar Información de la Sede | C18: Permite dar de baja una sede. | D18: Sede | E18: Información del tipo de sede | F18: Información que indica cual es el tipo de sede al que pertenece la sede a eliminar. | G18: Sede POL-0006 | H18: La sede no debe de estar asociada a una franquicia | J18: Sede Eliminada | L18: Sede Consultada | M18: Consultar Sede
L19: Sede Registrada
E20: Información del establecimiento | F20: Información que indica cual es el nombre del establecimiento al que pertenece la sede a consultar. | L20: Sede Registrada | M20: Registrar Sede
A21: Usuario/Representante Sede | B21: Consultar Información de la Sede | C21: Permite ver la información de las sedes | D21: Sede | E21: Información del tipo de sede | F21: Información que indica cual es el tipo de sede a consultar. | G21: Sede POL-0007 | H21: Asegurar que los datos que fueron enviados como filtro para llevar a cabo la acción sean válidos a nivel de tipo de dato, longitud, obligatoriedad, formato y rango. | J21: Sede Consultada | L21: Sede Modificada | M21: Modificar Sede
E22: Información del representante sede | F22: Información que indica cual es el representante de la sede asignado. | L22: Sede Eliminada | M22: Eliminar Sede

Sheet Servicio
A1: <-Volver al inicio
A2: Objeto de Dominio: | B2: Servicio
A3: Descripción: | B3: Objeto de dominio que representa los servicios de mantenimiento o reparación ofrecidos para las motocicletas
A4: Actor | B4: Action/Command | D4: Entity/Aggregate/Object domain | E4: Read Model | G4: Business Rule/Policy | I4: External System | J4: Domain Event | K4: Hotspot/questions/Risk | L4: Eventos Previos | M4: Comandos Posteriores
A5: Actor | B5: Acción | C5: Descripción | D5: Objeto de dominio | E5: Información externa | G5: Políticas | I5: Sistema Externo | J5: Evento | K5: Aspectos por solucionar
E6: Información | F6: Descripción | G6: Número | H6: Descripción
M7: Modificar Servicio
G8: Servicio POL-0002 | H8: No debe haber servicios previamente registrados con el mismo nombre | M8: Consultar Servicio
A9: Administrador | B9: Crear Información del Servicio | C9: Permite registrar un nuevo servicio para motocicletas | D9: Servicio | E9: Información del tipo de servicio | F9: Información que indica cual es el tipo de servicio a registrar. | G9: Servicio POL-0001 | H9: Asegurar que los datos requeridos para llevar a cabo la acción sean válidos a nivel de tipo de dato, longitud, obligatoriedad, formato y rango. | L9: Servicio Consultado | M9: Crear Servicio
G10: Servicio POL-0003 | H10: No debe existir otro Servicio con el mismo identificador.
L11: Servicio Consultado
A12: Administrador | B12: Modificar Información del Servicio | C12: Permite actualizar la información de un servicio existente | D12: Servicio | E12: Información del tipo de servicio | F12: Información que indica cual es el tipo de servicio a modificar. | G12: Servicio POL-0001 | H12: Asegurar que los datos requeridos para llevar a cabo la acción sean válidos a nivel de tipo de dato, longitud, obligatoriedad, formato y rango. | J12: Servicio Modificado | L12: Servicio Creado | M12: Consultar Servicio
L14: Servicio Modificado | M14: Modificar Servicio
A15: Representante Sede | B15: Consultar Información del Servicio | C15: Permite visualizar información sobre tipos de servicio y servicios disponibles | D15: Servicio | E15: Información del tipo de servicio | F15: Información que indica cual es el tipo de servicio a consultar. | G15: Servicio POL-0004 | H15: Asegurar que los datos que fueron enviados como filtro para llevar a cabo la acción sean válidos a nivel de tipo de dato, longitud, obligatoriedad, formato y rango. | J15: Servicio Consultado | L15: Servicio Creado | M15: Crear Servicio
L16: Servicio Eliminado | M16: Eliminar Servicio

Sheet Servicio Realizado
A1: <-Volver al inicio
A2: Objeto de Dominio: | B2: ='Listado Objetos de Dominio'!$A$26 -> Servicio Realizado
A3: Descripción: | B3: ='Listado Objetos de Dominio'!$B$26 -> Objeto de dominio que representa un servicio específico completado en una motocicleta.
A4: Actor | B4: Action/Command | D4: Entity/Aggregate/Object domain | E4: Read Model | G4: Business Rule/Policy | I4: External System | J4: Domain Event | K4: Hotspot/questions/Risk | L4: Eventos Previos | M4: Comandos Posteriores
A5: Actor | B5: Acción | C5: Descripción | D5: Objeto de dominio | E5: Información externa | G5: Políticas | I5: Sistema Externo | J5: Evento | K5: Aspectos por solucionar
E6: Información | F6: Descripción | G6: Número | H6: Descripción
A8: Representante Sede | B8: Registrar Información del Servicio Realizado | C8: Permite registrar un nuevo servicio realizado | D8: Servicio Realizado | E8: Información de la Motocicleta | F8: Información de la moto a la que se le realiza el servicio | G8: Servicio Realizado POL-0003 | H8: La motocicleta debe estar previamente registrada | I8: Sistema de Servicios | J8: Servicio Realizado Registrado | L8: Servicio Realizado Consultado | M8: Consultar Servicio Realizado
E9: Información de la Sede | F9: Información de la sede que se le realiza el servicio | G9: Servicio Realizado POL-0002 | H9: La sede debe estar previamente registrada | M9: Registrar Servicio Realizado
E10: Información de la Transición Estado Servicio Realizado | F10: Información del estado del servicio realizado | G10: Servicio Realizado POL-0004 | H10: El estado del servicio realizado debe de seguir una secuencia ya definida | M10: Editar Servicio Realizado
G11: Servicio Realizado POL-0001 | H11: Asegurar que los datos requeridos para llevar a cabo la acción sean válidos a nivel de tipo de dato, longitud, obligatoriedad, formato y rango. | M11: Eliminar Servicio Realizado
G12: Servicio Realizado POL-0005 | H12: No puede existir otro servicio con el mismo identificador.
E14: Información de la Motocicleta | F14: Información de la moto a la que se le puede modificar el servicio | G14: Servicio Realizado POL-0001 | H14: Asegurar que los datos requeridos para llevar a cabo la acción sean válidos a nivel de tipo de dato, longitud, obligatoriedad, formato y rango. | L14: Servicio Realizado Desactivado | M14: Activar Servicio Realizado
A15: Representante Sede | B15: Modificar Información del Servicio Realizado | C15: Permite actualizar la información de un servicio realizado | D15: Servicio Realizado | E15: Información de la Sede | F15: Información de la sede que se le realiza el servicio | G15: Servicio Realizado POL-0006 | H15: El servicio realizado debe estar previamente registrado | J15: Servicio Realizado Modificado | L15: Servicio Realizado Registrado | M15: Consultar Servicio Realizado
E16: Información de la Transición Estado Servicio Realizado | F16: Información del estado del servicio realizado | L16: Servicio Realizado Consultado | M16: Eliminar Servicio Realizado
L17: Servicio Realizado Activado | M17: Desactivar Servicio Realizado
L20: Servicio Realizado Consultado
A21: Administrador | B21: Eliminar Información del Servicio Realizado | C21: Permite eliminarla información de un servicio realizado | D21: Servicio Realizado | E21: Información de la Motocicleta | F21: Información de la moto a la que se le puede Eliminar el servicio | G21: Servicio Realizado POL-0007 | H21: El servicio no debe tener dependencias | J21: Servicio Realizado Eliminado | L21: Servicio Realizado Registrado | M21: Registrar Servicio Realizado
E22: Información de la Sede | F22: Información de la sede que se le realiza el servicio | G22: Servicio Realizado POL-0009 | H22: El servicio realizado debe estar finalizado | L22: Servicio Realizado Modificado | M22: Consultar Servicio Realizado
E23: Información de la Transición Estado Servicio Realizado | F23: Información del estado del servicio realizado | G23: Servicio Realizado POL-0001 | H23: Asegurar que los datos requeridos para llevar a cabo la acción sean válidos a nivel de tipo de dato, longitud, obligatoriedad, formato y rango. | L23: Servicio Realizado Desactivado
A26: Representante Sede | B26: Consultar Información del Servicio Realizado | C26: Permite ver los servicios realizados | D26: Servicio Realizado | E26: Información de la Motocicleta | F26: Información de la motocicleta en el servicio realizado | G26: Servicio Realizado POL-0008 | H26: Asegurar que los datos que fueron enviados como filtro para llevar a cabo la acción sean válidos a nivel de tipo de dato, longitud, obligatoriedad, formato y rango. | I26: Sistema de Servicios | J26: Servicio Consultado | L26: Servicio Realizado Registrado | M26: Registrar Servicio Realizado
E27: Información de la Sede | F27: Información de la sede que se le realiza el servicio | L27: Servicio Realizado Activado | M27: Activar Servicio Realizado
E28: Información de la Transición Estado Servicio Realizado | F28: Información del estado del servicio realizado | L28: Servicio Realizado Modificado | M28: Editar Servicio Realizado
L29: Servicio Realizado Eliminado | M29: Eliminar Servicio Realizado

Sheet Servicio Sede
A1: <-Volver al inicio
A2: Objeto de Dominio: | B2: Servicio sede
A3: Descripción: | B3: Objeto de dominio que representa la relación entre una sede y los servicios que ofrece.
A4: Actor | B4: Action/Command | D4: Entity/Aggregate/Object domain | E4: Read Model | G4: Business Rule/Policy | I4: External System | J4: Domain Event | K4: Hotspot/questions/Risk | L4: Eventos Previos | M4: Comandos Posteriores
A5: Actor | B5: Acción | C5: Descripción | D5: Objeto de dominio | E5: Información externa | G5: Políticas | I5: Sistema Externo | J5: Evento | K5: Aspectos por solucionar
E6: Información | F6: Descripción | G6: Número | H6: Descripción
G7: Servicio Sede POL - 0005 | H7: No puede existir otro servicio sede con el mismo identificador | M7: Eliminar Servicio Sede
A8: Representante Sede | B8: Crear Información del Servicio Sede | C8: Permite registrar los servicios que ofrece una sede | D8: Servicio Sede | E8: Información del Servicio | F8: Información que indica cual es servicio al que se le asocia la sede | G8: Servicio Sede POL-0003 | H8: La sede debe estar previamente registrada | J8: Servicio Sede Creado | L8: Servicio Sede Consultado | M8: Modificar Servicio Sede
E9: Información de la Sede | F9: Información que indica cual es la sede a la que se le asocia el servicio | G9: Servicio Sede POL-0004 | H9: El servicio sede no deben tener una relación previa existente | M9: Consultar Servicio Sede
G10: Servicio Sede POL-0002 | H10: El servicio debe estar previamente registrada | M10: Activar Servicio Sede
G11: Servicio Sede POL-0001 | H11: Asegurar que los datos requeridos para llevar a cabo la acción sean válidos a nivel de tipo de dato, longitud, obligatoriedad, formato y rango. | M11: Desactivar Servicio Sede
G12: Servicio Sede POL-0001 | H12: Asegurar que los datos requeridos para llevar a cabo la acción sean válidos a nivel de tipo de dato, longitud, obligatoriedad, formato y rango. | M12: Consultar Servicio Sede
E13: Información del Servicio | F13: Información que indica cual es servicio a modificar. | L13: Servicio Sede Activado | M13: Eliminar Servicio Sede
A14: Representante Sede | B14: Modificar Información del Servicio Sede | C14: Permite actualizar la información de los servicios ofrecidos | D14: Servicio Sede | E14: Información de la Sede | F14: Información que indica cual es la sede a la que se le va a modificar el servicio | G14: Servicio Sede POL-0006 | H14: El servicio sede no deben tener una relación previa existente con la misma sede | J14: Servicio Sede Modificado | L14: Servicio Sede Consultado | M14: Modificar Servicio Sede
L15: Servicio Sede Desactivado | M15: Activar Servicio Sede
M16: Desactivar Servicio Sede
L17: Servicio Sede Desactivado
E18: Información del Servicio | F18: Información que indica cual es servicio a eliminar. | G18: Servicio Sede POL-0007 | H18: El servicio sede no debe tener dependencias | L18: Servicio Sede Consultado | M18: Crear Servicio Sede
A19: Representante Sede | B19: Eliminar Información del Servicio Sede | C19: Permite dar de baja un servicio de la sede | D19: Servicio Sede | E19: Información de la Sede | F19: Información que indica cual es la sede a la que se le va a Eliminar el servicio | G19: Servicio Sede POL-0001 | H19: Asegurar que los datos requeridos para llevar a cabo la acción sean válidos a nivel de tipo de dato, longitud, obligatoriedad, formato y rango. | L19: Servicio Sede Creado | M19: Consultar Servicio Sede
J20: Servicio Sede Modificado | L20: Servicio Sede Modificado
L22: Servicio Sede Desactivado | M22: Activar Servicio Sede
E23: Información del Servicio | F23: Información que indica cual es servicio y a qué sede pertenece. | L23: Servicio Sede Consultado | M23: Consultar Servicio Sede
A24: Usuario/Representante Sede | B24: Consultar Información del Servicio Sede | C24: Permite ver detalles de servicios ofrecidos | D24: Servicio Sede | E24: Información de la Sede | F24: Información que indica cual es la sede a la que pertenece el servicio | G24: Servicio Sede POL-0008 | H24: Asegurar que los datos que fueron enviados como filtro para llevar a cabo la acción sean válidos a nivel de tipo de dato, longitud, obligatoriedad, formato y rango | J24: Servicio Sede Consultado | L24: Servicio Sede Creado | M24: Crear Servicio Sede
L25: Servicio Sede Modificado | M25: Modificar Servicio Sede
L26: Servicio Sede Eliminado | M26: Eliminar Servicio Sede
L27: Servicio Sede Activado | M27: Desactivar Servicio Sede
L28: Servicio Sede Creado | M28: Desactivar Servicio Sede
E29: Información del Servicio | F29: Información que indica cual es servicio que se puede activar | G29: Servicio Sede POL-0001 | H29: Asegurar que los datos requeridos para llevar a cabo la acción sean válidos a nivel de tipo de dato, longitud, obligatoriedad, formato y rango. | L29: Servicio Sede Consultado | M29: Modificar Servicio Sede
A30: Representante Sede | B30: Activar el Servicio Sede | C30: Permite marcar un servicio sede como activo | D30: Servicio Sede | E30: Información de la Sede | F30: Información que indica cual es la sede a la que se le va a activar el servicio | G30: Servicio Sede POL-0009 | H30: El servicio Sede debe estar previamente desactivado | J30: Servicio Sede Activado | L30: Servicio Sede Desactivado | M30: Consultar Servicio Sede
L31: Servicio Sede Modificado
C35: Permite marcar un servicio como iniciado | E35: Información del Servicio | F35: Información que indica cual es servicio que se puede desactivar | G35: Servicio Sede POL-0001 | H35: Asegurar que los datos que fueron enviados como filtro para llevar a cabo la acción sean válidos a nivel de tipo de dato, longitud, obligatoriedad, formato y rango | M35: Activar Servicio Sede
A36: Representante Sede | B36: Desactivar el Servicio Sede | D36: Servicio Sede | E36: Información de la Sede | F36: Información que indica cual es la sede a la que se le va a desactivar el servicio | G36: Servicio Sede POL-0010 | H36: El servicio Sede debe estar previamente activado | J36: Servicio Sede Desactivado | L36: Servicio Sede Consultado | M36: Modificar Servicio Sede
L37: Servicio Sede Modificado | M37: Eliminar Servicio Sede

Sheet Transicion Estado Servicio Real
A1: <-Volver al inicio
A2: Objeto de Dominio: | B2: ='Listado Objetos de Dominio'!A32 -> Transición Estado Servicio Realizado
A3: Descripción: | B3: ='Listado Objetos de Dominio'!B32 -> Objeto de dominio que gestiona las transiciones de estados de un servicio
A4: Actor | B4: Action/Command | D4: Entity/Aggregate/Object domain | E4: Read Model | G4: Business Rule/Policy | I4: External System | J4: Domain Event | K4: Hotspot/questions/Risk | L4: Eventos Previos | M4: Comandos Posteriores
A5: Actor | B5: Acción | C5: Descripción | D5: Objeto de dominio | E5: Información externa | G5: Políticas | I5: Sistema Externo | J5: Evento | K5: Aspectos por solucionar
E6: Información | F6: Descripción | G6: Número | H6: Descripción
A7: Usuario/Representante Sede | B7: Consultar Información de la Transición Estado Servicio Realizado | C7: Permite consultar las transiciones permitidas para un estado | D7: Transición Estado Servicio Realizado | E7: Información del estado servicio realizado | F7: Información que indica los posibles estados de transiciones permitidas para un servicio. | G7: Transición Estado Servicio Realizado POL-0001 | H7: Asegurar que los datos que fueron enviados como filtro para llevar a cabo la acción sean válidos a nivel de tipo de dato, longitud, obligatoriedad, formato y rango. | J7: Transición Consultada | L7: Transición servicio realizado actualizado | M7: Actualizar transición servicio realizado
A8: Representante Sede | B8: Actualizar la Información de la Transición Estado Servicio Realizado | C8: Permite actualizar las transiciones permitidas para un estado | D8: Transición Estado Servicio Realizado | E8: Información del estado servicio realizado | F8: Información que indica los posibles estados de transiciones permitidas para un servicio. | G8: Transición Estado Servicio Realizado POL-0002 | H8: Transición Estado Servicio Realizado debe de cumplir el orden secuencial configurado | J8: Transición Consultada | L8: Consultar transición servicio realizado | M8: Transición servicio realizado consultado
G9: Transición Estado Servicio Realizado POL-0003 | H9: Asegurar que los datos requeridos para llevar a cabo la acción sean válidos a nivel de tipo de dato, longitud, obligatoriedad, formato y rango.

Sheet Tipo Servicio
A1: <-Volver al inicio
A2: Objeto de Dominio: | B2: ='Listado Objetos de Dominio'!A27 -> Tipo Servicio
A3: Descripción: | B3: ='Listado Objetos de Dominio'!B27 -> Objeto de dominio que representa la clasificación de los diferentes servicios ofrecidos para las motocicletas
A4: Actor | B4: Action/Command | D4: Entity/Aggregate/Object domain | E4: Read Model | G4: Business Rule/Policy | I4: External System | J4: Domain Event | K4: Hotspot/questions/Risk | L4: Eventos Previos | M4: Comandos Posteriores
A5: Actor | B5: Acción | C5: Descripción | D5: Objeto de dominio | E5: Información externa | G5: Políticas | I5: Sistema Externo | J5: Evento | K5: Aspectos por solucionar
E6: Información | F6: Descripción | G6: Número | H6: Descripción
A8: Usuario/Representante Sede | B8: Consultar Información del Tipo Servicio | C8: Permite buscar y visualizar la información de un tipo de servicio. | D8: Tipo Servicio | G8: TipoServicio POL-0001 | H8: Asegurar que los datos que fueron enviados como filtro para llevar a cabo la acción sean válidos a nivel de tipo de dato, longitud, obligatoriedad, formato y rango. | J8: Tipo Servicio Consultado | L8: Tipo Servicio actualizado | M8: Actualizar Tipo Servicio
A10: Representante Sede | B10: Actualizar Información del Tipo Servicio | C10: Permite cambiar y visualizar la información de un tipo de servicio. | D10: Tipo Servicio | G10: TipoServicio POL-0002 | H10: Asegurar la validación de los datos para llevar a cabo la acción a nivel de tipo de dato, longitud, obligatoriedad, formato y rango. | J10: Tipo Servicio Actualizado | L10: Tipo Servicio consultado | M10: Consultar Tipo Servicio
L11: Tipo Servicio creado

Sheet Tipo Sede
A1: <-Volver al inicio
A2: Objeto de Dominio: | B2: ='Listado Objetos de Dominio'!A30 -> Tipo Sede
A3: Descripción: | B3: ='Listado Objetos de Dominio'!B30 -> Objeto de dominio que representa la clasificación de la sede según los servicios especializados que ofrece
A4: Actor | B4: Action/Command | D4: Entity/Aggregate/Object domain | E4: Read Model | G4: Business Rule/Policy | I4: External System | J4: Domain Event | K4: Hotspot/questions/Risk | L4: Eventos Previos | M4: Comandos Posteriores
A5: Actor | B5: Acción | C5: Descripción | D5: Objeto de dominio | E5: Información externa | G5: Políticas | I5: Sistema Externo | J5: Evento | K5: Aspectos por solucionar
E6: Información | F6: Descripción | G6: Número | H6: Descripción
A7: Representante Sede | B7: Editar Información del Tipo Sede | C7: Permite modificar la información de un tipo de sede existente. | D7: Tipo Sede | G7: TipoSede POL-0002 | H7: Asegurar que los datos que fueron enviados como filtro para llevar a cabo la acción sean válidos a nivel de tipo de dato, longitud, obligatoriedad, formato y rango. | J7: Tipo Sede Editado | L7: Tipo Sede Consultar | M7: Consultar Tipo Sede
A9: Usuario/Representante Sede | B9: Consultar Información del Tipo Sede | C9: Permite buscar y visualizar la información de un tipo de sede. | D9: Tipo Sede | G9: TipoSede POL-0001 | H9: Asegurar que los datos que fueron enviados como filtro para llevar a cabo la acción sean válidos a nivel de tipo de dato, longitud, obligatoriedad, formato y rango. | J9: Tipo Sede Consultado | L9: Tipo Sede Editada | M9: Editar Tipo Sede

Sheet Ubicación
A1: <-Volver al inicio
A2: Objeto de Dominio: | B2: ='Listado Objetos de Dominio'!A28 -> Ubicación
A3: Descripción: | B3: ='Listado Objetos de Dominio'!B28 -> Objeto de dominio que representa las coordenadas geográficas de un establecimiento
A4: Actor | B4: Action/Command | D4: Entity/Aggregate/Object domain | E4: Read Model | G4: Business Rule/Policy | I4: External System | J4: Domain Event | K4: Hotspot/questions/Risk | L4: Eventos Previos | M4: Comandos Posteriores
A5: Actor | B5: Acción | C5: Descripción | D5: Objeto de dominio | E5: Información externa | G5: Políticas | I5: Sistema Externo | J5: Evento | K5: Aspectos por solucionar
E6: Información | F6: Descripción | G6: Número | H6: Descripción
M7: Registrar Ubicación
A8: Representante Sede | B8: Crear Información de la Ubicación | C8: Permite registrar una nueva ubicación geográfica para una sede | D8: Ubicacion | E8: Información de la ciudad | F8: Información que indica en que ciudad tiene ubicación la sede | G8: Ubicacion POL - 0005 | H8: Las coordenadas deben ser validadas | I8: Servicio de Geolocalización | J8: Información de la Ubicación Creada | L8: Ubicación Consultada | M8: Consultar Ubicación
E9: Información de la sede | F9: Información que indica cual es la ubicación de la sede | G9: Ubicación POL-0004 | H9: La sede debe estar previamente registrada | M9: Modificar Ubicación
G10: Ubicación POL - 0003 | H10: La ubicación de la sede no debe de estar previamente registrada en la misma ciudad o ciudades diferentes | M10: Eliminar Ubicación
G11: Ubicación POL-0002 | H11: No debe existir otra ubicación de sede con el mismo identificador.
G12: Ubicación POL - 0001 | H12: Asegurar que los datos requeridos para llevar a cabo la acción sean válidos a nivel de tipo de dato, longitud, obligatoriedad, formato y rango.
L14: Ubicación Registrada | M14: Consultar Ubicación
A15: Representante Sede | B15: Modificar Información de la Ubicación | C15: Permite actualizar la información de ubicación de una sede | D15: Ubicación | E15: Información de la ciudad | F15: Información que indica cual es la ciudad de la sede a modificar | G15: Ubicación POL-0001 | H15: Asegurar que los datos requeridos para llevar a cabo la acción sean válidos a nivel de tipo de dato, longitud, obligatoriedad, formato y rango. | I15: Servicio de Geolocalización | J15: Información de la Ubicación Modificada | L15: Ubicación Consultada | M15: Modificar Ubicación
E16: Información de la sede | F16: Información que indica cual es la sede a modificarle la ubicación | M16: Eliminar Ubicación
E21: Información de la ciudad | F21: Información que indica cual es la sede a eliminarle la ubicación | G21: Ubicación POL-0001 | H21: Asegurar que los datos requeridos para llevar a cabo la acción sean válidos a nivel de tipo de dato, longitud, obligatoriedad, formato y rango. | L21: Ubicación Consultada | M21: Registrar Ubicación
A22: Representante Sede | B22: Eliminar Información de la Ubicación | C22: Permite eliminar la ubicación de una sede | D22: Ubicación | E22: Información de la sede | F22: Información que indica cual es la ubicación de la sede a eliminar | G22: Ubicación POL-0006 | H22: Segura que la Ubicación no esté vinculada a una sede | J22: Información Ubicación Eliminada | L22: Ubicación Modificada | M22: Consultar Ubicación
L23: Ubicación Registrada
A26: Usuario/Representante Sede | B26: Consultar Información de la Ubicación | C26: Permite consultar la ubicación geográfica de una sede | D26: Ubicación | E26: Información de la ciudad | F26: Información que indica cual es la ciudad en la que se encuentra la sede | G26: Ubicación POL-0007 | H26: Asegurar que los datos que fueron enviados como filtro para llevar a cabo la acción sean válidos a nivel de tipo de dato, longitud, obligatoriedad, formato y rango. | I26: Servicio de Geolocalización | J26: Información Ubicación Consultada | L26: Ubicación Modificada | M26: Modificar Ubicación
E27: Información de la sede | F27: Información que indica ubicación de la sede | L27: Ubicación Registrada | M27: Registrar Ubicación
L28: Ubicación Eliminada | M28: Eliminar Ubicación

Sheet Usuario
A1: <-Volver al inicio
A2: Objeto de Dominio: | B2: ='Listado Objetos de Dominio'!A29 -> Usuario
A3: Descripción: | B3: ='Listado Objetos de Dominio'!B29 -> Objeto de dominio que representa la persona registrada que puede buscar o calificar servicios
A4: Actor | B4: Action/Command | D4: Entity/Aggregate/Object domain | E4: Read Model | G4: Business Rule/Policy | I4: External System | J4: Domain Event | K4: Hotspot/questions/Risk | L4: Eventos Previos | M4: Comandos Posteriores
A5: Actor | B5: Acción | C5: Descripción | D5: Objeto de dominio | E5: Información externa | G5: Políticas | I5: Sistema Externo | J5: Evento | K5: Aspectos por solucionar
E6: Información | F6: Descripción | G6: Número | H6: Descripción
G7: Usuario POL- 0005 | H7: Correo electrónico del usuario debe ser único | M7: Modificar Usuario
G8: Usuario POL- 0004 | H8: Número de celular del usuario debe ser único | M8: Eliminar Usuario
A9: Usuario | B9: Registrar Información del Usuario | C9: Permite registrar información de usuario. | D9: Usuario | G9: Usuario POL- 0003 | H9: Número de cédula del usuario debe ser único | L9: Usuario Consultado | M9: Consultar Usuario
G10: Usuario POL- 0002 | H10: No debe existir otro usuario con el mismo identificador. | M10: Restablecer Clave Usuario
G11: Usuario POL- 0001 | H11: Asegurar que los datos requeridos para llevar a cabo la acción sean válidos a nivel de tipo de dato, longitud, obligatoriedad, formato y rango. | M11: Modificar Clave Usuario
L14: Clave Usuario Modificada | M14: Modificar Clave Usuario
G15: Usuario POL-0005 | H15: Correo electrónico del Usuario debe ser único | L15: Usuario Consultado | M15: Consultar Usuario
A16: Usuario | B16: Modificar Información del Usuario | C16: Permite actualizar la información de un Usuario existente. | D16: Usuario | G16: Usuario POL-0004 | H16: Número de celular del Usuario debe ser único | L16: Usuario Agregado | M16: Eliminar Usuario
G17: Usuario POL-0003 | H17: Número de cédula del Usuario debe ser único | L17: Clave Usuario Restablecida | M17: Restablecer Clave Usuario
G18: Usuario POL-0001 | H18: Asegurar que los datos requeridos para llevar a cabo la acción sean válidos a nivel de tipo de dato, longitud, obligatoriedad, formato y rango.
L19: Usuario Consultado
A20: Usuario | B20: Eliminar Información del Usuario | C20: Permite eliminar información un Usuario. | D20: Usuario | G20: Usuario POL-0006 | H20: Asegurar que el Usuario no esté vinculado a motocicletas en proceso de servicio realizado | J20: Detener la operación | L20: Usuario Agregado | M20: Consultar Usuario
L21: Clave Usuario Modificada | M21: Agregar Usuario
L22: Clave Usuario Restablecida
L23: Usuario Agregado | M23: Eliminar Usuario
A24: Usuario | B24: Consultar Información Detallada del Usuario | C24: Permite consultar toda la información de un usuario. | D24: Usuario | G24: Usuario POL - 0009 | H24: Asegurar que los datos que fueron enviados como filtro para llevar a cabo la acción sean válidos a nivel de tipo de dato, longitud, obligatoriedad, formato y rango. | L24: Usuario Eliminado | M24: Restablecer Clave Usuario
L25: Usuario Modificado | M25: Agregar Usuario
L26: Clave Usuario Modificada | M26: Modificar Usuario
L27: Clave Usuario Restablecida | M27: Modificar Clave Usuario
L28: Usuario Agregado | M28: Eliminar Usuario
A29: Representante Sede | B29: Consultar Información general del Usuario | C29: Permite consultar información general de un usuario. | D29: Usuario | G29: Usuario POL - 0009 | H29: Asegurar que los datos que fueron enviados como filtro para llevar a cabo la acción sean válidos a nivel de tipo de dato, longitud, obligatoriedad, formato y rango. | L29: Usuario Eliminado | M29: Restablecer Clave Usuario
L30: Usuario Modificado | M30: Agregar Usuario
L31: Clave Usuario Modificada | M31: Modificar Usuario
L32: Clave Usuario Restablecida | M32: Modificar Clave Usuario
L33: Usuario Agregado | M33: Modificar Clave Usuario
G34: Usuario POL- 0001 | H34: Asegurar que los datos requeridos para llevar a cabo la acción sean válidos a nivel de tipo de dato, longitud, obligatoriedad, formato y rango. | L34: Usuario Consultado | M34: Consultar Usuario
A35: Usuario | B35: Restablecer la Clave del Usuario | C35: Permite al usuario restablecer su contraseña. | D35: Usuario | G35: Usuario POL- 0008 | H35: Debe de existir Usuario con Clave | L35: Usuario Modificado | M35: Modificar Usuario
L36: Clave Usuario Modificada | M36: Eliminar Usuario
L37: Usuario Agregado | M37: Consultar Usuario
A38: Usuario | B38: Modificar la Clave del Usuario | C38: Permite al usuario cambiar su contraseña. | D38: Usuario | G38: Usuario POL- 0001 | H38: Asegurar que los datos requeridos para llevar a cabo la acción sean válidos a nivel de tipo de dato, longitud, obligatoriedad, formato y rango. | L38: Usuario Consultado | M38: Modificar Usuario
G39: Usuario POL- 0008 | H39: Debe de existir Usuario con Clave | L39: Usuario Modificado | M39: Agregar Usuario
L40: Clave Usuario Restablecida | M40: Eliminar Usuario
M41: Restablecer Clave Usuario
L42: Usuario Agregado | M42: Eliminar Usuario
A43: Usuario | B43: Autenticar el Usuario | C43: Permite validar las credenciales del usuario para acceder a su Información . | D43: Usuario | G43: Usuario POL - 0001 | H43: Asegurar que los datos requeridos para llevar a cabo la acción sean válidos a nivel de tipo de dato, longitud, obligatoriedad, formato y rango. | L43: Usuario Consultado | M43: Modificar Usuario
G44: Usuario POL- 0008 | H44: Debe de existir Usuario con Clave | M44: Consultar Usuario
M45: Restablecer Clave Usuario
M46: Modificar Clave Usuario
A54: El correo electrónico del usuario debe ser único
A55: El número de celular del usuario debe ser único

Sheet nnnnnna
A1: <-Volver al inicio
A2: Objeto de Dominio: | B2: Horario Sede
A3: Descripción: | B3: Objeto de dominio que representa los horarios generales de operación de cada una de las sedes
A4: Actor | B4: Action/Command | D4: Entity/Aggregate/Object domain | E4: Read Model | G4: Business Rule/Policy | I4: External System | J4: Domain Event | K4: Hotspot/questions/Risk | L4: Eventos Previos | M4: Comandos Posteriores
A5: Actor | B5: Acción | C5: Descripción | D5: Objeto de dominio | E5: Información externa | G5: Políticas | I5: Sistema Externo | J5: Evento | K5: Aspectos por solucionar
E6: Información | F6: Descripción | G6: Número | H6: Descripción

Sheet Objeto Dominio 2
A1: <-Volver al inicio
A2: Objeto de Dominio: | B2: ='Listado Objetos de Dominio'!#REF! -> #REF!
A3: Descripción: | B3: ='Listado Objetos de Dominio'!$A$4 -> Categoría
A4: Actor | B4: Action/Command | D4: Entity/Aggregate/Object domain | E4: Read Model | G4: Business Rule/Policy | I4: External System | J4: Domain Event | K4: Hotspot/questions/Risk | L4: Eventos Previos | M4: Comandos Posteriores
A5: Actor | B5: Acción | C5: Descripción | D5: Objeto de dominio | E5: Información externa | G5: Políticas | I5: Sistema Externo | J5: Evento | K5: Aspectos por solucionar
E6: Información | F6: Descripción | G6: Número | H6: Descripción
