Workbook

Sheet Desarrollo sprints
B1: Sprint -2 | C1: Sprint -1 | D1: Sprint 1 | E1: Sprint 2 | F1: Sprint 3 | G1: Sprint 4 | H1: Sprint 5 | I1: Sprint 6 | J1: Sprint 7 | K1: Sprint 8 | L1: Sprint 9 | M1: Sprint 10 | N1: Sprint 11 | O1: Sprint 12 | P1: Sprint 13 | Q1: Sprint 14
A2: Sprint 1 | D2: Ejecutar Sprint Infraestructura
A3: Sprint 2 | B3: Redaccion HU HU51,54,58,81,84,88 | C3: Refinamiento HU HU51,54,58,81,84,88 | E3: Ejecutar Sprint HU51,54,58,81,84,88
A4: Sprint 3 | C4: Redaccion HU HU52,55-57,82,85-87 | D4: Refinamiento HU HU52,55-57,82,85-87 | F4: Ejecutar Sprint HU52,55-57,82,85-87
A5: Sprint 4 | D5: Redaccion HU HU4,5,42,53,59-62,76-80,83 | E5: Redaccion HU HU4,5,42,53,59-62,76-80,83 | F5: Refinamiento HU HU4,5,42,53,59-62,76-80,83 | G5: Ejecutar Sprint HU4,5,42,53,59-62,76-80,83
A6: Sprint 5 | F6: Redaccion HU HU26-29 | G6: Refinamiento HU HU26-29 | H6: Ejecutar Sprint HU26-29
A7: Sprint 6 | F7: Redaccion HU HU63,67-72,75 | G7: Redaccion HU HU63,67-72,75 | H7: Refinamiento HU HU63,67-72,75 | I7: Ejecutar Sprint HU63,67-72,75
A8: Sprint 7 | H8: Redaccion HU HU10,30-35 | I8: Refinamiento HU HU10,30-35 | J8: Ejecutar Sprint HU10,30-35
A9: Sprint 8 | I9: Redaccion HU HU6-9 | J9: Refinamiento HU HU6-9 | K9: Ejecutar Sprint HU6-9
A10: Sprint 9 | I10: Redaccion HU HU20-25,43-47 | J10: Redaccion HU HU20-25,43-47 + Refinamiento HU HU20-25,43-47 | K10: Refinamiento HU HU20-25,43-47 | L10: Ejecutar Sprint HU20-25,43-47
A11: Sprint 7 | H11: Redaccion HU HU10,30-35 | I11: Refinamiento HU HU10,30-35 | J11: Ejecutar Sprint HU10,30-35
A12: Sprint 8 | I12: Redaccion HU HU6-9 | J12: Refinamiento HU HU6-9 | K12: Ejecutar Sprint HU6-9
A13: Sprint 9 | I13: Redaccion HU HU20-25,43-47 | J13: Redaccion HU HU20-25,43-47 + Refinamiento HU HU20-25,43-47 | K13: Refinamiento HU HU20-25,43-47 | L13: Ejecutar Sprint HU20-25,43-47
A14: Sprint 10 | K14: Redaccion HU HU16-19,36-39 | L14: Refinamiento HU HU16-19,36-39 | M14: Ejecutar Sprint HU16-19,36-39
A15: Sprint 11 | L15: Redaccion HU HU11-14 | M15: Refinamiento HU HU11-14 | N15: Ejecutar Sprint HU11-14
A16: Sprint 12 | M16: Redaccion HU HU1,41,48,49,89 | N16: Refinamiento HU HU1,41,48,49,89 | O16: Ejecutar Sprint HU1,41,48,49,89
A17: Sprint 13 | N17: Redaccion HU HU15,64-66,73,74 | O17: Refinamiento HU HU15,64-66,73,74 | P17: Ejecutar Sprint HU15,64-66,73,74
A18: Sprint 14 | O18: Redaccion HU HU2,3 | P18: Refinamiento HU HU2,3 | Q18: Ejecutar Sprint HU2,3

Sheet Plan de liberaciones (2)
A1: Historia de usuario | C1: Release | E1: Horas | F1: Acumulado horas Release | G1: Acumulado horas Release | H1: Release | R1: Identificador | S1: Talla | T1: Horas Talla | U1: HU Prioridad
A2: =R2 -> HU88 | B2: =VLOOKUP(A2,'Product Backlog HUs(1)'!A$1:M$99,2,FALSE) -> Autenticar el Usuario | D2: Release 1 | E2: =VLOOKUP(A2,R$1:U$89,3,FALSE) -> 16 | F2: =SUM(E2:E3) -> 48 | G2: =SUM(F2:F4) -> 80 | H2: Release 1 | I2: Release 1 | R2: HU88 | S2: L | T2: =VLOOKUP(S2,Tallas!A$1:D$8,4,FALSE) -> 16 | U2: 1
A3: =R3 -> HU81 | B3: =VLOOKUP(A3,'Product Backlog HUs(1)'!A$1:M$99,2,FALSE) -> Registrar Información del Usuario | D3: Release 1 | E3: =VLOOKUP(A3,R$1:U$89,3,FALSE) -> 32 | I3: Release 1 | R3: HU81 | S3: XL | T3: =VLOOKUP(S3,Tallas!A$1:D$8,4,FALSE) -> 32 | U3: 2
A4: =R4 -> HU43 | B4: =VLOOKUP(A4,'Product Backlog HUs(1)'!A$1:M$99,2,FALSE) -> Registrar Información de la Motocicleta | D4: Release 2 | E4: =VLOOKUP(A4,R$1:U$89,3,FALSE) -> 32 | F4: =E4 -> 32 | I4: Release 1 | R4: HU43 | S4: XL | T4: =VLOOKUP(S4,Tallas!A$1:D$8,4,FALSE) -> 32 | U4: 3
A5: =R5 -> HU80 | B5: =VLOOKUP(A5,'Product Backlog HUs(1)'!A$1:M$99,2,FALSE) -> Consultar Información de la Ubicación | D5: Release 3 | E5: =VLOOKUP(A5,R$1:U$89,3,FALSE) -> 48 | F5: =E5 -> 48 | G5: =SUM(F5:F9) -> 76 | H5: Release 2 | I5: Release 2 | R5: HU80 | S5: XXL | T5: =VLOOKUP(S5,Tallas!A$1:D$8,4,FALSE) -> 48 | U5: 4
A6: =R6 -> HU62 | B6: =VLOOKUP(A6,'Product Backlog HUs(1)'!A$1:M$99,2,FALSE) -> Consultar Información de la Sede | D6: Release 4 | E6: =VLOOKUP(A6,R$1:U$89,3,FALSE) -> 4 | F6: =SUM(E6:E9) -> 28 | I6: Release 2 | R6: HU62 | S6: S | T6: =VLOOKUP(S6,Tallas!A$1:D$8,4,FALSE) -> 4 | U6: 5
A7: =R7 -> HU63 | B7: =VLOOKUP(A7,'Product Backlog HUs(1)'!A$1:M$99,2,FALSE) -> Consultar Información del Servicio | D7: Release 4 | E7: =VLOOKUP(A7,R$1:U$89,3,FALSE) -> 4 | I7: Release 2 | R7: HU63 | S7: S | T7: =VLOOKUP(S7,Tallas!A$1:D$8,4,FALSE) -> 4 | U7: 6
A8: =R11 -> HU67 | B8: =VLOOKUP(A8,'Product Backlog HUs(1)'!A$1:M$99,2,FALSE) -> Crear Información del Servicio Sede | D8: Release 4 | E8: =VLOOKUP(A8,R$1:U$89,3,FALSE) -> 16 | I8: Release 2 | R8: HU70 | S8: S | T8: =VLOOKUP(S8,Tallas!A$1:D$8,4,FALSE) -> 4 | U8: 7
A9: =R14 -> HU66 | B9: =VLOOKUP(A9,'Product Backlog HUs(1)'!A$1:M$99,2,FALSE) -> Consultar Información del Servicio Realizado | D9: Release 4 | E9: =VLOOKUP(A9,R$1:U$89,3,FALSE) -> 4 | I9: Release 2 | R9: HU77 | S9: XXL | T9: =VLOOKUP(S9,Tallas!A$1:D$8,4,FALSE) -> 48 | U9: 8
A10: =R8 -> HU70 | B10: =VLOOKUP(A10,'Product Backlog HUs(1)'!A$1:M$99,2,FALSE) -> Consultar Información del Servicio Sede | D10: Release 5 | E10: =VLOOKUP(A10,R$1:U$89,3,FALSE) -> 4 | F10: =SUM(E10:E14) -> 18 | G10: =SUM(F10:F16) -> 66 | H10: Release 3 | I10: Release 3 | R10: HU59 | S10: L | T10: =VLOOKUP(S10,Tallas!A$1:D$8,4,FALSE) -> 16 | U10: 9
A11: =R20 -> HU50 | B11: =VLOOKUP(A11,'Product Backlog HUs(1)'!A$1:M$99,2,FALSE) -> Consultar Información de la Referencia Motocicleta | D11: Release 5 | E11: =VLOOKUP(A11,R$1:U$89,3,FALSE) -> 2 | I11: Release 3 | R11: HU67 | S11: L | T11: =VLOOKUP(S11,Tallas!A$1:D$8,4,FALSE) -> 16 | U11: 10
A12: =R19 -> HU40 | B12: =VLOOKUP(A12,'Product Backlog HUs(1)'!A$1:M$99,2,FALSE) -> Consultar Información de las líneas de una marca de motocicletas | D12: Release 5 | E12: =VLOOKUP(A12,R$1:U$89,3,FALSE) -> 2 | I12: Release 3 | R12: HU47 | S12: M | T12: =VLOOKUP(S12,Tallas!A$1:D$8,4,FALSE) -> 8 | U12: 11
A13: =R16 -> HU26 | B13: =VLOOKUP(A13,'Product Backlog HUs(1)'!A$1:M$99,2,FALSE) -> Registrar Información de la Franquicia | D13: Release 5 | E13: =VLOOKUP(A13,R$1:U$89,3,FALSE) -> 8 | I13: Release 3 | R13: HU46 | S13: S | T13: =VLOOKUP(S13,Tallas!A$1:D$8,4,FALSE) -> 4 | U13: 12
A14: =R30 -> HU5 | B14: =VLOOKUP(A14,'Product Backlog HUs(1)'!A$1:M$99,2,FALSE) -> Consultar Información del Departamento | D14: Release 5 | E14: =VLOOKUP(A14,R$1:U$89,3,FALSE) -> 2 | I14: Release 3 | R14: HU66 | S14: S | T14: =VLOOKUP(S14,Tallas!A$1:D$8,4,FALSE) -> 4 | U14: 13
A15: =R25 -> HU51 | B15: =VLOOKUP(A15,'Product Backlog HUs(1)'!A$1:M$99,2,FALSE) -> Registrar Información del Representante Sede | D15: Release 6 | E15: =VLOOKUP(A15,R$1:U$89,3,FALSE) -> 32 | F15: =E15 -> 32 | I15: Release 3 | R15: HU64 | S15: XL | T15: =VLOOKUP(S15,Tallas!A$1:D$8,4,FALSE) -> 32 | U15: 14
A16: =R26 -> HU58 | B16: =VLOOKUP(A16,'Product Backlog HUs(1)'!A$1:M$99,2,FALSE) -> Autenticar Información del Representante Sede | D16: Release 7 | E16: =VLOOKUP(A16,R$1:U$89,3,FALSE) -> 16 | F16: =E16 -> 16 | I16: Release 3 | R16: HU26 | S16: M | T16: =VLOOKUP(S16,Tallas!A$1:D$8,4,FALSE) -> 8 | U16: 15
A17: =R27 -> HU30 | B17: =VLOOKUP(A17,'Product Backlog HUs(1)'!A$1:M$99,2,FALSE) -> Registrar Información del Horario Sede | D17: Release 8 | E17: =VLOOKUP(A17,R$1:U$89,3,FALSE) -> 32 | F17: =E17 -> 32 | G17: =SUM(F17:F18) -> 80 | H17: Release 4 | I17: Release 4 | R17: HU1 | S17: S | T17: =VLOOKUP(S17,Tallas!A$1:D$8,4,FALSE) -> 4 | U17: 16
A18: =R9 -> HU77 | B18: =VLOOKUP(A18,'Product Backlog HUs(1)'!A$1:M$99,2,FALSE) -> Crear Información de la Ubicación | D18: Release 9 | E18: =VLOOKUP(A18,R$1:U$89,3,FALSE) -> 48 | F18: =E18 -> 48 | I18: Release 4 | R18: HU42 | S18: XS | T18: =VLOOKUP(S18,Tallas!A$1:D$8,4,FALSE) -> 2 | U18: 17
A19: =R10 -> HU59 | B19: =VLOOKUP(A19,'Product Backlog HUs(1)'!A$1:M$99,2,FALSE) -> Registrar Información de una nueva Sede | D19: Release 10 | E19: =VLOOKUP(A19,R$1:U$89,3,FALSE) -> 16 | F19: =SUM(E19:E23) -> 34 | G19: =SUM(F19:F25) -> 68 | H19: Release 5 | I19: Release 5 | R19: HU40 | S19: XS | T19: =VLOOKUP(S19,Tallas!A$1:D$8,4,FALSE) -> 2 | U19: 18
A20: =R21 -> HU49 | B20: =VLOOKUP(A20,'Product Backlog HUs(1)'!A$1:M$99,2,FALSE) -> Consultar Información del Rango Cilindraje | D20: Release 10 | E20: =VLOOKUP(A20,R$1:U$89,3,FALSE) -> 2 | I20: Release 5 | R20: HU50 | S20: XS | T20: =VLOOKUP(S20,Tallas!A$1:D$8,4,FALSE) -> 2 | U20: 19
A21: =R12 -> HU47 | B21: =VLOOKUP(A21,'Product Backlog HUs(1)'!A$1:M$99,2,FALSE) -> Consultar Información General de la Motocicleta | D21: Release 10 | E21: =VLOOKUP(A21,R$1:U$89,3,FALSE) -> 8 | I21: Release 6 | R21: HU49 | S21: XS | T21: =VLOOKUP(S21,Tallas!A$1:D$8,4,FALSE) -> 2 | U21: 20
A22: =R13 -> HU46 | B22: =VLOOKUP(A22,'Product Backlog HUs(1)'!A$1:M$99,2,FALSE) -> Consultar Información de la Motocicleta | D22: Release 10 | E22: =VLOOKUP(A22,R$1:U$89,3,FALSE) -> 4 | I22: Release 7 | R22: HU41 | S22: XS | T22: =VLOOKUP(S22,Tallas!A$1:D$8,4,FALSE) -> 2 | U22: 21
A23: =R17 -> HU1 | B23: =VLOOKUP(A23,'Product Backlog HUs(1)'!A$1:M$99,2,FALSE) -> Consultar la Información de una Categoría Motocicleta | D23: Release 10 | E23: =VLOOKUP(A23,R$1:U$89,3,FALSE) -> 4 | I23: Release 7 | R23: HU75 | S23: XS | T23: =VLOOKUP(S23,Tallas!A$1:D$8,4,FALSE) -> 2 | U23: 22
A24: =R15 -> HU64 | B24: =VLOOKUP(A24,'Product Backlog HUs(1)'!A$1:M$99,2,FALSE) -> Registrar Información del Servicio Realizado | D24: Release 11 | E24: =VLOOKUP(A24,R$1:U$89,3,FALSE) -> 32 | F24: =SUM(E24:E25) -> 34 | I24: Release 8 | R24: HU76 | S24: M | T24: =VLOOKUP(S24,Tallas!A$1:D$8,4,FALSE) -> 8 | U24: 23
A25: =R22 -> HU41 | B25: =VLOOKUP(A25,'Product Backlog HUs(1)'!A$1:M$99,2,FALSE) -> Consultar Información de la Línea Categoría | D25: Release 11 | E25: =VLOOKUP(A25,R$1:U$89,3,FALSE) -> 2 | I25: Release 8 | R25: HU51 | S25: XL | T25: =VLOOKUP(S25,Tallas!A$1:D$8,4,FALSE) -> 32 | U25: 24
A26: =R18 -> HU42 | B26: =VLOOKUP(A26,'Product Backlog HUs(1)'!A$1:M$99,2,FALSE) -> Consultar Información de las Marcas de Motocicletas | D26: Release 12 | E26: =VLOOKUP(A26,R$1:U$89,3,FALSE) -> 2 | F26: =SUM(E26:E31) -> 18 | G26: =SUM(F26:F35) -> 74 | H26: Release 6 | I26: Release 9 | R26: HU58 | S26: L | T26: =VLOOKUP(S26,Tallas!A$1:D$8,4,FALSE) -> 16 | U26: 25
A27: =R23 -> HU75 | B27: =VLOOKUP(A27,'Product Backlog HUs(1)'!A$1:M$99,2,FALSE) -> Consultar Información del Tipo Servicio | D27: Release 12 | E27: =VLOOKUP(A27,R$1:U$89,3,FALSE) -> 2 | I27: Release 9 | R27: HU30 | S27: XL | T27: =VLOOKUP(S27,Tallas!A$1:D$8,4,FALSE) -> 32 | U27: 26
A28: =R24 -> HU76 | B28: =VLOOKUP(A28,'Product Backlog HUs(1)'!A$1:M$99,2,FALSE) -> Consultar Información del Tipo Sede | D28: Release 12 | E28: =VLOOKUP(A28,R$1:U$89,3,FALSE) -> 8 | I28: Release 10 | R28: HU32 | S28: XS | T28: =VLOOKUP(S28,Tallas!A$1:D$8,4,FALSE) -> 2 | U28: 27
A29: =R28 -> HU32 | B29: =VLOOKUP(A29,'Product Backlog HUs(1)'!A$1:M$99,2,FALSE) -> Consultar Información del Horario Sede | D29: Release 12 | E29: =VLOOKUP(A29,R$1:U$89,3,FALSE) -> 2 | I29: Release 10 | R29: HU4 | S29: XS | T29: =VLOOKUP(S29,Tallas!A$1:D$8,4,FALSE) -> 2 | U29: 28
A30: =R29 -> HU4 | B30: =VLOOKUP(A30,'Product Backlog HUs(1)'!A$1:M$99,2,FALSE) -> Consultar Información de la Ciudad | D30: Release 12 | E30: =VLOOKUP(A30,R$1:U$89,3,FALSE) -> 2 | I30: Release 11 | R30: HU5 | S30: XS | T30: =VLOOKUP(S30,Tallas!A$1:D$8,4,FALSE) -> 2 | U30: 29
A31: =R31 -> HU10 | B31: =VLOOKUP(A31,'Product Backlog HUs(1)'!A$1:M$99,2,FALSE) -> Consultar Información del Día | D31: Release 12 | E31: =VLOOKUP(A31,R$1:U$89,3,FALSE) -> 2 | I31: Release 11 | R31: HU10 | S31: XS | T31: =VLOOKUP(S31,Tallas!A$1:D$8,4,FALSE) -> 2 | U31: 30
A32: =R32 -> HU15 | B32: =VLOOKUP(A32,'Product Backlog HUs(1)'!A$1:M$99,2,FALSE) -> Consultar Información del Estado del Servicio Realizado | D32: Release 13 | E32: =VLOOKUP(A32,R$1:U$89,3,FALSE) -> 32 | F32: =SUM(E32:E33) -> 40 | I32: Release 12 | R32: HU15 | S32: XL | T32: =VLOOKUP(S32,Tallas!A$1:D$8,4,FALSE) -> 32 | U32: 31
A33: =R33 -> HU84 | B33: =VLOOKUP(A33,'Product Backlog HUs(1)'!A$1:M$99,2,FALSE) -> Consultar Información Detallada del Usuario | D33: Release 13 | E33: =VLOOKUP(A33,R$1:U$89,3,FALSE) -> 8 | I33: Release 12 | R33: HU84 | S33: M | T33: =VLOOKUP(S33,Tallas!A$1:D$8,4,FALSE) -> 8 | U33: 32
A34: =R34 -> HU85 | B34: =VLOOKUP(A34,'Product Backlog HUs(1)'!A$1:M$99,2,FALSE) -> Consultar Información general del Usuario | D34: Release 14 | E34: =VLOOKUP(A34,R$1:U$89,3,FALSE) -> 8 | F34: =SUM(E34:E35) -> 16 | I34: Release 13 | R34: HU85 | S34: M | T34: =VLOOKUP(S34,Tallas!A$1:D$8,4,FALSE) -> 8 | U34: 33
A35: =R89 -> HU22 | B35: =VLOOKUP(A35,'Product Backlog HUs(1)'!A$1:M$99,2,FALSE) -> Eliminar Información de la Excepción Horario | D35: Release 14 | E35: =VLOOKUP(A35,R$1:U$89,3,FALSE) -> 8 | I35: Release 13 | R35: HU54 | S35: M | T35: =VLOOKUP(S35,Tallas!A$1:D$8,4,FALSE) -> 8 | U35: 34
A36: =R35 -> HU54 | B36: =VLOOKUP(A36,'Product Backlog HUs(1)'!A$1:M$99,2,FALSE) -> Consultar Información detallada del Representante Sede | D36: Release 15 | E36: =VLOOKUP(A36,R$1:U$89,3,FALSE) -> 8 | F36: =SUM(E36:E41) -> 32 | G36: =SUM(F36:F46) -> 72 | H36: Release 14 | I36: Release 14 | R36: HU55 | S36: XS | T36: =VLOOKUP(S36,Tallas!A$1:D$8,4,FALSE) -> 2 | U36: 35
A37: =R36 -> HU55 | B37: =VLOOKUP(A37,'Product Backlog HUs(1)'!A$1:M$99,2,FALSE) -> Consultar Información General del Representante Sede | D37: Release 15 | E37: =VLOOKUP(A37,R$1:U$89,3,FALSE) -> 2 | I37: Release 14 | R37: HU29 | S37: XS | T37: =VLOOKUP(S37,Tallas!A$1:D$8,4,FALSE) -> 2 | U37: 36
A38: =R37 -> HU29 | B38: =VLOOKUP(A38,'Product Backlog HUs(1)'!A$1:M$99,2,FALSE) -> Consultar Información de la Franquicia | D38: Release 15 | E38: =VLOOKUP(A38,R$1:U$89,3,FALSE) -> 2 | I38: Release 15 | R38: HU82 | S38: L | T38: =VLOOKUP(S38,Tallas!A$1:D$8,4,FALSE) -> 16 | U38: 37
A39: =R40 -> HU36 | B39: =VLOOKUP(A39,'Product Backlog HUs(1)'!A$1:M$99,2,FALSE) -> Agregar la imagen de la Motocicleta | D39: Release 15 | E39: =VLOOKUP(A39,R$1:U$89,3,FALSE) -> 8 | I39: Release 15 | R39: HU44 | S39: XL | T39: =VLOOKUP(S39,Tallas!A$1:D$8,4,FALSE) -> 32 | U39: 38
A40: =R41 -> HU38 | B40: =VLOOKUP(A40,'Product Backlog HUs(1)'!A$1:M$99,2,FALSE) -> Consultar la Imagen de la Motocicleta | D40: Release 15 | E40: =VLOOKUP(A40,R$1:U$89,3,FALSE) -> 4 | I40: Release 15 | R40: HU36 | S40: M | T40: =VLOOKUP(S40,Tallas!A$1:D$8,4,FALSE) -> 8 | U40: 39
A41: =R58 -> HU87 | B41: =VLOOKUP(A41,'Product Backlog HUs(1)'!A$1:M$99,2,FALSE) -> Modificar la Clave del Usuario | D41: Release 15 | E41: =VLOOKUP(A41,R$1:U$89,3,FALSE) -> 8 | I41: Release 15 | R41: HU38 | S41: S | T41: =VLOOKUP(S41,Tallas!A$1:D$8,4,FALSE) -> 4 | U41: 40
A42: =R38 -> HU82 | B42: =VLOOKUP(A42,'Product Backlog HUs(1)'!A$1:M$99,2,FALSE) -> Modificar Información del Usuario | D42: Release 16 | E42: =VLOOKUP(A42,R$1:U$89,3,FALSE) -> 16 | F42: =SUM(E42:E44) -> 40 | I42: Release 16 | R42: HU16 | S42: M | T42: =VLOOKUP(S42,Tallas!A$1:D$8,4,FALSE) -> 8 | U42: 41
A43: =R54 -> HU31 | B43: =VLOOKUP(A43,'Product Backlog HUs(1)'!A$1:M$99,2,FALSE) -> Modificar Información del Horario Sede | D43: Release 16 | E43: =VLOOKUP(A43,R$1:U$89,3,FALSE) -> 8 | I43: Release 16 | R43: HU18 | S43: S | T43: =VLOOKUP(S43,Tallas!A$1:D$8,4,FALSE) -> 4 | U43: 42
A44: =R57 -> HU12 | B44: =VLOOKUP(A44,'Product Backlog HUs(1)'!A$1:M$99,2,FALSE) -> Modificar Información del Diagnóstico | D44: Release 16 | E44: =VLOOKUP(A44,R$1:U$89,3,FALSE) -> 16 | I44: Release 16 | R44: HU11 | S44: L | T44: =VLOOKUP(S44,Tallas!A$1:D$8,4,FALSE) -> 16 | U44: 43
A45: =R59 -> HU86 | B45: =VLOOKUP(A45,'Product Backlog HUs(1)'!A$1:M$99,2,FALSE) -> Restablecer la Clave del Usuario | D45: Release 16 | E45: =VLOOKUP(A45,R$1:U$89,3,FALSE) -> 16 | I45: Release 16 | R45: HU14 | S45: S | T45: =VLOOKUP(S45,Tallas!A$1:D$8,4,FALSE) -> 4 | U45: 44
A46: =R60 -> HU57 | B46: =VLOOKUP(A46,'Product Backlog HUs(1)'!A$1:M$99,2,FALSE) -> Modificar la Clave del Representante Sede | D46: Release 16 | E46: =VLOOKUP(A46,R$1:U$89,3,FALSE) -> 16 | I46: Release 16 | R46: HU2 | S46: XL | T46: =VLOOKUP(S46,Tallas!A$1:D$8,4,FALSE) -> 32 | U46: 45
A47: =R39 -> HU44 | B47: =VLOOKUP(A47,'Product Backlog HUs(1)'!A$1:M$99,2,FALSE) -> Modificar Información de la Motocicleta | D47: Release 17 | E47: =VLOOKUP(A47,R$1:U$89,3,FALSE) -> 32 | F47: =SUM(E47:E48) -> 40 | G47: =SUM(F47:F52) -> 72 | H47: Release 17 | I47: Release 17 | R47: HU3 | S47: M | T47: =VLOOKUP(S47,Tallas!A$1:D$8,4,FALSE) -> 8 | U47: 46
A48: =R42 -> HU16 | B48: =VLOOKUP(A48,'Product Backlog HUs(1)'!A$1:M$99,2,FALSE) -> Cargar Evidencia Fotográfica de la Motocicleta | D48: Release 17 | E48: =VLOOKUP(A48,R$1:U$89,3,FALSE) -> 8 | I48: Release 17 | R48: HU48 | S48: XS | T48: =VLOOKUP(S48,Tallas!A$1:D$8,4,FALSE) -> 2 | U48: 47
A49: =R43 -> HU18 | B49: =VLOOKUP(A49,'Product Backlog HUs(1)'!A$1:M$99,2,FALSE) -> Consultar Evidencia Fotográfica de la Motocicleta | D49: Release 18 | E49: =VLOOKUP(A49,R$1:U$89,3,FALSE) -> 4 | F49: =SUM(E49:E52) -> 32 | I49: Release 18 | R49: HU78 | S49: XL | T49: =VLOOKUP(S49,Tallas!A$1:D$8,4,FALSE) -> 32 | U49: 48
A50: =R44 -> HU11 | B50: =VLOOKUP(A50,'Product Backlog HUs(1)'!A$1:M$99,2,FALSE) -> Registrar Información del Diagnóstico | D50: Release 18 | E50: =VLOOKUP(A50,R$1:U$89,3,FALSE) -> 16 | I50: Release 18 | R50: HU60 | S50: L | T50: =VLOOKUP(S50,Tallas!A$1:D$8,4,FALSE) -> 16 | U50: 49
A51: =R45 -> HU14 | B51: =VLOOKUP(A51,'Product Backlog HUs(1)'!A$1:M$99,2,FALSE) -> Consultar Información del Diagnóstico | D51: Release 18 | E51: =VLOOKUP(A51,R$1:U$89,3,FALSE) -> 4 | I51: Release 18 | R51: HU68 | S51: M | T51: =VLOOKUP(S51,Tallas!A$1:D$8,4,FALSE) -> 8 | U51: 50
A52: =R47 -> HU3 | B52: =VLOOKUP(A52,'Product Backlog HUs(1)'!A$1:M$99,2,FALSE) -> Consultar Información de la Calificación | D52: Release 18 | E52: =VLOOKUP(A52,R$1:U$89,3,FALSE) -> 8 | I52: Release 18 | R52: HU52 | S52: XL | T52: =VLOOKUP(S52,Tallas!A$1:D$8,4,FALSE) -> 32 | U52: 51
A53: =R46 -> HU2 | B53: =VLOOKUP(A53,'Product Backlog HUs(1)'!A$1:M$99,2,FALSE) -> Registrar Información de la Calificación | D53: Release 19 | E53: =VLOOKUP(A53,R$1:U$89,3,FALSE) -> 32 | F53: =SUM(E53:E54) -> 34 | G53: =SUM(F53:F56) -> 74 | H53: Release 19 | I53: Release 19 | R53: HU27 | S53: M | T53: =VLOOKUP(S53,Tallas!A$1:D$8,4,FALSE) -> 8 | U53: 52
A54: =R48 -> HU48 | B54: =VLOOKUP(A54,'Product Backlog HUs(1)'!A$1:M$99,2,FALSE) -> Consultar Información del Rango Calificación | D54: Release 19 | E54: =VLOOKUP(A54,R$1:U$89,3,FALSE) -> 2 | I54: Release 19 | R54: HU31 | S54: M | T54: =VLOOKUP(S54,Tallas!A$1:D$8,4,FALSE) -> 8 | U54: 53
A55: =R51 -> HU68 | B55: =VLOOKUP(A55,'Product Backlog HUs(1)'!A$1:M$99,2,FALSE) -> Modificar Información del Servicio Sede | D55: Release 20 | E55: =VLOOKUP(A55,R$1:U$89,3,FALSE) -> 8 | F55: =SUM(E55:E56) -> 40 | I55: Release 19 | R55: HU37 | S55: M | T55: =VLOOKUP(S55,Tallas!A$1:D$8,4,FALSE) -> 8 | U55: 54
A56: =R49 -> HU78 | B56: =VLOOKUP(A56,'Product Backlog HUs(1)'!A$1:M$99,2,FALSE) -> Modificar Información de la Ubicación | D56: Release 20 | E56: =VLOOKUP(A56,R$1:U$89,3,FALSE) -> 32 | I56: Release 20 | R56: HU17 | S56: M | T56: =VLOOKUP(S56,Tallas!A$1:D$8,4,FALSE) -> 8 | U56: 55
A57: =R50 -> HU60 | B57: =VLOOKUP(A57,'Product Backlog HUs(1)'!A$1:M$99,2,FALSE) -> Modificar la Información de la Sede | D57: Release 21 | E57: =VLOOKUP(A57,R$1:U$89,3,FALSE) -> 16 | F57: =SUM(E57:E59) -> 32 | G57: =SUM(F57:F61) -> 72 | H57: Release 21 | I57: Release 20 | R57: HU12 | S57: L | T57: =VLOOKUP(S57,Tallas!A$1:D$8,4,FALSE) -> 16 | U57: 56
A58: =R55 -> HU37 | B58: =VLOOKUP(A58,'Product Backlog HUs(1)'!A$1:M$99,2,FALSE) -> Actualizar la Imagen de la Motocicleta | D58: Release 21 | E58: =VLOOKUP(A58,R$1:U$89,3,FALSE) -> 8 | I58: Release 20 | R58: HU87 | S58: M | T58: =VLOOKUP(S58,Tallas!A$1:D$8,4,FALSE) -> 8 | U58: 57
A59: =R53 -> HU27 | B59: =VLOOKUP(A59,'Product Backlog HUs(1)'!A$1:M$99,2,FALSE) -> Modificar Información de la Franquicia | D59: Release 21 | E59: =VLOOKUP(A59,R$1:U$89,3,FALSE) -> 8 | I59: Release 20 | R59: HU86 | S59: L | T59: =VLOOKUP(S59,Tallas!A$1:D$8,4,FALSE) -> 16 | U59: 58
A60: =R52 -> HU52 | B60: =VLOOKUP(A60,'Product Backlog HUs(1)'!A$1:M$99,2,FALSE) -> Modificar Información del Representante Sede | D60: Release 22 | E60: =VLOOKUP(A60,R$1:U$89,3,FALSE) -> 32 | F60: =SUM(E60:E61) -> 40 | I60: Release 21 | R60: HU57 | S60: L | T60: =VLOOKUP(S60,Tallas!A$1:D$8,4,FALSE) -> 16 | U60: 59
A61: =R56 -> HU17 | B61: =VLOOKUP(A61,'Product Backlog HUs(1)'!A$1:M$99,2,FALSE) -> Actualizar Evidencia Fotográfica de la Motocicleta | D61: Release 22 | E61: =VLOOKUP(A61,R$1:U$89,3,FALSE) -> 8 | I61: Release 21 | R61: HU56 | S61: XL | T61: =VLOOKUP(S61,Tallas!A$1:D$8,4,FALSE) -> 32 | U61: 60
A62: =R61 -> HU56 | B62: =VLOOKUP(A62,'Product Backlog HUs(1)'!A$1:M$99,2,FALSE) -> Restablecer la Clave del Representante Sede | D62: Release 23 | E62: =VLOOKUP(A62,R$1:U$89,3,FALSE) -> 32 | F62: =SUM(E62) -> 32 | G62: =SUM(F62:F68) -> 64 | H62: Release 22 | I62: Release 22 | R62: HU71 | S62: M | T62: =VLOOKUP(S62,Tallas!A$1:D$8,4,FALSE) -> 8 | U62: 61
A63: =R62 -> HU71 | B63: =VLOOKUP(A63,'Product Backlog HUs(1)'!A$1:M$99,2,FALSE) -> Activar el Servicio Sede | D63: Release 24 | E63: =VLOOKUP(A63,R$1:U$89,3,FALSE) -> 8 | F63: =SUM(E63:E68) -> 32 | I63: Release 22 | R63: HU72 | S63: M | T63: =VLOOKUP(S63,Tallas!A$1:D$8,4,FALSE) -> 8 | U63: 62
A64: =R63 -> HU72 | B64: =VLOOKUP(A64,'Product Backlog HUs(1)'!A$1:M$99,2,FALSE) -> Desactivar el Servicio Sede | D64: Release 24 | E64: =VLOOKUP(A64,R$1:U$89,3,FALSE) -> 8 | I64: Release 22 | R64: HU34 | S64: S | T64: =VLOOKUP(S64,Tallas!A$1:D$8,4,FALSE) -> 4 | U64: 63
A65: =R65 -> HU35 | B65: =VLOOKUP(A65,'Product Backlog HUs(1)'!A$1:M$99,2,FALSE) -> Desactivar el Horario Sede | D65: Release 24 | E65: =VLOOKUP(A65,R$1:U$89,3,FALSE) -> 4 | I65: Release 22 | R65: HU35 | S65: S | T65: =VLOOKUP(S65,Tallas!A$1:D$8,4,FALSE) -> 4 | U65: 64
A66: =R66 -> HU24 | B66: =VLOOKUP(A66,'Product Backlog HUs(1)'!A$1:M$99,2,FALSE) -> Activar la Excepción Horario | D66: Release 24 | E66: =VLOOKUP(A66,R$1:U$89,3,FALSE) -> 4 | I66: Release 22 | R66: HU24 | S66: S | T66: =VLOOKUP(S66,Tallas!A$1:D$8,4,FALSE) -> 4 | U66: 65
A67: =R64 -> HU34 | B67: =VLOOKUP(A67,'Product Backlog HUs(1)'!A$1:M$99,2,FALSE) -> Activar el Horario Sede | D67: Release 24 | E67: =VLOOKUP(A67,R$1:U$89,3,FALSE) -> 4 | I67: Release 23 | R67: HU25 | S67: S | T67: =VLOOKUP(S67,Tallas!A$1:D$8,4,FALSE) -> 4 | U67: 66
A68: =R67 -> HU25 | B68: =VLOOKUP(A68,'Product Backlog HUs(1)'!A$1:M$99,2,FALSE) -> Desactivar la Excepción Horario | D68: Release 24 | E68: =VLOOKUP(A68,R$1:U$89,3,FALSE) -> 4 | I68: Release 24 | R68: HU6 | S68: XL | T68: =VLOOKUP(S68,Tallas!A$1:D$8,4,FALSE) -> 32 | U68: 67
A69: =R68 -> HU6 | B69: =VLOOKUP(A69,'Product Backlog HUs(1)'!A$1:M$99,2,FALSE) -> Registrar Información del Detalle Horario | D69: Release 25 | E69: =VLOOKUP(A69,R$1:U$89,3,FALSE) -> 32 | F69: =SUM(E69) -> 32 | G69: =SUM(F69:F71) -> 68 | H69: Release 25 | I69: Release 25 | R69: HU9 | S69: S | T69: =VLOOKUP(S69,Tallas!A$1:D$8,4,FALSE) -> 4 | U69: 68
A70: =R69 -> HU9 | B70: =VLOOKUP(A70,'Product Backlog HUs(1)'!A$1:M$99,2,FALSE) -> Consultar Información del Detalle Horario | D70: Release 26 | E70: =VLOOKUP(A70,R$1:U$89,3,FALSE) -> 4 | F70: =SUM(E70:E71) -> 36 | I70: Release 25 | R70: HU20 | S70: XL | T70: =VLOOKUP(S70,Tallas!A$1:D$8,4,FALSE) -> 32 | U70: 69
A71: =R75 -> HU74 | B71: =VLOOKUP(A71,'Product Backlog HUs(1)'!A$1:M$99,2,FALSE) -> Actualizar la Información de la Transición Estado Servicio Realizado | D71: Release 26 | E71: =VLOOKUP(A71,R$1:U$89,3,FALSE) -> 32 | I71: Release 25 | R71: HU23 | S71: S | T71: =VLOOKUP(S71,Tallas!A$1:D$8,4,FALSE) -> 4 | U71: 70
A72: =R76 -> HU65 | B72: =VLOOKUP(A72,'Product Backlog HUs(1)'!A$1:M$99,2,FALSE) -> Eliminar Información del Servicio Realizado | D72: Release 27 | E72: =VLOOKUP(A72,R$1:U$89,3,FALSE) -> 16 | F72: =SUM(E72:E73) -> 48 | G72: =SUM(F72:F76) -> 76 | H72: Release 26 | I72: Release 25 | R72: HU7 | S72: L | T72: =VLOOKUP(S72,Tallas!A$1:D$8,4,FALSE) -> 16 | U72: 71
A73: =R70 -> HU20 | B73: =VLOOKUP(A73,'Product Backlog HUs(1)'!A$1:M$99,2,FALSE) -> Registrar Información de la Excepción de Horario | D73: Release 27 | E73: =VLOOKUP(A73,R$1:U$89,3,FALSE) -> 32 | I73: Release 25 | R73: HU21 | S73: L | T73: =VLOOKUP(S73,Tallas!A$1:D$8,4,FALSE) -> 16 | U73: 72
A74: =R71 -> HU23 | B74: =VLOOKUP(A74,'Product Backlog HUs(1)'!A$1:M$99,2,FALSE) -> Consultar Información de la Excepción Horario | D74: Release 28 | E74: =VLOOKUP(A74,R$1:U$89,3,FALSE) -> 4 | F74: =SUM(E74:E76) -> 28 | I74: Release 26 | R74: HU73 | S74: S | T74: =VLOOKUP(S74,Tallas!A$1:D$8,4,FALSE) -> 4 | U74: 73
A75: =R72 -> HU7 | B75: =VLOOKUP(A75,'Product Backlog HUs(1)'!A$1:M$99,2,FALSE) -> Modificar Información del Detalle Horario | D75: Release 28 | E75: =VLOOKUP(A75,R$1:U$89,3,FALSE) -> 16 | I75: Release 27 | R75: HU74 | S75: XL | T75: =VLOOKUP(S75,Tallas!A$1:D$8,4,FALSE) -> 32 | U75: 74
A76: =R77 -> HU83 | B76: =VLOOKUP(A76,'Product Backlog HUs(1)'!A$1:M$99,2,FALSE) -> Eliminar Información del Usuario | D76: Release 28 | E76: =VLOOKUP(A76,R$1:U$89,3,FALSE) -> 8 | I76: Release 27 | R76: HU65 | S76: L | T76: =VLOOKUP(S76,Tallas!A$1:D$8,4,FALSE) -> 16 | U76: 75
A77: =R78 -> HU45 | B77: =VLOOKUP(A77,'Product Backlog HUs(1)'!A$1:M$99,2,FALSE) -> Eliminar Información de la Motocicleta | D77: Release 29 | E77: =VLOOKUP(A77,R$1:U$89,3,FALSE) -> 16 | F77: =SUM(E77:E78) -> 32 | G77: =SUM(F77:F82) -> 68 | H77: Release 28 | I77: Release 27 | R77: HU83 | S77: M | T77: =VLOOKUP(S77,Tallas!A$1:D$8,4,FALSE) -> 8 | U77: 76
A78: =R73 -> HU21 | B78: =VLOOKUP(A78,'Product Backlog HUs(1)'!A$1:M$99,2,FALSE) -> Modificar Información de la Excepción Horario | D78: Release 29 | E78: =VLOOKUP(A78,R$1:U$89,3,FALSE) -> 16 | I78: Release 28 | R78: HU45 | S78: L | T78: =VLOOKUP(S78,Tallas!A$1:D$8,4,FALSE) -> 16 | U78: 77
A79: =R74 -> HU73 | B79: =VLOOKUP(A79,'Product Backlog HUs(1)'!A$1:M$99,2,FALSE) -> Consultar Información de la Transición Estado Servicio Realizado | D79: Release 30 | E79: =VLOOKUP(A79,R$1:U$89,3,FALSE) -> 4 | F79: =SUM(E79:E82) -> 36 | I79: Release 28 | R79: HU61 | S79: M | T79: =VLOOKUP(S79,Tallas!A$1:D$8,4,FALSE) -> 8 | U79: 78
A80: =R86 -> HU19 | B80: =VLOOKUP(A80,'Product Backlog HUs(1)'!A$1:M$99,2,FALSE) -> Eliminar Evidencia Fotográfica de la Motocicleta | D80: Release 30 | E80: =VLOOKUP(A80,R$1:U$89,3,FALSE) -> 8 | I80: Release 28 | R80: HU79 | S80: L | T80: =VLOOKUP(S80,Tallas!A$1:D$8,4,FALSE) -> 16 | U80: 79
A81: =R79 -> HU61 | B81: =VLOOKUP(A81,'Product Backlog HUs(1)'!A$1:M$99,2,FALSE) -> Eliminar Información de la Sede | D81: Release 30 | E81: =VLOOKUP(A81,R$1:U$89,3,FALSE) -> 8 | I81: Release 29 | R81: HU69 | S81: S | T81: =VLOOKUP(S81,Tallas!A$1:D$8,4,FALSE) -> 4 | U81: 80
A82: =R80 -> HU79 | B82: =VLOOKUP(A82,'Product Backlog HUs(1)'!A$1:M$99,2,FALSE) -> Eliminar Información de la Ubicación | D82: Release 30 | E82: =VLOOKUP(A82,R$1:U$89,3,FALSE) -> 16 | I82: Release 30 | R82: HU53 | S82: L | T82: =VLOOKUP(S82,Tallas!A$1:D$8,4,FALSE) -> 16 | U82: 81
A83: =R81 -> HU69 | B83: =VLOOKUP(A83,'Product Backlog HUs(1)'!A$1:M$99,2,FALSE) -> Eliminar Información del Servicio Sede | D83: Release 31 | E83: =VLOOKUP(A83,R$1:U$89,3,FALSE) -> 4 | F83: =SUM(E83:E85) -> 36 | G83: =SUM(F83:F89) -> 70 | H83: Release 31 | I83: Release 30 | R83: HU28 | S83: L | T83: =VLOOKUP(S83,Tallas!A$1:D$8,4,FALSE) -> 16 | U83: 82
A84: =R82 -> HU53 | B84: =VLOOKUP(A84,'Product Backlog HUs(1)'!A$1:M$99,2,FALSE) -> Eliminar Información del Representante Sede | D84: Release 31 | E84: =VLOOKUP(A84,R$1:U$89,3,FALSE) -> 16 | I84: Release 31 | R84: HU33 | S84: M | T84: =VLOOKUP(S84,Tallas!A$1:D$8,4,FALSE) -> 8 | U84: 83
A85: =R83 -> HU28 | B85: =VLOOKUP(A85,'Product Backlog HUs(1)'!A$1:M$99,2,FALSE) -> Eliminar Información de la Franquicia | D85: Release 31 | E85: =VLOOKUP(A85,R$1:U$89,3,FALSE) -> 16 | I85: Release 31 | R85: HU39 | S85: XS | T85: =VLOOKUP(S85,Tallas!A$1:D$8,4,FALSE) -> 2 | U85: 84
A86: =R84 -> HU33 | B86: =VLOOKUP(A86,'Product Backlog HUs(1)'!A$1:M$99,2,FALSE) -> Eliminar Información del Horario Sede | D86: Release 32 | E86: =VLOOKUP(A86,R$1:U$89,3,FALSE) -> 8 | F86: =SUM(E86:E89) -> 34 | I86: Release 31 | R86: HU19 | S86: M | T86: =VLOOKUP(S86,Tallas!A$1:D$8,4,FALSE) -> 8 | U86: 85
A87: =R88 -> HU8 | B87: =VLOOKUP(A87,'Product Backlog HUs(1)'!A$1:M$99,2,FALSE) -> Eliminar Información del Detalle Horario | D87: Release 32 | E87: =VLOOKUP(A87,R$1:U$89,3,FALSE) -> 16 | I87: Release 31 | R87: HU13 | S87: M | T87: =VLOOKUP(S87,Tallas!A$1:D$8,4,FALSE) -> 8 | U87: 86
A88: =R85 -> HU39 | B88: =VLOOKUP(A88,'Product Backlog HUs(1)'!A$1:M$99,2,FALSE) -> Eliminar la Imagen de la Motocicleta | D88: Release 32 | E88: =VLOOKUP(A88,R$1:U$89,3,FALSE) -> 2 | I88: Release 32 | R88: HU8 | S88: L | T88: =VLOOKUP(S88,Tallas!A$1:D$8,4,FALSE) -> 16 | U88: 87
A89: =R87 -> HU13 | B89: =VLOOKUP(A89,'Product Backlog HUs(1)'!A$1:M$99,2,FALSE) -> Eliminar Información del Diagnóstico | D89: Release 32 | E89: =VLOOKUP(A89,R$1:U$89,3,FALSE) -> 8 | I89: Release 32 | R89: HU22 | S89: M | T89: =VLOOKUP(S89,Tallas!A$1:D$8,4,FALSE) -> 8 | U89: 88
R90: HU89 | T90: =VLOOKUP(S90,Tallas!A$1:D$8,4,FALSE) -> #N/A
R91: HU90 | T91: =VLOOKUP(S91,Tallas!A$1:D$8,4,FALSE) -> #N/A
R92: HU91 | T92: =VLOOKUP(S92,Tallas!A$1:D$8,4,FALSE) -> #N/A
R93: HU92 | T93: =VLOOKUP(S93,Tallas!A$1:D$8,4,FALSE) -> #N/A
R94: HU93 | T94: =VLOOKUP(S94,Tallas!A$1:D$8,4,FALSE) -> #N/A
R95: HU94 | T95: =VLOOKUP(S95,Tallas!A$1:D$8,4,FALSE) -> #N/A
R96: HU95 | T96: =VLOOKUP(S96,Tallas!A$1:D$8,4,FALSE) -> #N/A
R97: HU96 | T97: =VLOOKUP(S97,Tallas!A$1:D$8,4,FALSE) -> #N/A
R98: HU97 | T98: =VLOOKUP(S98,Tallas!A$1:D$8,4,FALSE) -> #N/A
R99: HU98 | T99: =VLOOKUP(S99,Tallas!A$1:D$8,4,FALSE) -> #N/A
T100: Total Horas Proyecto
...

Sheet Plan de liberaciones (3)
A1: Identificador | B1: Historia de usuario | C1: Sprint | D1: Horas | E1: Acumulado horas Sprint | F1: Acumulado horas Release | G1: Release | P1: Identificador | Q1: Talla | R1: Horas Talla | S1: HU Prioridad
A2: =P2 -> HU51 | B2: =VLOOKUP(A2,'Product Backlog HUs(1)'!A$1:M$99,2,FALSE) -> Registrar Información del Representante Sede | C2: Sprint 1 | D2: =VLOOKUP(A2,P$1:S$89,3,FALSE) -> 32 | E2: =D2 -> 32 | F2: =SUM(E2:E4) -> 68 | G2: Release 1 | P2: HU51 | Q2: XL | R2: =VLOOKUP(Q2,Tallas!A$1:D$8,4,FALSE) -> 32 | S2: 1
A3: =P3 -> HU58 | B3: =VLOOKUP(A3,'Product Backlog HUs(1)'!A$1:M$99,2,FALSE) -> Autenticar Información del Representante Sede | C3: Sprint 2 | D3: =VLOOKUP(A3,P$1:S$89,3,FALSE) -> 16 | E3: =SUM(D3:D5) -> 26 | P3: HU58 | Q3: L | R3: =VLOOKUP(Q3,Tallas!A$1:D$8,4,FALSE) -> 16 | S3: 2
A4: =P4 -> HU54 | B4: =VLOOKUP(A4,'Product Backlog HUs(1)'!A$1:M$99,2,FALSE) -> Consultar Información detallada del Representante Sede | C4: Sprint 3 | D4: =VLOOKUP(A4,P$1:S$89,3,FALSE) -> 8 | E4: =SUM(D4:D5) -> 10 | P4: HU54 | Q4: M | R4: =VLOOKUP(Q4,Tallas!A$1:D$8,4,FALSE) -> 8 | S4: 3
A5: =P5 -> HU55 | B5: =VLOOKUP(A5,'Product Backlog HUs(1)'!A$1:M$99,2,FALSE) -> Consultar Información General del Representante Sede | C5: Sprint 4 | D5: =VLOOKUP(A5,P$1:S$89,3,FALSE) -> 2 | E5: =SUM(D5:D6) -> 34 | F5: =SUM(E5:E9) -> 62 | G5: Release 2 | P5: HU55 | Q5: XS | R5: =VLOOKUP(Q5,Tallas!A$1:D$8,4,FALSE) -> 2 | S5: 4
A6: =P6 -> HU52 | B6: =VLOOKUP(A6,'Product Backlog HUs(1)'!A$1:M$99,2,FALSE) -> Modificar Información del Representante Sede | D6: =VLOOKUP(A6,P$1:S$89,3,FALSE) -> 32 | P6: HU52 | Q6: XL | R6: =VLOOKUP(Q6,Tallas!A$1:D$8,4,FALSE) -> 32 | S6: 5
A7: =P7 -> HU57 | B7: =VLOOKUP(A7,'Product Backlog HUs(1)'!A$1:M$99,2,FALSE) -> Modificar la Clave del Representante Sede | C7: Sprint 5 | D7: =VLOOKUP(A7,P$1:S$89,3,FALSE) -> 16 | E7: =SUM(D7:D9) -> 28 | P7: HU57 | Q7: L | R7: =VLOOKUP(Q7,Tallas!A$1:D$8,4,FALSE) -> 16 | S7: 6
A8: =P11 -> HU62 | B8: =VLOOKUP(A8,'Product Backlog HUs(1)'!A$1:M$99,2,FALSE) -> Consultar Información de la Sede | D8: =VLOOKUP(A8,P$1:S$89,3,FALSE) -> 4 | P8: HU56 | Q8: XL | R8: =VLOOKUP(Q8,Tallas!A$1:D$8,4,FALSE) -> 32 | S8: 7
A9: =P14 -> HU61 | B9: =VLOOKUP(A9,'Product Backlog HUs(1)'!A$1:M$99,2,FALSE) -> Eliminar Información de la Sede | D9: =VLOOKUP(A9,P$1:S$89,3,FALSE) -> 8 | P9: HU53 | Q9: L | R9: =VLOOKUP(Q9,Tallas!A$1:D$8,4,FALSE) -> 16 | S9: 8
A10: =P8 -> HU56 | B10: =VLOOKUP(A10,'Product Backlog HUs(1)'!A$1:M$99,2,FALSE) -> Restablecer la Clave del Representante Sede | C10: Sprint 6 | D10: =VLOOKUP(A10,P$1:S$89,3,FALSE) -> 32 | E10: =SUM(D10:D11) -> 48 | F10: =SUM(E10:E13) -> 70 | G10: Release 3 | P10: HU59 | Q10: L | R10: =VLOOKUP(Q10,Tallas!A$1:D$8,4,FALSE) -> 16 | S10: 9
A11: =P20 -> HU67 | B11: =VLOOKUP(A11,'Product Backlog HUs(1)'!A$1:M$99,2,FALSE) -> Crear Información del Servicio Sede | C11: Sprint 7 | D11: =VLOOKUP(A11,P$1:S$89,3,FALSE) -> 16 | E11: =SUM(D11:D13) -> 22 | P11: HU62 | Q11: S | R11: =VLOOKUP(Q11,Tallas!A$1:D$8,4,FALSE) -> 4 | S11: 10
A12: =P19 -> HU63 | B12: =VLOOKUP(A12,'Product Backlog HUs(1)'!A$1:M$99,2,FALSE) -> Consultar Información del Servicio | D12: =VLOOKUP(A12,P$1:S$89,3,FALSE) -> 4 | P12: HU76 | Q12: M | R12: =VLOOKUP(Q12,Tallas!A$1:D$8,4,FALSE) -> 8 | S12: 11
A13: =P16 -> HU29 | B13: =VLOOKUP(A13,'Product Backlog HUs(1)'!A$1:M$99,2,FALSE) -> Consultar Información de la Franquicia | D13: =VLOOKUP(A13,P$1:S$89,3,FALSE) -> 2 | P13: HU60 | Q13: L | R13: =VLOOKUP(Q13,Tallas!A$1:D$8,4,FALSE) -> 16 | S13: 12
A14: =P30 -> HU15 | B14: =VLOOKUP(A14,'Product Backlog HUs(1)'!A$1:M$99,2,FALSE) -> Consultar Información del Estado del Servicio Realizado | C14: Sprint 8 | D14: =VLOOKUP(A14,P$1:S$89,3,FALSE) -> 32 | E14: =D14 -> 32 | F14: =SUM(E14:E18) -> 64 | G14: Release 4 | P14: HU61 | Q14: M | R14: =VLOOKUP(Q14,Tallas!A$1:D$8,4,FALSE) -> 8 | S14: 13
A15: =P25 -> HU72 | B15: =VLOOKUP(A15,'Product Backlog HUs(1)'!A$1:M$99,2,FALSE) -> Desactivar el Servicio Sede | C15: Sprint 9 | D15: =VLOOKUP(A15,P$1:S$89,3,FALSE) -> 8 | E15: =SUM(D15:D18) -> 32 | P15: HU26 | Q15: M | R15: =VLOOKUP(Q15,Tallas!A$1:D$8,4,FALSE) -> 8 | S15: 14
A16: =P26 -> HU69 | B16: =VLOOKUP(A16,'Product Backlog HUs(1)'!A$1:M$99,2,FALSE) -> Eliminar Información del Servicio Sede | D16: =VLOOKUP(A16,P$1:S$89,3,FALSE) -> 4 | P16: HU29 | Q16: XS | R16: =VLOOKUP(Q16,Tallas!A$1:D$8,4,FALSE) -> 2 | S16: 15
A17: =P27 -> HU66 | B17: =VLOOKUP(A17,'Product Backlog HUs(1)'!A$1:M$99,2,FALSE) -> Consultar Información del Servicio Realizado | D17: =VLOOKUP(A17,P$1:S$89,3,FALSE) -> 4 | P17: HU27 | Q17: M | R17: =VLOOKUP(Q17,Tallas!A$1:D$8,4,FALSE) -> 8 | S17: 16
A18: =P9 -> HU53 | B18: =VLOOKUP(A18,'Product Backlog HUs(1)'!A$1:M$99,2,FALSE) -> Eliminar Información del Representante Sede | D18: =VLOOKUP(A18,P$1:S$89,3,FALSE) -> 16 | P18: HU28 | Q18: L | R18: =VLOOKUP(Q18,Tallas!A$1:D$8,4,FALSE) -> 16 | S18: 17
A19: =P10 -> HU59 | B19: =VLOOKUP(A19,'Product Backlog HUs(1)'!A$1:M$99,2,FALSE) -> Registrar Información de una nueva Sede | C19: Sprint 10 | D19: =VLOOKUP(A19,P$1:S$89,3,FALSE) -> 16 | E19: =SUM(D19:D21) -> 28 | F19: =SUM(E19:E25) -> 62 | G19: Release 5 | P19: HU63 | Q19: S | R19: =VLOOKUP(Q19,Tallas!A$1:D$8,4,FALSE) -> 4 | S19: 18
A20: =P21 -> HU70 | B20: =VLOOKUP(A20,'Product Backlog HUs(1)'!A$1:M$99,2,FALSE) -> Consultar Información del Servicio Sede | D20: =VLOOKUP(A20,P$1:S$89,3,FALSE) -> 4 | P20: HU67 | Q20: L | R20: =VLOOKUP(Q20,Tallas!A$1:D$8,4,FALSE) -> 16 | S20: 19
A21: =P12 -> HU76 | B21: =VLOOKUP(A21,'Product Backlog HUs(1)'!A$1:M$99,2,FALSE) -> Consultar Información del Tipo Sede | D21: =VLOOKUP(A21,P$1:S$89,3,FALSE) -> 8 | P21: HU70 | Q21: S | R21: =VLOOKUP(Q21,Tallas!A$1:D$8,4,FALSE) -> 4 | S21: 20
A22: =P13 -> HU60 | B22: =VLOOKUP(A22,'Product Backlog HUs(1)'!A$1:M$99,2,FALSE) -> Modificar la Información de la Sede | C22: Sprint 11 | D22: =VLOOKUP(A22,P$1:S$89,3,FALSE) -> 16 | E22: =SUM(D22:D25) -> 34 | P22: HU75 | Q22: XS | R22: =VLOOKUP(Q22,Tallas!A$1:D$8,4,FALSE) -> 2 | S22: 21
A23: =P17 -> HU27 | B23: =VLOOKUP(A23,'Product Backlog HUs(1)'!A$1:M$99,2,FALSE) -> Modificar Información de la Franquicia | D23: =VLOOKUP(A23,P$1:S$89,3,FALSE) -> 8 | P23: HU68 | Q23: M | R23: =VLOOKUP(Q23,Tallas!A$1:D$8,4,FALSE) -> 8 | S23: 22
A24: =P15 -> HU26 | B24: =VLOOKUP(A24,'Product Backlog HUs(1)'!A$1:M$99,2,FALSE) -> Registrar Información de la Franquicia | D24: =VLOOKUP(A24,P$1:S$89,3,FALSE) -> 8 | P24: HU71 | Q24: M | R24: =VLOOKUP(Q24,Tallas!A$1:D$8,4,FALSE) -> 8 | S24: 23
A25: =P22 -> HU75 | B25: =VLOOKUP(A25,'Product Backlog HUs(1)'!A$1:M$99,2,FALSE) -> Consultar Información del Tipo Servicio | D25: =VLOOKUP(A25,P$1:S$89,3,FALSE) -> 2 | P25: HU72 | Q25: M | R25: =VLOOKUP(Q25,Tallas!A$1:D$8,4,FALSE) -> 8 | S25: 24
A26: =P18 -> HU28 | B26: =VLOOKUP(A26,'Product Backlog HUs(1)'!A$1:M$99,2,FALSE) -> Eliminar Información de la Franquicia | C26: Sprint 12 | D26: =VLOOKUP(A26,P$1:S$89,3,FALSE) -> 16 | E26: =SUM(D26:D28) -> 32 | F26: =SUM(E26:E29) -> 64 | G26: Release 6 | P26: HU69 | Q26: S | R26: =VLOOKUP(Q26,Tallas!A$1:D$8,4,FALSE) -> 4 | S26: 25
A27: =P23 -> HU68 | B27: =VLOOKUP(A27,'Product Backlog HUs(1)'!A$1:M$99,2,FALSE) -> Modificar Información del Servicio Sede | D27: =VLOOKUP(A27,P$1:S$89,3,FALSE) -> 8 | P27: HU66 | Q27: S | R27: =VLOOKUP(Q27,Tallas!A$1:D$8,4,FALSE) -> 4 | S27: 26
A28: =P24 -> HU71 | B28: =VLOOKUP(A28,'Product Backlog HUs(1)'!A$1:M$99,2,FALSE) -> Activar el Servicio Sede | D28: =VLOOKUP(A28,P$1:S$89,3,FALSE) -> 8 | P28: HU64 | Q28: XL | R28: =VLOOKUP(Q28,Tallas!A$1:D$8,4,FALSE) -> 32 | S28: 27
A29: =P28 -> HU64 | B29: =VLOOKUP(A29,'Product Backlog HUs(1)'!A$1:M$99,2,FALSE) -> Registrar Información del Servicio Realizado | C29: Sprint 13 | D29: =VLOOKUP(A29,P$1:S$89,3,FALSE) -> 32 | E29: =D29 -> 32 | P29: HU65 | Q29: L | R29: =VLOOKUP(Q29,Tallas!A$1:D$8,4,FALSE) -> 16 | S29: 28
A30: =P29 -> HU65 | B30: =VLOOKUP(A30,'Product Backlog HUs(1)'!A$1:M$99,2,FALSE) -> Eliminar Información del Servicio Realizado | C30: Sprint 14 | D30: =VLOOKUP(A30,P$1:S$89,3,FALSE) -> 16 | E30: =SUM(D30:D31) -> 20 | F30: =SUM(E30:E33) -> 84 | G30: Release 7 | P30: HU15 | Q30: XL | R30: =VLOOKUP(Q30,Tallas!A$1:D$8,4,FALSE) -> 32 | S30: 29
A31: =P31 -> HU73 | B31: =VLOOKUP(A31,'Product Backlog HUs(1)'!A$1:M$99,2,FALSE) -> Consultar Información de la Transición Estado Servicio Realizado | D31: =VLOOKUP(A31,P$1:S$89,3,FALSE) -> 4 | P31: HU73 | Q31: S | R31: =VLOOKUP(Q31,Tallas!A$1:D$8,4,FALSE) -> 4 | S31: 30
A32: =P32 -> HU74 | B32: =VLOOKUP(A32,'Product Backlog HUs(1)'!A$1:M$99,2,FALSE) -> Actualizar la Información de la Transición Estado Servicio Realizado | C32: Sprint 15 | D32: =VLOOKUP(A32,P$1:S$89,3,FALSE) -> 32 | E32: =D32 -> 32 | P32: HU74 | Q32: XL | R32: =VLOOKUP(Q32,Tallas!A$1:D$8,4,FALSE) -> 32 | S32: 31
A33: =P33 -> HU30 | B33: =VLOOKUP(A33,'Product Backlog HUs(1)'!A$1:M$99,2,FALSE) -> Registrar Información del Horario Sede | C33: Sprint 16 | D33: =VLOOKUP(A33,P$1:S$89,3,FALSE) -> 32 | E33: =D33 -> 32 | P33: HU30 | Q33: XL | R33: =VLOOKUP(Q33,Tallas!A$1:D$8,4,FALSE) -> 32 | S33: 32
A34: =P34 -> HU32 | B34: =VLOOKUP(A34,'Product Backlog HUs(1)'!A$1:M$99,2,FALSE) -> Consultar Información del Horario Sede | C34: Sprint 17 | D34: =VLOOKUP(A34,P$1:S$89,3,FALSE) -> 2 | E34: =SUM(D34:D39) -> 24 | F34: =SUM(E34:E43) -> 58 | G34: Release 8 | P34: HU32 | Q34: XS | R34: =VLOOKUP(Q34,Tallas!A$1:D$8,4,FALSE) -> 2 | S34: 33
A35: =P89 -> HU48 | B35: =VLOOKUP(A35,'Product Backlog HUs(1)'!A$1:M$99,2,FALSE) -> Consultar Información del Rango Calificación | D35: =VLOOKUP(A35,P$1:S$89,3,FALSE) -> 2 | P35: HU31 | Q35: M | R35: =VLOOKUP(Q35,Tallas!A$1:D$8,4,FALSE) -> 8 | S35: 34
A36: =P35 -> HU31 | B36: =VLOOKUP(A36,'Product Backlog HUs(1)'!A$1:M$99,2,FALSE) -> Modificar Información del Horario Sede | D36: =VLOOKUP(A36,P$1:S$89,3,FALSE) -> 8 | P36: HU34 | Q36: S | R36: =VLOOKUP(Q36,Tallas!A$1:D$8,4,FALSE) -> 4 | S36: 35
A37: =P36 -> HU34 | B37: =VLOOKUP(A37,'Product Backlog HUs(1)'!A$1:M$99,2,FALSE) -> Activar el Horario Sede | D37: =VLOOKUP(A37,P$1:S$89,3,FALSE) -> 4 | P37: HU35 | Q37: S | R37: =VLOOKUP(Q37,Tallas!A$1:D$8,4,FALSE) -> 4 | S37: 36
A38: =P37 -> HU35 | B38: =VLOOKUP(A38,'Product Backlog HUs(1)'!A$1:M$99,2,FALSE) -> Desactivar el Horario Sede | D38: =VLOOKUP(A38,P$1:S$89,3,FALSE) -> 4 | P38: HU33 | Q38: M | R38: =VLOOKUP(Q38,Tallas!A$1:D$8,4,FALSE) -> 8 | S38: 37
A39: =P40 -> HU9 | B39: =VLOOKUP(A39,'Product Backlog HUs(1)'!A$1:M$99,2,FALSE) -> Consultar Información del Detalle Horario | D39: =VLOOKUP(A39,P$1:S$89,3,FALSE) -> 4 | P39: HU6 | Q39: XL | R39: =VLOOKUP(Q39,Tallas!A$1:D$8,4,FALSE) -> 32 | S39: 38
A40: =P41 -> HU7 | B40: =VLOOKUP(A40,'Product Backlog HUs(1)'!A$1:M$99,2,FALSE) -> Modificar Información del Detalle Horario | C40: Sprint 18 | D40: =VLOOKUP(A40,P$1:S$89,3,FALSE) -> 16 | E40: =SUM(D40:D43) -> 34 | P40: HU9 | Q40: S | R40: =VLOOKUP(Q40,Tallas!A$1:D$8,4,FALSE) -> 4 | S40: 39
A41: =P58 -> HU84 | B41: =VLOOKUP(A41,'Product Backlog HUs(1)'!A$1:M$99,2,FALSE) -> Consultar Información Detallada del Usuario | D41: =VLOOKUP(A41,P$1:S$89,3,FALSE) -> 8 | P41: HU7 | Q41: L | R41: =VLOOKUP(Q41,Tallas!A$1:D$8,4,FALSE) -> 16 | S41: 40
A42: =P38 -> HU33 | B42: =VLOOKUP(A42,'Product Backlog HUs(1)'!A$1:M$99,2,FALSE) -> Eliminar Información del Horario Sede | D42: =VLOOKUP(A42,P$1:S$89,3,FALSE) -> 8 | P42: HU8 | Q42: L | R42: =VLOOKUP(Q42,Tallas!A$1:D$8,4,FALSE) -> 16 | S42: 41
A43: =P54 -> HU5 | B43: =VLOOKUP(A43,'Product Backlog HUs(1)'!A$1:M$99,2,FALSE) -> Consultar Información del Departamento | D43: =VLOOKUP(A43,P$1:S$89,3,FALSE) -> 2 | P43: HU10 | Q43: XS | R43: =VLOOKUP(Q43,Tallas!A$1:D$8,4,FALSE) -> 2 | S43: 42
A44: =P57 -> HU81 | B44: =VLOOKUP(A44,'Product Backlog HUs(1)'!A$1:M$99,2,FALSE) -> Registrar Información del Usuario | C44: Sprint 19 | D44: =VLOOKUP(A44,P$1:S$89,3,FALSE) -> 32 | E44: =SUM(D44:D45) -> 40 | F44: =SUM(E44:E47) -> 88 | G44: Release 9 | P44: HU20 | Q44: XL | R44: =VLOOKUP(Q44,Tallas!A$1:D$8,4,FALSE) -> 32 | S44: 43
A45: =P59 -> HU85 | B45: =VLOOKUP(A45,'Product Backlog HUs(1)'!A$1:M$99,2,FALSE) -> Consultar Información general del Usuario | D45: =VLOOKUP(A45,P$1:S$89,3,FALSE) -> 8 | P45: HU23 | Q45: S | R45: =VLOOKUP(Q45,Tallas!A$1:D$8,4,FALSE) -> 4 | S45: 44
A46: =P60 -> HU82 | B46: =VLOOKUP(A46,'Product Backlog HUs(1)'!A$1:M$99,2,FALSE) -> Modificar Información del Usuario | C46: Sprint 20 | D46: =VLOOKUP(A46,P$1:S$89,3,FALSE) -> 16 | E46: =SUM(D46:D47) -> 48 | P46: HU21 | Q46: L | R46: =VLOOKUP(Q46,Tallas!A$1:D$8,4,FALSE) -> 16 | S46: 45
A47: =P39 -> HU6 | B47: =VLOOKUP(A47,'Product Backlog HUs(1)'!A$1:M$99,2,FALSE) -> Registrar Información del Detalle Horario | D47: =VLOOKUP(A47,P$1:S$89,3,FALSE) -> 32 | P47: HU24 | Q47: S | R47: =VLOOKUP(Q47,Tallas!A$1:D$8,4,FALSE) -> 4 | S47: 46
A48: =P42 -> HU8 | B48: =VLOOKUP(A48,'Product Backlog HUs(1)'!A$1:M$99,2,FALSE) -> Eliminar Información del Detalle Horario | C48: Sprint 21 | D48: =VLOOKUP(A48,P$1:S$89,3,FALSE) -> 16 | E48: =SUM(D48:D49) -> 18 | F48: =SUM(E48:E54) -> 78 | G48: Release 10 | P48: HU25 | Q48: S | R48: =VLOOKUP(Q48,Tallas!A$1:D$8,4,FALSE) -> 4 | S48: 47
A49: =P43 -> HU10 | B49: =VLOOKUP(A49,'Product Backlog HUs(1)'!A$1:M$99,2,FALSE) -> Consultar Información del Día | D49: =VLOOKUP(A49,P$1:S$89,3,FALSE) -> 2 | P49: HU22 | Q49: M | R49: =VLOOKUP(Q49,Tallas!A$1:D$8,4,FALSE) -> 8 | S49: 48
A50: =P44 -> HU20 | B50: =VLOOKUP(A50,'Product Backlog HUs(1)'!A$1:M$99,2,FALSE) -> Registrar Información de la Excepción de Horario | C50: Sprint 22 | D50: =VLOOKUP(A50,P$1:S$89,3,FALSE) -> 32 | E50: =D50 -> 32 | P50: HU80 | Q50: XXL | R50: =VLOOKUP(Q50,Tallas!A$1:D$8,4,FALSE) -> 48 | S50: 49
A51: =P45 -> HU23 | B51: =VLOOKUP(A51,'Product Backlog HUs(1)'!A$1:M$99,2,FALSE) -> Consultar Información de la Excepción Horario | C51: Sprint 23 | D51: =VLOOKUP(A51,P$1:S$89,3,FALSE) -> 4 | E51: =SUM(D51:D54) -> 28 | P51: HU77 | Q51: XXL | R51: =VLOOKUP(Q51,Tallas!A$1:D$8,4,FALSE) -> 48 | S51: 50
A52: =P47 -> HU24 | B52: =VLOOKUP(A52,'Product Backlog HUs(1)'!A$1:M$99,2,FALSE) -> Activar la Excepción Horario | D52: =VLOOKUP(A52,P$1:S$89,3,FALSE) -> 4 | P52: HU78 | Q52: XL | R52: =VLOOKUP(Q52,Tallas!A$1:D$8,4,FALSE) -> 32 | S52: 51
A53: =P46 -> HU21 | B53: =VLOOKUP(A53,'Product Backlog HUs(1)'!A$1:M$99,2,FALSE) -> Modificar Información de la Excepción Horario | D53: =VLOOKUP(A53,P$1:S$89,3,FALSE) -> 16 | P53: HU79 | Q53: L | R53: =VLOOKUP(Q53,Tallas!A$1:D$8,4,FALSE) -> 16 | S53: 52
A54: =P48 -> HU25 | B54: =VLOOKUP(A54,'Product Backlog HUs(1)'!A$1:M$99,2,FALSE) -> Desactivar la Excepción Horario | D54: =VLOOKUP(A54,P$1:S$89,3,FALSE) -> 4 | P54: HU5 | Q54: XS | R54: =VLOOKUP(Q54,Tallas!A$1:D$8,4,FALSE) -> 2 | S54: 53
A55: =P51 -> HU77 | B55: =VLOOKUP(A55,'Product Backlog HUs(1)'!A$1:M$99,2,FALSE) -> Crear Información de la Ubicación | C55: Sprint 24 | D55: =VLOOKUP(A55,P$1:S$89,3,FALSE) -> 48 | E55: =SUM(D55:D56) -> 56 | F55: =SUM(E55:E57) -> 104 | G55: Release 11 | P55: HU4 | Q55: XS | R55: =VLOOKUP(Q55,Tallas!A$1:D$8,4,FALSE) -> 2 | S55: 54
A56: =P49 -> HU22 | B56: =VLOOKUP(A56,'Product Backlog HUs(1)'!A$1:M$99,2,FALSE) -> Eliminar Información de la Excepción Horario | D56: =VLOOKUP(A56,P$1:S$89,3,FALSE) -> 8 | P56: HU88 | Q56: L | R56: =VLOOKUP(Q56,Tallas!A$1:D$8,4,FALSE) -> 16 | S56: 55
A57: =P50 -> HU80 | B57: =VLOOKUP(A57,'Product Backlog HUs(1)'!A$1:M$99,2,FALSE) -> Consultar Información de la Ubicación | C57: Sprint 25 | D57: =VLOOKUP(A57,P$1:S$89,3,FALSE) -> 48 | E57: =SUM(D57) -> 48 | P57: HU81 | Q57: XL | R57: =VLOOKUP(Q57,Tallas!A$1:D$8,4,FALSE) -> 32 | S57: 56
A58: =P55 -> HU4 | B58: =VLOOKUP(A58,'Product Backlog HUs(1)'!A$1:M$99,2,FALSE) -> Consultar Información de la Ciudad | C58: Sprint 26 | D58: =VLOOKUP(A58,P$1:S$89,3,FALSE) -> 2 | E58: =SUM(D58:D59) -> 18 | F58: =SUM(E58:E60) -> 50 | G58: Release 12 | P58: HU84 | Q58: M | R58: =VLOOKUP(Q58,Tallas!A$1:D$8,4,FALSE) -> 8 | S58: 57
A59: =P53 -> HU79 | B59: =VLOOKUP(A59,'Product Backlog HUs(1)'!A$1:M$99,2,FALSE) -> Eliminar Información de la Ubicación | D59: =VLOOKUP(A59,P$1:S$89,3,FALSE) -> 16 | P59: HU85 | Q59: M | R59: =VLOOKUP(Q59,Tallas!A$1:D$8,4,FALSE) -> 8 | S59: 58
A60: =P52 -> HU78 | B60: =VLOOKUP(A60,'Product Backlog HUs(1)'!A$1:M$99,2,FALSE) -> Modificar Información de la Ubicación | C60: Sprint 27 | D60: =VLOOKUP(A60,P$1:S$89,3,FALSE) -> 32 | E60: =D60 -> 32 | P60: HU82 | Q60: L | R60: =VLOOKUP(Q60,Tallas!A$1:D$8,4,FALSE) -> 16 | S60: 59
A61: =P56 -> HU88 | B61: =VLOOKUP(A61,'Product Backlog HUs(1)'!A$1:M$99,2,FALSE) -> Autenticar el Usuario | C61: Sprint 28 | D61: =VLOOKUP(A61,P$1:S$89,3,FALSE) -> 16 | E61: =SUM(D61:D63) -> 40 | F61: =SUM(E61:E66) -> 60 | G61: Release 13 | P61: HU87 | Q61: M | R61: =VLOOKUP(Q61,Tallas!A$1:D$8,4,FALSE) -> 8 | S61: 60
A62: =P61 -> HU87 | B62: =VLOOKUP(A62,'Product Backlog HUs(1)'!A$1:M$99,2,FALSE) -> Modificar la Clave del Usuario | D62: =VLOOKUP(A62,P$1:S$89,3,FALSE) -> 8 | P62: HU86 | Q62: L | R62: =VLOOKUP(Q62,Tallas!A$1:D$8,4,FALSE) -> 16 | S62: 61
A63: =P62 -> HU86 | B63: =VLOOKUP(A63,'Product Backlog HUs(1)'!A$1:M$99,2,FALSE) -> Restablecer la Clave del Usuario | D63: =VLOOKUP(A63,P$1:S$89,3,FALSE) -> 16 | P63: HU83 | Q63: M | R63: =VLOOKUP(Q63,Tallas!A$1:D$8,4,FALSE) -> 8 | S63: 62
A64: =P63 -> HU83 | B64: =VLOOKUP(A64,'Product Backlog HUs(1)'!A$1:M$99,2,FALSE) -> Eliminar Información del Usuario | C64: Sprint 29 | D64: =VLOOKUP(A64,P$1:S$89,3,FALSE) -> 8 | E64: =SUM(D64:D66) -> 20 | P64: HU43 | Q64: XL | R64: =VLOOKUP(Q64,Tallas!A$1:D$8,4,FALSE) -> 32 | S64: 63
A65: =P65 -> HU46 | B65: =VLOOKUP(A65,'Product Backlog HUs(1)'!A$1:M$99,2,FALSE) -> Consultar Información de la Motocicleta | D65: =VLOOKUP(A65,P$1:S$89,3,FALSE) -> 4 | P65: HU46 | Q65: S | R65: =VLOOKUP(Q65,Tallas!A$1:D$8,4,FALSE) -> 4 | S65: 64
A66: =P66 -> HU47 | B66: =VLOOKUP(A66,'Product Backlog HUs(1)'!A$1:M$99,2,FALSE) -> Consultar Información General de la Motocicleta | D66: =VLOOKUP(A66,P$1:S$89,3,FALSE) -> 8 | P66: HU47 | Q66: M | R66: =VLOOKUP(Q66,Tallas!A$1:D$8,4,FALSE) -> 8 | S66: 65
A67: =P64 -> HU43 | B67: =VLOOKUP(A67,'Product Backlog HUs(1)'!A$1:M$99,2,FALSE) -> Registrar Información de la Motocicleta | C67: Sprint 30 | D67: =VLOOKUP(A67,P$1:S$89,3,FALSE) -> 32 | E67: =D67 -> 32 | F67: =SUM(E67:E68) -> 64 | G67: Release 14 | P67: HU44 | Q67: XL | R67: =VLOOKUP(Q67,Tallas!A$1:D$8,4,FALSE) -> 32 | S67: 66
A68: =P67 -> HU44 | B68: =VLOOKUP(A68,'Product Backlog HUs(1)'!A$1:M$99,2,FALSE) -> Modificar Información de la Motocicleta | C68: Sprint 31 | D68: =VLOOKUP(A68,P$1:S$89,3,FALSE) -> 32 | E68: =D68 -> 32 | P68: HU45 | Q68: L | R68: =VLOOKUP(Q68,Tallas!A$1:D$8,4,FALSE) -> 16 | S68: 67
A69: =P68 -> HU45 | B69: =VLOOKUP(A69,'Product Backlog HUs(1)'!A$1:M$99,2,FALSE) -> Eliminar Información de la Motocicleta | C69: Sprint 32 | D69: =VLOOKUP(A69,P$1:S$89,3,FALSE) -> 16 | E69: =SUM(D69:D72) -> 40 | F69: =SUM(E69:E76) -> 70 | G69: Release 15 | P69: HU36 | Q69: M | R69: =VLOOKUP(Q69,Tallas!A$1:D$8,4,FALSE) -> 8 | S69: 68
A70: =P69 -> HU36 | B70: =VLOOKUP(A70,'Product Backlog HUs(1)'!A$1:M$99,2,FALSE) -> Agregar la imagen de la Motocicleta | D70: =VLOOKUP(A70,P$1:S$89,3,FALSE) -> 8 | P70: HU38 | Q70: S | R70: =VLOOKUP(Q70,Tallas!A$1:D$8,4,FALSE) -> 4 | S70: 69
A71: =P75 -> HU17 | B71: =VLOOKUP(A71,'Product Backlog HUs(1)'!A$1:M$99,2,FALSE) -> Actualizar Evidencia Fotográfica de la Motocicleta | D71: =VLOOKUP(A71,P$1:S$89,3,FALSE) -> 8 | P71: HU37 | Q71: M | R71: =VLOOKUP(Q71,Tallas!A$1:D$8,4,FALSE) -> 8 | S71: 70
A72: =P76 -> HU19 | B72: =VLOOKUP(A72,'Product Backlog HUs(1)'!A$1:M$99,2,FALSE) -> Eliminar Evidencia Fotográfica de la Motocicleta | D72: =VLOOKUP(A72,P$1:S$89,3,FALSE) -> 8 | P72: HU39 | Q72: XS | R72: =VLOOKUP(Q72,Tallas!A$1:D$8,4,FALSE) -> 2 | S72: 71
A73: =P70 -> HU38 | B73: =VLOOKUP(A73,'Product Backlog HUs(1)'!A$1:M$99,2,FALSE) -> Consultar la Imagen de la Motocicleta | C73: sprint 33 | D73: =VLOOKUP(A73,P$1:S$89,3,FALSE) -> 4 | E73: =SUM(D73:D79) -> 30 | P73: HU16 | Q73: M | R73: =VLOOKUP(Q73,Tallas!A$1:D$8,4,FALSE) -> 8 | S73: 72
A74: =P71 -> HU37 | B74: =VLOOKUP(A74,'Product Backlog HUs(1)'!A$1:M$99,2,FALSE) -> Actualizar la Imagen de la Motocicleta | D74: =VLOOKUP(A74,P$1:S$89,3,FALSE) -> 8 | P74: HU18 | Q74: S | R74: =VLOOKUP(Q74,Tallas!A$1:D$8,4,FALSE) -> 4 | S74: 73
A75: =P72 -> HU39 | B75: =VLOOKUP(A75,'Product Backlog HUs(1)'!A$1:M$99,2,FALSE) -> Eliminar la Imagen de la Motocicleta | D75: =VLOOKUP(A75,P$1:S$89,3,FALSE) -> 2 | P75: HU17 | Q75: M | R75: =VLOOKUP(Q75,Tallas!A$1:D$8,4,FALSE) -> 8 | S75: 74
A76: =P77 -> HU50 | B76: =VLOOKUP(A76,'Product Backlog HUs(1)'!A$1:M$99,2,FALSE) -> Consultar Información de la Referencia Motocicleta | D76: =VLOOKUP(A76,P$1:S$89,3,FALSE) -> 2 | P76: HU19 | Q76: M | R76: =VLOOKUP(Q76,Tallas!A$1:D$8,4,FALSE) -> 8 | S76: 75
A77: =P78 -> HU40 | B77: =VLOOKUP(A77,'Product Backlog HUs(1)'!A$1:M$99,2,FALSE) -> Consultar Información de las líneas de una marca de motocicletas | D77: =VLOOKUP(A77,P$1:S$89,3,FALSE) -> 2 | P77: HU50 | Q77: XS | R77: =VLOOKUP(Q77,Tallas!A$1:D$8,4,FALSE) -> 2 | S77: 76
A78: =P73 -> HU16 | B78: =VLOOKUP(A78,'Product Backlog HUs(1)'!A$1:M$99,2,FALSE) -> Cargar Evidencia Fotográfica de la Motocicleta | D78: =VLOOKUP(A78,P$1:S$89,3,FALSE) -> 8 | P78: HU40 | Q78: XS | R78: =VLOOKUP(Q78,Tallas!A$1:D$8,4,FALSE) -> 2 | S78: 77
A79: =P74 -> HU18 | B79: =VLOOKUP(A79,'Product Backlog HUs(1)'!A$1:M$99,2,FALSE) -> Consultar Evidencia Fotográfica de la Motocicleta | D79: =VLOOKUP(A79,P$1:S$89,3,FALSE) -> 4 | P79: HU42 | Q79: XS | R79: =VLOOKUP(Q79,Tallas!A$1:D$8,4,FALSE) -> 2 | S79: 78
A80: =P86 -> HU13 | B80: =VLOOKUP(A80,'Product Backlog HUs(1)'!A$1:M$99,2,FALSE) -> Eliminar Información del Diagnóstico | C80: sprint 34 | D80: =VLOOKUP(A80,P$1:S$89,3,FALSE) -> 8 | E80: =SUM(D80:D85) -> 34 | F80: =SUM(E80:E88) -> 62 | G80: Release 16 | P80: HU41 | Q80: XS | R80: =VLOOKUP(Q80,Tallas!A$1:D$8,4,FALSE) -> 2 | S80: 79
A81: =P79 -> HU42 | B81: =VLOOKUP(A81,'Product Backlog HUs(1)'!A$1:M$99,2,FALSE) -> Consultar Información de las Marcas de Motocicletas | D81: =VLOOKUP(A81,P$1:S$89,3,FALSE) -> 2 | P81: HU1 | Q81: S | R81: =VLOOKUP(Q81,Tallas!A$1:D$8,4,FALSE) -> 4 | S81: 80
A82: =P80 -> HU41 | B82: =VLOOKUP(A82,'Product Backlog HUs(1)'!A$1:M$99,2,FALSE) -> Consultar Información de la Línea Categoría | D82: =VLOOKUP(A82,P$1:S$89,3,FALSE) -> 2 | P82: HU49 | Q82: XS | R82: =VLOOKUP(Q82,Tallas!A$1:D$8,4,FALSE) -> 2 | S82: 81
A83: =P81 -> HU1 | B83: =VLOOKUP(A83,'Product Backlog HUs(1)'!A$1:M$99,2,FALSE) -> Consultar la Información de una Categoría Motocicleta | D83: =VLOOKUP(A83,P$1:S$89,3,FALSE) -> 4 | P83: HU11 | Q83: L | R83: =VLOOKUP(Q83,Tallas!A$1:D$8,4,FALSE) -> 16 | S83: 82
A84: =P82 -> HU49 | B84: =VLOOKUP(A84,'Product Backlog HUs(1)'!A$1:M$99,2,FALSE) -> Consultar Información del Rango Cilindraje | D84: =VLOOKUP(A84,P$1:S$89,3,FALSE) -> 2 | P84: HU14 | Q84: S | R84: =VLOOKUP(Q84,Tallas!A$1:D$8,4,FALSE) -> 4 | S84: 83
A85: =P83 -> HU11 | B85: =VLOOKUP(A85,'Product Backlog HUs(1)'!A$1:M$99,2,FALSE) -> Registrar Información del Diagnóstico | D85: =VLOOKUP(A85,P$1:S$89,3,FALSE) -> 16 | P85: HU12 | Q85: L | R85: =VLOOKUP(Q85,Tallas!A$1:D$8,4,FALSE) -> 16 | S85: 84
A86: =P84 -> HU14 | B86: =VLOOKUP(A86,'Product Backlog HUs(1)'!A$1:M$99,2,FALSE) -> Consultar Información del Diagnóstico | C86: sprint 35 | D86: =VLOOKUP(A86,P$1:S$89,3,FALSE) -> 4 | E86: =SUM(D86:D88) -> 28 | P86: HU13 | Q86: M | R86: =VLOOKUP(Q86,Tallas!A$1:D$8,4,FALSE) -> 8 | S86: 85
A87: =P88 -> HU3 | B87: =VLOOKUP(A87,'Product Backlog HUs(1)'!A$1:M$99,2,FALSE) -> Consultar Información de la Calificación | D87: =VLOOKUP(A87,P$1:S$89,3,FALSE) -> 8 | P87: HU2 | Q87: XL | R87: =VLOOKUP(Q87,Tallas!A$1:D$8,4,FALSE) -> 32 | S87: 86
A88: =P85 -> HU12 | B88: =VLOOKUP(A88,'Product Backlog HUs(1)'!A$1:M$99,2,FALSE) -> Modificar Información del Diagnóstico | D88: =VLOOKUP(A88,P$1:S$89,3,FALSE) -> 16 | P88: HU3 | Q88: M | R88: =VLOOKUP(Q88,Tallas!A$1:D$8,4,FALSE) -> 8 | S88: 87
A89: =P87 -> HU2 | B89: =VLOOKUP(A89,'Product Backlog HUs(1)'!A$1:M$99,2,FALSE) -> Registrar Información de la Calificación | C89: sprint 36 | D89: =VLOOKUP(A89,P$1:S$89,3,FALSE) -> 32 | E89: =D89 -> 32 | F89: =E89 -> 32 | G89: Release 17 | P89: HU48 | Q89: XS | R89: =VLOOKUP(Q89,Tallas!A$1:D$8,4,FALSE) -> 2 | S89: 88
P90: HU89 | R90: =VLOOKUP(Q90,Tallas!A$1:D$8,4,FALSE) -> #N/A
P91: HU90 | R91: =VLOOKUP(Q91,Tallas!A$1:D$8,4,FALSE) -> #N/A
P92: HU91 | R92: =VLOOKUP(Q92,Tallas!A$1:D$8,4,FALSE) -> #N/A
P93: HU92 | R93: =VLOOKUP(Q93,Tallas!A$1:D$8,4,FALSE) -> #N/A
P94: HU93 | R94: =VLOOKUP(Q94,Tallas!A$1:D$8,4,FALSE) -> #N/A
P95: HU94 | R95: =VLOOKUP(Q95,Tallas!A$1:D$8,4,FALSE) -> #N/A
P96: HU95 | R96: =VLOOKUP(Q96,Tallas!A$1:D$8,4,FALSE) -> #N/A
P97: HU96 | R97: =VLOOKUP(Q97,Tallas!A$1:D$8,4,FALSE) -> #N/A
P98: HU97 | R98: =VLOOKUP(Q98,Tallas!A$1:D$8,4,FALSE) -> #N/A
P99: HU98 | R99: =VLOOKUP(Q99,Tallas!A$1:D$8,4,FALSE) -> #N/A
R100: Total Horas Proyecto
...

Sheet Plan de liberaciones
A1: Identificador | B1: Historia de usuario | C1: Sprint | D1: Horas | E1: Acumulado horas Release | F1: Release | O1: Identificador | P1: Talla | Q1: Horas Talla | R1: HU Prioridad
A2: =O2 -> HU51 | B2: =VLOOKUP(A2,'Product Backlog HUs(1)'!A$1:M$99,2,FALSE) -> Registrar Información del Representante Sede | C2: Sprint 1 | D2: =VLOOKUP(A2,O$1:R$89,3,FALSE) -> 32 | E2: =SUM(D2:D4) -> 56 | F2: Release 1 | O2: HU51 | P2: XL | Q2: =VLOOKUP(P2,Tallas!A$1:D$8,4,FALSE) -> 32 | R2: 1
A3: =O3 -> HU58 | B3: =VLOOKUP(A3,'Product Backlog HUs(1)'!A$1:M$99,2,FALSE) -> Autenticar Información del Representante Sede | C3: Sprint 2 | D3: =VLOOKUP(A3,O$1:R$89,3,FALSE) -> 16 | F3: Release 1 | O3: HU58 | P3: L | Q3: =VLOOKUP(P3,Tallas!A$1:D$8,4,FALSE) -> 16 | R3: 2
A4: =O4 -> HU54 | B4: =VLOOKUP(A4,'Product Backlog HUs(1)'!A$1:M$99,2,FALSE) -> Consultar Información detallada del Representante Sede | C4: Sprint 3 | D4: =VLOOKUP(A4,O$1:R$89,3,FALSE) -> 8 | F4: Release 1 | O4: HU54 | P4: M | Q4: =VLOOKUP(P4,Tallas!A$1:D$8,4,FALSE) -> 8 | R4: 3
A5: =O5 -> HU55 | B5: =VLOOKUP(A5,'Product Backlog HUs(1)'!A$1:M$99,2,FALSE) -> Consultar Información General del Representante Sede | C5: Sprint 4 | D5: =VLOOKUP(A5,O$1:R$89,3,FALSE) -> 2 | E5: =SUM(D5:D8) -> 82 | F5: Release 2 | O5: HU55 | P5: XS | Q5: =VLOOKUP(P5,Tallas!A$1:D$8,4,FALSE) -> 2 | R5: 4
A6: =O6 -> HU52 | B6: =VLOOKUP(A6,'Product Backlog HUs(1)'!A$1:M$99,2,FALSE) -> Modificar Información del Representante Sede | C6: Sprint 4 | D6: =VLOOKUP(A6,O$1:R$89,3,FALSE) -> 32 | F6: Release 2 | O6: HU52 | P6: XL | Q6: =VLOOKUP(P6,Tallas!A$1:D$8,4,FALSE) -> 32 | R6: 5
A7: =O7 -> HU57 | B7: =VLOOKUP(A7,'Product Backlog HUs(1)'!A$1:M$99,2,FALSE) -> Modificar la Clave del Representante Sede | C7: Sprint 5 | D7: =VLOOKUP(A7,O$1:R$89,3,FALSE) -> 16 | F7: Release 2 | O7: HU57 | P7: L | Q7: =VLOOKUP(P7,Tallas!A$1:D$8,4,FALSE) -> 16 | R7: 6
A8: =O8 -> HU56 | B8: =VLOOKUP(A8,'Product Backlog HUs(1)'!A$1:M$99,2,FALSE) -> Restablecer la Clave del Representante Sede | C8: Sprint 5 | D8: =VLOOKUP(A8,O$1:R$89,3,FALSE) -> 32 | F8: Release 2 | O8: HU56 | P8: XL | Q8: =VLOOKUP(P8,Tallas!A$1:D$8,4,FALSE) -> 32 | R8: 7
A9: =O9 -> HU59 | B9: =VLOOKUP(A9,'Product Backlog HUs(1)'!A$1:M$99,2,FALSE) -> Registrar Información de una nueva Sede | C9: Sprint 6 | D9: =VLOOKUP(A9,O$1:R$89,3,FALSE) -> 16 | E9: =SUM(D9:D17) -> 74 | F9: Release 3 | O9: HU59 | P9: L | Q9: =VLOOKUP(P9,Tallas!A$1:D$8,4,FALSE) -> 16 | R9: 8
A10: =O10 -> HU42 | B10: =VLOOKUP(A10,'Product Backlog HUs(1)'!A$1:M$99,2,FALSE) -> Consultar Información de las Marcas de Motocicletas | C10: Sprint 6 | D10: =VLOOKUP(A10,O$1:R$89,3,FALSE) -> 2 | F10: Release 3 | O10: HU42 | P10: XS | Q10: =VLOOKUP(P10,Tallas!A$1:D$8,4,FALSE) -> 2 | R10: 9
A11: =O11 -> HU62 | B11: =VLOOKUP(A11,'Product Backlog HUs(1)'!A$1:M$99,2,FALSE) -> Consultar Información de la Sede | C11: Sprint 7 | D11: =VLOOKUP(A11,O$1:R$89,3,FALSE) -> 4 | F11: Release 3 | O11: HU62 | P11: S | Q11: =VLOOKUP(P11,Tallas!A$1:D$8,4,FALSE) -> 4 | R11: 10
A12: =O12 -> HU76 | B12: =VLOOKUP(A12,'Product Backlog HUs(1)'!A$1:M$99,2,FALSE) -> Consultar Información del Tipo Sede | C12: Sprint 7 | D12: =VLOOKUP(A12,O$1:R$89,3,FALSE) -> 8 | F12: Release 3 | O12: HU76 | P12: M | Q12: =VLOOKUP(P12,Tallas!A$1:D$8,4,FALSE) -> 8 | R12: 11
A13: =O13 -> HU5 | B13: =VLOOKUP(A13,'Product Backlog HUs(1)'!A$1:M$99,2,FALSE) -> Consultar Información del Departamento | C13: Sprint 7 | D13: =VLOOKUP(A13,O$1:R$89,3,FALSE) -> 2 | F13: Release 3 | O13: HU5 | P13: XS | Q13: =VLOOKUP(P13,Tallas!A$1:D$8,4,FALSE) -> 2 | R13: 12
A14: =O14 -> HU4 | B14: =VLOOKUP(A14,'Product Backlog HUs(1)'!A$1:M$99,2,FALSE) -> Consultar Información de la Ciudad | C14: Sprint 8 | D14: =VLOOKUP(A14,O$1:R$89,3,FALSE) -> 2 | F14: Release 3 | O14: HU4 | P14: XS | Q14: =VLOOKUP(P14,Tallas!A$1:D$8,4,FALSE) -> 2 | R14: 13
A15: =O15 -> HU60 | B15: =VLOOKUP(A15,'Product Backlog HUs(1)'!A$1:M$99,2,FALSE) -> Modificar la Información de la Sede | C15: Sprint 9 | D15: =VLOOKUP(A15,O$1:R$89,3,FALSE) -> 16 | F15: Release 3 | O15: HU60 | P15: L | Q15: =VLOOKUP(P15,Tallas!A$1:D$8,4,FALSE) -> 16 | R15: 14
A16: =O16 -> HU61 | B16: =VLOOKUP(A16,'Product Backlog HUs(1)'!A$1:M$99,2,FALSE) -> Eliminar Información de la Sede | C16: Sprint 9 | D16: =VLOOKUP(A16,O$1:R$89,3,FALSE) -> 8 | F16: Release 3 | O16: HU61 | P16: M | Q16: =VLOOKUP(P16,Tallas!A$1:D$8,4,FALSE) -> 8 | R16: 15
A17: =O17 -> HU53 | B17: =VLOOKUP(A17,'Product Backlog HUs(1)'!A$1:M$99,2,FALSE) -> Eliminar Información del Representante Sede | C17: Sprint 9 | D17: =VLOOKUP(A17,O$1:R$89,3,FALSE) -> 16 | F17: Release 3 | O17: HU53 | P17: L | Q17: =VLOOKUP(P17,Tallas!A$1:D$8,4,FALSE) -> 16 | R17: 16
A18: =O18 -> HU26 | B18: =VLOOKUP(A18,'Product Backlog HUs(1)'!A$1:M$99,2,FALSE) -> Registrar Información de la Franquicia | C18: Sprint 10 | D18: =VLOOKUP(A18,O$1:R$89,3,FALSE) -> 8 | E18: =SUM(D18:D21) -> 34 | F18: Release 4 | O18: HU26 | P18: M | Q18: =VLOOKUP(P18,Tallas!A$1:D$8,4,FALSE) -> 8 | R18: 17
A19: =O19 -> HU29 | B19: =VLOOKUP(A19,'Product Backlog HUs(1)'!A$1:M$99,2,FALSE) -> Consultar Información de la Franquicia | C19: Sprint 10 | D19: =VLOOKUP(A19,O$1:R$89,3,FALSE) -> 2 | F19: Release 4 | O19: HU29 | P19: XS | Q19: =VLOOKUP(P19,Tallas!A$1:D$8,4,FALSE) -> 2 | R19: 18
A20: =O20 -> HU27 | B20: =VLOOKUP(A20,'Product Backlog HUs(1)'!A$1:M$99,2,FALSE) -> Modificar Información de la Franquicia | C20: Sprint 10 | D20: =VLOOKUP(A20,O$1:R$89,3,FALSE) -> 8 | F20: Release 4 | O20: HU27 | P20: M | Q20: =VLOOKUP(P20,Tallas!A$1:D$8,4,FALSE) -> 8 | R20: 19
A21: =O21 -> HU28 | B21: =VLOOKUP(A21,'Product Backlog HUs(1)'!A$1:M$99,2,FALSE) -> Eliminar Información de la Franquicia | C21: Sprint 10 | D21: =VLOOKUP(A21,O$1:R$89,3,FALSE) -> 16 | F21: Release 4 | O21: HU28 | P21: L | Q21: =VLOOKUP(P21,Tallas!A$1:D$8,4,FALSE) -> 16 | R21: 20
A22: =O22 -> HU75 | B22: =VLOOKUP(A22,'Product Backlog HUs(1)'!A$1:M$99,2,FALSE) -> Consultar Información del Tipo Servicio | C22: Sprint 11 | D22: =VLOOKUP(A22,O$1:R$89,3,FALSE) -> 2 | E22: =SUM(D22:D29) -> 54 | F22: Release 5 | O22: HU75 | P22: XS | Q22: =VLOOKUP(P22,Tallas!A$1:D$8,4,FALSE) -> 2 | R22: 21
A23: =O23 -> HU63 | B23: =VLOOKUP(A23,'Product Backlog HUs(1)'!A$1:M$99,2,FALSE) -> Consultar Información del Servicio | C23: Sprint 11 | D23: =VLOOKUP(A23,O$1:R$89,3,FALSE) -> 4 | F23: Release 5 | O23: HU63 | P23: S | Q23: =VLOOKUP(P23,Tallas!A$1:D$8,4,FALSE) -> 4 | R23: 22
A24: =O24 -> HU67 | B24: =VLOOKUP(A24,'Product Backlog HUs(1)'!A$1:M$99,2,FALSE) -> Crear Información del Servicio Sede | C24: Sprint 11 | D24: =VLOOKUP(A24,O$1:R$89,3,FALSE) -> 16 | F24: Release 5 | O24: HU67 | P24: L | Q24: =VLOOKUP(P24,Tallas!A$1:D$8,4,FALSE) -> 16 | R24: 23
A25: =O25 -> HU70 | B25: =VLOOKUP(A25,'Product Backlog HUs(1)'!A$1:M$99,2,FALSE) -> Consultar Información del Servicio Sede | C25: Sprint 11 | D25: =VLOOKUP(A25,O$1:R$89,3,FALSE) -> 4 | F25: Release 5 | O25: HU70 | P25: S | Q25: =VLOOKUP(P25,Tallas!A$1:D$8,4,FALSE) -> 4 | R25: 24
A26: =O26 -> HU68 | B26: =VLOOKUP(A26,'Product Backlog HUs(1)'!A$1:M$99,2,FALSE) -> Modificar Información del Servicio Sede | C26: Sprint 12 | D26: =VLOOKUP(A26,O$1:R$89,3,FALSE) -> 8 | F26: Release 5 | O26: HU68 | P26: M | Q26: =VLOOKUP(P26,Tallas!A$1:D$8,4,FALSE) -> 8 | R26: 25
A27: =O27 -> HU69 | B27: =VLOOKUP(A27,'Product Backlog HUs(1)'!A$1:M$99,2,FALSE) -> Eliminar Información del Servicio Sede | C27: Sprint 12 | D27: =VLOOKUP(A27,O$1:R$89,3,FALSE) -> 4 | F27: Release 5 | O27: HU69 | P27: S | Q27: =VLOOKUP(P27,Tallas!A$1:D$8,4,FALSE) -> 4 | R27: 26
A28: =O28 -> HU71 | B28: =VLOOKUP(A28,'Product Backlog HUs(1)'!A$1:M$99,2,FALSE) -> Activar el Servicio Sede | C28: Sprint 12 | D28: =VLOOKUP(A28,O$1:R$89,3,FALSE) -> 8 | F28: Release 5 | O28: HU71 | P28: M | Q28: =VLOOKUP(P28,Tallas!A$1:D$8,4,FALSE) -> 8 | R28: 27
A29: =O29 -> HU72 | B29: =VLOOKUP(A29,'Product Backlog HUs(1)'!A$1:M$99,2,FALSE) -> Desactivar el Servicio Sede | C29: Sprint 13 | D29: =VLOOKUP(A29,O$1:R$89,3,FALSE) -> 8 | F29: Release 5 | O29: HU72 | P29: M | Q29: =VLOOKUP(P29,Tallas!A$1:D$8,4,FALSE) -> 8 | R29: 28
A30: =O30 -> HU30 | B30: =VLOOKUP(A30,'Product Backlog HUs(1)'!A$1:M$99,2,FALSE) -> Registrar Información del Horario Sede | C30: Sprint 14 | D30: =VLOOKUP(A30,O$1:R$89,3,FALSE) -> 32 | E30: =SUM(D30:D36) -> 60 | F30: Release 6 | O30: HU30 | P30: XL | Q30: =VLOOKUP(P30,Tallas!A$1:D$8,4,FALSE) -> 32 | R30: 29
A31: =O31 -> HU32 | B31: =VLOOKUP(A31,'Product Backlog HUs(1)'!A$1:M$99,2,FALSE) -> Consultar Información del Horario Sede | C31: Sprint 14 | D31: =VLOOKUP(A31,O$1:R$89,3,FALSE) -> 2 | F31: Release 6 | O31: HU32 | P31: XS | Q31: =VLOOKUP(P31,Tallas!A$1:D$8,4,FALSE) -> 2 | R31: 30
A32: =O32 -> HU31 | B32: =VLOOKUP(A32,'Product Backlog HUs(1)'!A$1:M$99,2,FALSE) -> Modificar Información del Horario Sede | C32: Sprint 15 | D32: =VLOOKUP(A32,O$1:R$89,3,FALSE) -> 8 | F32: Release 6 | O32: HU31 | P32: M | Q32: =VLOOKUP(P32,Tallas!A$1:D$8,4,FALSE) -> 8 | R32: 31
A33: =O33 -> HU33 | B33: =VLOOKUP(A33,'Product Backlog HUs(1)'!A$1:M$99,2,FALSE) -> Eliminar Información del Horario Sede | C33: Sprint 16 | D33: =VLOOKUP(A33,O$1:R$89,3,FALSE) -> 8 | F33: Release 6 | O33: HU33 | P33: M | Q33: =VLOOKUP(P33,Tallas!A$1:D$8,4,FALSE) -> 8 | R33: 32
A34: =O34 -> HU34 | B34: =VLOOKUP(A34,'Product Backlog HUs(1)'!A$1:M$99,2,FALSE) -> Activar el Horario Sede | C34: Sprint 17 | D34: =VLOOKUP(A34,O$1:R$89,3,FALSE) -> 4 | F34: Release 6 | O34: HU34 | P34: S | Q34: =VLOOKUP(P34,Tallas!A$1:D$8,4,FALSE) -> 4 | R34: 33
A35: =O35 -> HU35 | B35: =VLOOKUP(A35,'Product Backlog HUs(1)'!A$1:M$99,2,FALSE) -> Desactivar el Horario Sede | C35: Sprint 17 | D35: =VLOOKUP(A35,O$1:R$89,3,FALSE) -> 4 | F35: Release 6 | O35: HU35 | P35: S | Q35: =VLOOKUP(P35,Tallas!A$1:D$8,4,FALSE) -> 4 | R35: 34
A36: =O36 -> HU10 | B36: =VLOOKUP(A36,'Product Backlog HUs(1)'!A$1:M$99,2,FALSE) -> Consultar Información del Día | C36: Sprint 17 | D36: =VLOOKUP(A36,O$1:R$89,3,FALSE) -> 2 | F36: Release 6 | O36: HU10 | P36: XS | Q36: =VLOOKUP(P36,Tallas!A$1:D$8,4,FALSE) -> 2 | R36: 35
A37: =O37 -> HU6 | B37: =VLOOKUP(A37,'Product Backlog HUs(1)'!A$1:M$99,2,FALSE) -> Registrar Información del Detalle Horario | C37: Sprint 18 | D37: =VLOOKUP(A37,O$1:R$89,3,FALSE) -> 32 | E37: =SUM(D37:D40) -> 68 | F37: Release 7 | O37: HU6 | P37: XL | Q37: =VLOOKUP(P37,Tallas!A$1:D$8,4,FALSE) -> 32 | R37: 36
A38: =O38 -> HU9 | B38: =VLOOKUP(A38,'Product Backlog HUs(1)'!A$1:M$99,2,FALSE) -> Consultar Información del Detalle Horario | C38: Sprint 18 | D38: =VLOOKUP(A38,O$1:R$89,3,FALSE) -> 4 | F38: Release 7 | O38: HU9 | P38: S | Q38: =VLOOKUP(P38,Tallas!A$1:D$8,4,FALSE) -> 4 | R38: 37
A39: =O39 -> HU7 | B39: =VLOOKUP(A39,'Product Backlog HUs(1)'!A$1:M$99,2,FALSE) -> Modificar Información del Detalle Horario | C39: Sprint 18 | D39: =VLOOKUP(A39,O$1:R$89,3,FALSE) -> 16 | F39: Release 7 | O39: HU7 | P39: L | Q39: =VLOOKUP(P39,Tallas!A$1:D$8,4,FALSE) -> 16 | R39: 38
A40: =O40 -> HU8 | B40: =VLOOKUP(A40,'Product Backlog HUs(1)'!A$1:M$99,2,FALSE) -> Eliminar Información del Detalle Horario | C40: Sprint 18 | D40: =VLOOKUP(A40,O$1:R$89,3,FALSE) -> 16 | F40: Release 7 | O40: HU8 | P40: L | Q40: =VLOOKUP(P40,Tallas!A$1:D$8,4,FALSE) -> 16 | R40: 39
A41: =O41 -> HU20 | B41: =VLOOKUP(A41,'Product Backlog HUs(1)'!A$1:M$99,2,FALSE) -> Registrar Información de la Excepción de Horario | C41: Sprint 19 | D41: =VLOOKUP(A41,O$1:R$89,3,FALSE) -> 32 | E41: =SUM(D41:D46) -> 68 | F41: Release 8 | O41: HU20 | P41: XL | Q41: =VLOOKUP(P41,Tallas!A$1:D$8,4,FALSE) -> 32 | R41: 40
A42: =O42 -> HU23 | B42: =VLOOKUP(A42,'Product Backlog HUs(1)'!A$1:M$99,2,FALSE) -> Consultar Información de la Excepción Horario | C42: Sprint 19 | D42: =VLOOKUP(A42,O$1:R$89,3,FALSE) -> 4 | F42: Release 8 | O42: HU23 | P42: S | Q42: =VLOOKUP(P42,Tallas!A$1:D$8,4,FALSE) -> 4 | R42: 41
A43: =O43 -> HU21 | B43: =VLOOKUP(A43,'Product Backlog HUs(1)'!A$1:M$99,2,FALSE) -> Modificar Información de la Excepción Horario | C43: Sprint 19 | D43: =VLOOKUP(A43,O$1:R$89,3,FALSE) -> 16 | F43: Release 8 | O43: HU21 | P43: L | Q43: =VLOOKUP(P43,Tallas!A$1:D$8,4,FALSE) -> 16 | R43: 42
A44: =O44 -> HU22 | B44: =VLOOKUP(A44,'Product Backlog HUs(1)'!A$1:M$99,2,FALSE) -> Eliminar Información de la Excepción Horario | C44: Sprint 19 | D44: =VLOOKUP(A44,O$1:R$89,3,FALSE) -> 8 | F44: Release 8 | O44: HU22 | P44: M | Q44: =VLOOKUP(P44,Tallas!A$1:D$8,4,FALSE) -> 8 | R44: 43
A45: =O45 -> HU24 | B45: =VLOOKUP(A45,'Product Backlog HUs(1)'!A$1:M$99,2,FALSE) -> Activar la Excepción Horario | C45: Sprint 20 | D45: =VLOOKUP(A45,O$1:R$89,3,FALSE) -> 4 | F45: Release 8 | O45: HU24 | P45: S | Q45: =VLOOKUP(P45,Tallas!A$1:D$8,4,FALSE) -> 4 | R45: 44
A46: =O46 -> HU25 | B46: =VLOOKUP(A46,'Product Backlog HUs(1)'!A$1:M$99,2,FALSE) -> Desactivar la Excepción Horario | C46: Sprint 20 | D46: =VLOOKUP(A46,O$1:R$89,3,FALSE) -> 4 | F46: Release 8 | O46: HU25 | P46: S | Q46: =VLOOKUP(P46,Tallas!A$1:D$8,4,FALSE) -> 4 | R46: 45
A47: =O47 -> HU43 | B47: =VLOOKUP(A47,'Product Backlog HUs(1)'!A$1:M$99,2,FALSE) -> Registrar Información de la Motocicleta | C47: Sprint 21 | D47: =VLOOKUP(A47,O$1:R$89,3,FALSE) -> 32 | E47: =SUM(D47:D53) -> 96 | F47: Release 9 | O47: HU43 | P47: XL | Q47: =VLOOKUP(P47,Tallas!A$1:D$8,4,FALSE) -> 32 | R47: 46
A48: =O48 -> HU46 | B48: =VLOOKUP(A48,'Product Backlog HUs(1)'!A$1:M$99,2,FALSE) -> Consultar Información de la Motocicleta | C48: Sprint 21 | D48: =VLOOKUP(A48,O$1:R$89,3,FALSE) -> 4 | F48: Release 9 | O48: HU46 | P48: S | Q48: =VLOOKUP(P48,Tallas!A$1:D$8,4,FALSE) -> 4 | R48: 47
A49: =O49 -> HU47 | B49: =VLOOKUP(A49,'Product Backlog HUs(1)'!A$1:M$99,2,FALSE) -> Consultar Información General de la Motocicleta | C49: Sprint 22 | D49: =VLOOKUP(A49,O$1:R$89,3,FALSE) -> 8 | F49: Release 9 | O49: HU47 | P49: M | Q49: =VLOOKUP(P49,Tallas!A$1:D$8,4,FALSE) -> 8 | R49: 48
A50: =O50 -> HU44 | B50: =VLOOKUP(A50,'Product Backlog HUs(1)'!A$1:M$99,2,FALSE) -> Modificar Información de la Motocicleta | C50: Sprint 22 | D50: =VLOOKUP(A50,O$1:R$89,3,FALSE) -> 32 | F50: Release 9 | O50: HU44 | P50: XL | Q50: =VLOOKUP(P50,Tallas!A$1:D$8,4,FALSE) -> 32 | R50: 49
A51: =O51 -> HU45 | B51: =VLOOKUP(A51,'Product Backlog HUs(1)'!A$1:M$99,2,FALSE) -> Eliminar Información de la Motocicleta | C51: Sprint 23 | D51: =VLOOKUP(A51,O$1:R$89,3,FALSE) -> 16 | F51: Release 9 | O51: HU45 | P51: L | Q51: =VLOOKUP(P51,Tallas!A$1:D$8,4,FALSE) -> 16 | R51: 50
A52: =O52 -> HU50 | B52: =VLOOKUP(A52,'Product Backlog HUs(1)'!A$1:M$99,2,FALSE) -> Consultar Información de la Referencia Motocicleta | C52: Sprint 23 | D52: =VLOOKUP(A52,O$1:R$89,3,FALSE) -> 2 | F52: Release 9 | O52: HU50 | P52: XS | Q52: =VLOOKUP(P52,Tallas!A$1:D$8,4,FALSE) -> 2 | R52: 51
A53: =O53 -> HU40 | B53: =VLOOKUP(A53,'Product Backlog HUs(1)'!A$1:M$99,2,FALSE) -> Consultar Información de las líneas de una marca de motocicletas | C53: Sprint 23 | D53: =VLOOKUP(A53,O$1:R$89,3,FALSE) -> 2 | F53: Release 9 | O53: HU40 | P53: XS | Q53: =VLOOKUP(P53,Tallas!A$1:D$8,4,FALSE) -> 2 | R53: 52
A54: =O54 -> HU36 | B54: =VLOOKUP(A54,'Product Backlog HUs(1)'!A$1:M$99,2,FALSE) -> Agregar la imagen de la Motocicleta | C54: Sprint 24 | D54: =VLOOKUP(A54,O$1:R$89,3,FALSE) -> 8 | E54: =SUM(D54:D61) -> 50 | F54: Release 10 | O54: HU36 | P54: M | Q54: =VLOOKUP(P54,Tallas!A$1:D$8,4,FALSE) -> 8 | R54: 53
A55: =O55 -> HU38 | B55: =VLOOKUP(A55,'Product Backlog HUs(1)'!A$1:M$99,2,FALSE) -> Consultar la Imagen de la Motocicleta | C55: Sprint 24 | D55: =VLOOKUP(A55,O$1:R$89,3,FALSE) -> 4 | F55: Release 10 | O55: HU38 | P55: S | Q55: =VLOOKUP(P55,Tallas!A$1:D$8,4,FALSE) -> 4 | R55: 54
A56: =O56 -> HU37 | B56: =VLOOKUP(A56,'Product Backlog HUs(1)'!A$1:M$99,2,FALSE) -> Actualizar la Imagen de la Motocicleta | C56: Sprint 25 | D56: =VLOOKUP(A56,O$1:R$89,3,FALSE) -> 8 | F56: Release 10 | O56: HU37 | P56: M | Q56: =VLOOKUP(P56,Tallas!A$1:D$8,4,FALSE) -> 8 | R56: 55
A57: =O57 -> HU39 | B57: =VLOOKUP(A57,'Product Backlog HUs(1)'!A$1:M$99,2,FALSE) -> Eliminar la Imagen de la Motocicleta | C57: Sprint 25 | D57: =VLOOKUP(A57,O$1:R$89,3,FALSE) -> 2 | F57: Release 10 | O57: HU39 | P57: XS | Q57: =VLOOKUP(P57,Tallas!A$1:D$8,4,FALSE) -> 2 | R57: 56
A58: =O58 -> HU16 | B58: =VLOOKUP(A58,'Product Backlog HUs(1)'!A$1:M$99,2,FALSE) -> Cargar Evidencia Fotográfica de la Motocicleta | C58: Sprint 26 | D58: =VLOOKUP(A58,O$1:R$89,3,FALSE) -> 8 | F58: Release 10 | O58: HU16 | P58: M | Q58: =VLOOKUP(P58,Tallas!A$1:D$8,4,FALSE) -> 8 | R58: 57
A59: =O59 -> HU18 | B59: =VLOOKUP(A59,'Product Backlog HUs(1)'!A$1:M$99,2,FALSE) -> Consultar Evidencia Fotográfica de la Motocicleta | C59: Sprint 26 | D59: =VLOOKUP(A59,O$1:R$89,3,FALSE) -> 4 | F59: Release 10 | O59: HU18 | P59: S | Q59: =VLOOKUP(P59,Tallas!A$1:D$8,4,FALSE) -> 4 | R59: 58
A60: =O60 -> HU17 | B60: =VLOOKUP(A60,'Product Backlog HUs(1)'!A$1:M$99,2,FALSE) -> Actualizar Evidencia Fotográfica de la Motocicleta | C60: Sprint 27 | D60: =VLOOKUP(A60,O$1:R$89,3,FALSE) -> 8 | F60: Release 10 | O60: HU17 | P60: M | Q60: =VLOOKUP(P60,Tallas!A$1:D$8,4,FALSE) -> 8 | R60: 59
A61: =O61 -> HU19 | B61: =VLOOKUP(A61,'Product Backlog HUs(1)'!A$1:M$99,2,FALSE) -> Eliminar Evidencia Fotográfica de la Motocicleta | C61: Sprint 28 | D61: =VLOOKUP(A61,O$1:R$89,3,FALSE) -> 8 | F61: Release 10 | O61: HU19 | P61: M | Q61: =VLOOKUP(P61,Tallas!A$1:D$8,4,FALSE) -> 8 | R61: 60
A62: =O62 -> HU11 | B62: =VLOOKUP(A62,'Product Backlog HUs(1)'!A$1:M$99,2,FALSE) -> Registrar Información del Diagnóstico | C62: Sprint 29 | D62: =VLOOKUP(A62,O$1:R$89,3,FALSE) -> 16 | E62: =SUM(D62:D65) -> 44 | F62: Release 11 | O62: HU11 | P62: L | Q62: =VLOOKUP(P62,Tallas!A$1:D$8,4,FALSE) -> 16 | R62: 61
A63: =O63 -> HU14 | B63: =VLOOKUP(A63,'Product Backlog HUs(1)'!A$1:M$99,2,FALSE) -> Consultar Información del Diagnóstico | C63: Sprint 29 | D63: =VLOOKUP(A63,O$1:R$89,3,FALSE) -> 4 | F63: Release 11 | O63: HU14 | P63: S | Q63: =VLOOKUP(P63,Tallas!A$1:D$8,4,FALSE) -> 4 | R63: 62
A64: =O64 -> HU12 | B64: =VLOOKUP(A64,'Product Backlog HUs(1)'!A$1:M$99,2,FALSE) -> Modificar Información del Diagnóstico | C64: Sprint 29 | D64: =VLOOKUP(A64,O$1:R$89,3,FALSE) -> 16 | F64: Release 11 | O64: HU12 | P64: L | Q64: =VLOOKUP(P64,Tallas!A$1:D$8,4,FALSE) -> 16 | R64: 63
A65: =O65 -> HU13 | B65: =VLOOKUP(A65,'Product Backlog HUs(1)'!A$1:M$99,2,FALSE) -> Eliminar Información del Diagnóstico | C65: Sprint 29 | D65: =VLOOKUP(A65,O$1:R$89,3,FALSE) -> 8 | F65: Release 11 | O65: HU13 | P65: M | Q65: =VLOOKUP(P65,Tallas!A$1:D$8,4,FALSE) -> 8 | R65: 64
A66: =O66 -> HU41 | B66: =VLOOKUP(A66,'Product Backlog HUs(1)'!A$1:M$99,2,FALSE) -> Consultar Información de la Línea Categoría | C66: Sprint 30 | D66: =VLOOKUP(A66,O$1:R$89,3,FALSE) -> 2 | E66: =SUM(D66:D69) -> 10 | F66: Release 12 | O66: HU41 | P66: XS | Q66: =VLOOKUP(P66,Tallas!A$1:D$8,4,FALSE) -> 2 | R66: 65
A67: =O67 -> HU1 | B67: =VLOOKUP(A67,'Product Backlog HUs(1)'!A$1:M$99,2,FALSE) -> Consultar la Información de una Categoría Motocicleta | C67: Sprint 30 | D67: =VLOOKUP(A67,O$1:R$89,3,FALSE) -> 4 | F67: Release 12 | O67: HU1 | P67: S | Q67: =VLOOKUP(P67,Tallas!A$1:D$8,4,FALSE) -> 4 | R67: 66
A68: =O68 -> HU49 | B68: =VLOOKUP(A68,'Product Backlog HUs(1)'!A$1:M$99,2,FALSE) -> Consultar Información del Rango Cilindraje | C68: Sprint 31 | D68: =VLOOKUP(A68,O$1:R$89,3,FALSE) -> 2 | F68: Release 12 | O68: HU49 | P68: XS | Q68: =VLOOKUP(P68,Tallas!A$1:D$8,4,FALSE) -> 2 | R68: 67
A69: =O69 -> HU48 | B69: =VLOOKUP(A69,'Product Backlog HUs(1)'!A$1:M$99,2,FALSE) -> Consultar Información del Rango Calificación | C69: Sprint 31 | D69: =VLOOKUP(A69,O$1:R$89,3,FALSE) -> 2 | F69: Release 12 | O69: HU48 | P69: XS | Q69: =VLOOKUP(P69,Tallas!A$1:D$8,4,FALSE) -> 2 | R69: 68
A70: =O70 -> HU66 | B70: =VLOOKUP(A70,'Product Backlog HUs(1)'!A$1:M$99,2,FALSE) -> Consultar Información del Servicio Realizado | C70: Sprint 32 | D70: =VLOOKUP(A70,O$1:R$89,3,FALSE) -> 4 | E70: =SUM(D70:D75) -> 120 | F70: Release 13 | O70: HU66 | P70: S | Q70: =VLOOKUP(P70,Tallas!A$1:D$8,4,FALSE) -> 4 | R70: 69
A71: =O71 -> HU64 | B71: =VLOOKUP(A71,'Product Backlog HUs(1)'!A$1:M$99,2,FALSE) -> Registrar Información del Servicio Realizado | C71: Sprint 32 | D71: =VLOOKUP(A71,O$1:R$89,3,FALSE) -> 32 | F71: Release 13 | O71: HU64 | P71: XL | Q71: =VLOOKUP(P71,Tallas!A$1:D$8,4,FALSE) -> 32 | R71: 70
A72: =O72 -> HU65 | B72: =VLOOKUP(A72,'Product Backlog HUs(1)'!A$1:M$99,2,FALSE) -> Eliminar Información del Servicio Realizado | C72: Sprint 32 | D72: =VLOOKUP(A72,O$1:R$89,3,FALSE) -> 16 | F72: Release 13 | O72: HU65 | P72: L | Q72: =VLOOKUP(P72,Tallas!A$1:D$8,4,FALSE) -> 16 | R72: 71
A73: =O73 -> HU15 | B73: =VLOOKUP(A73,'Product Backlog HUs(1)'!A$1:M$99,2,FALSE) -> Consultar Información del Estado del Servicio Realizado | C73: sprint 32 | D73: =VLOOKUP(A73,O$1:R$89,3,FALSE) -> 32 | F73: Release 13 | O73: HU15 | P73: XL | Q73: =VLOOKUP(P73,Tallas!A$1:D$8,4,FALSE) -> 32 | R73: 72
A74: =O74 -> HU73 | B74: =VLOOKUP(A74,'Product Backlog HUs(1)'!A$1:M$99,2,FALSE) -> Consultar Información de la Transición Estado Servicio Realizado | C74: Sprint 32 | D74: =VLOOKUP(A74,O$1:R$89,3,FALSE) -> 4 | F74: Release 13 | O74: HU73 | P74: S | Q74: =VLOOKUP(P74,Tallas!A$1:D$8,4,FALSE) -> 4 | R74: 73
A75: =O75 -> HU74 | B75: =VLOOKUP(A75,'Product Backlog HUs(1)'!A$1:M$99,2,FALSE) -> Actualizar la Información de la Transición Estado Servicio Realizado | C75: Sprint 32 | D75: =VLOOKUP(A75,O$1:R$89,3,FALSE) -> 32 | F75: Release 13 | O75: HU74 | P75: XL | Q75: =VLOOKUP(P75,Tallas!A$1:D$8,4,FALSE) -> 32 | R75: 74
A76: =O76 -> HU2 | B76: =VLOOKUP(A76,'Product Backlog HUs(1)'!A$1:M$99,2,FALSE) -> Registrar Información de la Calificación | C76: Sprint 33 | D76: =VLOOKUP(A76,O$1:R$89,3,FALSE) -> 32 | E76: =SUM(D76:D77) -> 40 | F76: Release 14 | O76: HU2 | P76: XL | Q76: =VLOOKUP(P76,Tallas!A$1:D$8,4,FALSE) -> 32 | R76: 75
A77: =O77 -> HU3 | B77: =VLOOKUP(A77,'Product Backlog HUs(1)'!A$1:M$99,2,FALSE) -> Consultar Información de la Calificación | C77: Sprint 33 | D77: =VLOOKUP(A77,O$1:R$89,3,FALSE) -> 8 | F77: Release 14 | O77: HU3 | P77: M | Q77: =VLOOKUP(P77,Tallas!A$1:D$8,4,FALSE) -> 8 | R77: 76
A78: =O78 -> HU80 | B78: =VLOOKUP(A78,'Product Backlog HUs(1)'!A$1:M$99,2,FALSE) -> Consultar Información de la Ubicación | C78: Sprint 34 | D78: =VLOOKUP(A78,O$1:R$89,3,FALSE) -> 48 | E78: =SUM(D78:D81) -> 144 | F78: Release 15 | O78: HU80 | P78: XXL | Q78: =VLOOKUP(P78,Tallas!A$1:D$8,4,FALSE) -> 48 | R78: 77
A79: =O79 -> HU77 | B79: =VLOOKUP(A79,'Product Backlog HUs(1)'!A$1:M$99,2,FALSE) -> Crear Información de la Ubicación | C79: Sprint 34 | D79: =VLOOKUP(A79,O$1:R$89,3,FALSE) -> 48 | F79: Release 15 | O79: HU77 | P79: XXL | Q79: =VLOOKUP(P79,Tallas!A$1:D$8,4,FALSE) -> 48 | R79: 78
A80: =O80 -> HU78 | B80: =VLOOKUP(A80,'Product Backlog HUs(1)'!A$1:M$99,2,FALSE) -> Modificar Información de la Ubicación | C80: Sprint 34 | D80: =VLOOKUP(A80,O$1:R$89,3,FALSE) -> 32 | F80: Release 15 | O80: HU78 | P80: XL | Q80: =VLOOKUP(P80,Tallas!A$1:D$8,4,FALSE) -> 32 | R80: 79
A81: =O81 -> HU79 | B81: =VLOOKUP(A81,'Product Backlog HUs(1)'!A$1:M$99,2,FALSE) -> Eliminar Información de la Ubicación | C81: Sprint 34 | D81: =VLOOKUP(A81,O$1:R$89,3,FALSE) -> 16 | F81: Release 15 | O81: HU79 | P81: L | Q81: =VLOOKUP(P81,Tallas!A$1:D$8,4,FALSE) -> 16 | R81: 80
A82: =O82 -> HU81 | B82: =VLOOKUP(A82,'Product Backlog HUs(1)'!A$1:M$99,2,FALSE) -> Registrar Información del Usuario | C82: sprint 35 | D82: =VLOOKUP(A82,O$1:R$89,3,FALSE) -> 32 | E82: =SUM(D82:D86) -> 72 | F82: Release 16 | O82: HU81 | P82: XL | Q82: =VLOOKUP(P82,Tallas!A$1:D$8,4,FALSE) -> 32 | R82: 81
A83: =O83 -> HU84 | B83: =VLOOKUP(A83,'Product Backlog HUs(1)'!A$1:M$99,2,FALSE) -> Consultar Información Detallada del Usuario | C83: sprint 35 | D83: =VLOOKUP(A83,O$1:R$89,3,FALSE) -> 8 | F83: Release 16 | O83: HU84 | P83: M | Q83: =VLOOKUP(P83,Tallas!A$1:D$8,4,FALSE) -> 8 | R83: 82
A84: =O84 -> HU85 | B84: =VLOOKUP(A84,'Product Backlog HUs(1)'!A$1:M$99,2,FALSE) -> Consultar Información general del Usuario | C84: sprint 35 | D84: =VLOOKUP(A84,O$1:R$89,3,FALSE) -> 8 | F84: Release 16 | O84: HU85 | P84: M | Q84: =VLOOKUP(P84,Tallas!A$1:D$8,4,FALSE) -> 8 | R84: 83
A85: =O85 -> HU82 | B85: =VLOOKUP(A85,'Product Backlog HUs(1)'!A$1:M$99,2,FALSE) -> Modificar Información del Usuario | C85: sprint 35 | D85: =VLOOKUP(A85,O$1:R$89,3,FALSE) -> 16 | F85: Release 16 | O85: HU82 | P85: L | Q85: =VLOOKUP(P85,Tallas!A$1:D$8,4,FALSE) -> 16 | R85: 84
A86: =O86 -> HU83 | B86: =VLOOKUP(A86,'Product Backlog HUs(1)'!A$1:M$99,2,FALSE) -> Eliminar Información del Usuario | C86: sprint 35 | D86: =VLOOKUP(A86,O$1:R$89,3,FALSE) -> 8 | F86: Release 16 | O86: HU83 | P86: M | Q86: =VLOOKUP(P86,Tallas!A$1:D$8,4,FALSE) -> 8 | R86: 85
A87: =O87 -> HU88 | B87: =VLOOKUP(A87,'Product Backlog HUs(1)'!A$1:M$99,2,FALSE) -> Autenticar el Usuario | C87: sprint 36 | D87: =VLOOKUP(A87,O$1:R$89,3,FALSE) -> 16 | F87: Release 16 | O87: HU88 | P87: L | Q87: =VLOOKUP(P87,Tallas!A$1:D$8,4,FALSE) -> 16 | R87: 86
A88: =O88 -> HU87 | B88: =VLOOKUP(A88,'Product Backlog HUs(1)'!A$1:M$99,2,FALSE) -> Modificar la Clave del Usuario | C88: sprint 36 | D88: =VLOOKUP(A88,O$1:R$89,3,FALSE) -> 8 | F88: Release 16 | O88: HU87 | P88: M | Q88: =VLOOKUP(P88,Tallas!A$1:D$8,4,FALSE) -> 8 | R88: 87
A89: =O89 -> HU86 | B89: =VLOOKUP(A89,'Product Backlog HUs(1)'!A$1:M$99,2,FALSE) -> Restablecer la Clave del Usuario | C89: sprint 36 | D89: =VLOOKUP(A89,O$1:R$89,3,FALSE) -> 16 | E89: =D89 -> 16 | F89: Release 17 | O89: HU86 | P89: L | Q89: =VLOOKUP(P89,Tallas!A$1:D$8,4,FALSE) -> 16 | R89: 88
O90: HU95 | Q90: =VLOOKUP(P90,Tallas!A$1:D$8,4,FALSE) -> #N/A | R90: 89
O91: HU96 | Q91: =VLOOKUP(P91,Tallas!A$1:D$8,4,FALSE) -> #N/A | R91: 90
O92: HU97 | Q92: =VLOOKUP(P92,Tallas!A$1:D$8,4,FALSE) -> #N/A | R92: 91
O93: HU98 | Q93: =VLOOKUP(P93,Tallas!A$1:D$8,4,FALSE) -> #N/A | R93: 92
O94: HU89 | Q94: =VLOOKUP(P94,Tallas!A$1:D$8,4,FALSE) -> #N/A
O95: HU90 | Q95: =VLOOKUP(P95,Tallas!A$1:D$8,4,FALSE) -> #N/A
O96: HU91 | Q96: =VLOOKUP(P96,Tallas!A$1:D$8,4,FALSE) -> #N/A
O97: HU92 | Q97: =VLOOKUP(P97,Tallas!A$1:D$8,4,FALSE) -> #N/A
O98: HU93 | Q98: =VLOOKUP(P98,Tallas!A$1:D$8,4,FALSE) -> #N/A
O99: HU94 | Q99: =VLOOKUP(P99,Tallas!A$1:D$8,4,FALSE) -> #N/A
Q102: Total Horas Proyecto
...

Sheet Plan de liberaciones(1)
A1: Identificador | B1: Historia de usuario | C1: Sprint | E1: Horas | F1: Acumulado horas Sprint | G1: Acumulado horas Release | H1: Release | R1: Identificador | S1: Talla | T1: Horas Talla | U1: HU Prioridad
A2: =R2 -> HU51 | B2: =VLOOKUP(A2,'Product Backlog HUs(1)'!A$1:M$99,2,FALSE) -> Registrar Información del Representante Sede | C2: Sprint 1 | D2: Sprint 1 | E2: =VLOOKUP(A2,R$1:U$89,3,FALSE) -> 16 | F2: =SUM(E2:E3) -> 48 | G2: =SUM(F2:F4) -> 80 | H2: Release 1 | I2: Release 1 | R2: HU51 | S2: L | T2: =VLOOKUP(S2,Tallas!A$1:D$8,4,FALSE) -> 16 | U2: 1
A3: =R3 -> HU58 | B3: =VLOOKUP(A3,'Product Backlog HUs(1)'!A$1:M$99,2,FALSE) -> Autenticar Información del Representante Sede | D3: Sprint 1 | E3: =VLOOKUP(A3,R$1:U$89,3,FALSE) -> 32 | I3: Release 1 | R3: HU58 | S3: XL | T3: =VLOOKUP(S3,Tallas!A$1:D$8,4,FALSE) -> 32 | U3: 2
A4: =R4 -> HU54 | B4: =VLOOKUP(A4,'Product Backlog HUs(1)'!A$1:M$99,2,FALSE) -> Consultar Información detallada del Representante Sede | C4: Sprint 2 | D4: Sprint 2 | E4: =VLOOKUP(A4,R$1:U$89,3,FALSE) -> 32 | F4: =E4 -> 32 | I4: Release 1 | R4: HU54 | S4: XL | T4: =VLOOKUP(S4,Tallas!A$1:D$8,4,FALSE) -> 32 | U4: 3
A5: =R5 -> HU55 | B5: =VLOOKUP(A5,'Product Backlog HUs(1)'!A$1:M$99,2,FALSE) -> Consultar Información General del Representante Sede | C5: Sprint 3 | D5: Sprint 3 | E5: =VLOOKUP(A5,R$1:U$89,3,FALSE) -> 48 | F5: =E5 -> 48 | G5: =SUM(F5:F9) -> 76 | H5: Release 2 | I5: Release 2 | R5: HU55 | S5: XXL | T5: =VLOOKUP(S5,Tallas!A$1:D$8,4,FALSE) -> 48 | U5: 4
A6: =R6 -> HU52 | B6: =VLOOKUP(A6,'Product Backlog HUs(1)'!A$1:M$99,2,FALSE) -> Modificar Información del Representante Sede | C6: Sprint 4 | D6: Sprint 4 | E6: =VLOOKUP(A6,R$1:U$89,3,FALSE) -> 4 | F6: =SUM(E6:E9) -> 28 | I6: Release 2 | R6: HU52 | S6: S | T6: =VLOOKUP(S6,Tallas!A$1:D$8,4,FALSE) -> 4 | U6: 5
A7: =R7 -> HU57 | B7: =VLOOKUP(A7,'Product Backlog HUs(1)'!A$1:M$99,2,FALSE) -> Modificar la Clave del Representante Sede | D7: Sprint 4 | E7: =VLOOKUP(A7,R$1:U$89,3,FALSE) -> 4 | I7: Release 2 | R7: HU57 | S7: S | T7: =VLOOKUP(S7,Tallas!A$1:D$8,4,FALSE) -> 4 | U7: 6
A8: =R11 -> HU62 | B8: =VLOOKUP(A8,'Product Backlog HUs(1)'!A$1:M$99,2,FALSE) -> Consultar Información de la Sede | D8: Sprint 4 | E8: =VLOOKUP(A8,R$1:U$89,3,FALSE) -> 16 | I8: Release 2 | R8: HU56 | S8: S | T8: =VLOOKUP(S8,Tallas!A$1:D$8,4,FALSE) -> 4 | U8: 7
A9: =R14 -> HU61 | B9: =VLOOKUP(A9,'Product Backlog HUs(1)'!A$1:M$99,2,FALSE) -> Eliminar Información de la Sede | D9: Sprint 4 | E9: =VLOOKUP(A9,R$1:U$89,3,FALSE) -> 4 | I9: Release 2 | R9: HU53 | S9: XXL | T9: =VLOOKUP(S9,Tallas!A$1:D$8,4,FALSE) -> 48 | U9: 8
A10: =R8 -> HU56 | B10: =VLOOKUP(A10,'Product Backlog HUs(1)'!A$1:M$99,2,FALSE) -> Restablecer la Clave del Representante Sede | C10: Sprint 5 | D10: Sprint 5 | E10: =VLOOKUP(A10,R$1:U$89,3,FALSE) -> 4 | F10: =SUM(E10:E14) -> 18 | G10: =SUM(F10:F16) -> 66 | H10: Release 3 | I10: Release 3 | R10: HU59 | S10: L | T10: =VLOOKUP(S10,Tallas!A$1:D$8,4,FALSE) -> 16 | U10: 9
A11: =R20 -> HU67 | B11: =VLOOKUP(A11,'Product Backlog HUs(1)'!A$1:M$99,2,FALSE) -> Crear Información del Servicio Sede | D11: Sprint 5 | E11: =VLOOKUP(A11,R$1:U$89,3,FALSE) -> 2 | I11: Release 3 | R11: HU62 | S11: L | T11: =VLOOKUP(S11,Tallas!A$1:D$8,4,FALSE) -> 16 | U11: 10
A12: =R19 -> HU63 | B12: =VLOOKUP(A12,'Product Backlog HUs(1)'!A$1:M$99,2,FALSE) -> Consultar Información del Servicio | D12: Sprint 5 | E12: =VLOOKUP(A12,R$1:U$89,3,FALSE) -> 2 | I12: Release 3 | R12: HU76 | S12: M | T12: =VLOOKUP(S12,Tallas!A$1:D$8,4,FALSE) -> 8 | U12: 11
A13: =R16 -> HU29 | B13: =VLOOKUP(A13,'Product Backlog HUs(1)'!A$1:M$99,2,FALSE) -> Consultar Información de la Franquicia | D13: Sprint 5 | E13: =VLOOKUP(A13,R$1:U$89,3,FALSE) -> 8 | I13: Release 3 | R13: HU60 | S13: S | T13: =VLOOKUP(S13,Tallas!A$1:D$8,4,FALSE) -> 4 | U13: 12
A14: =R30 -> HU15 | B14: =VLOOKUP(A14,'Product Backlog HUs(1)'!A$1:M$99,2,FALSE) -> Consultar Información del Estado del Servicio Realizado | D14: Sprint 5 | E14: =VLOOKUP(A14,R$1:U$89,3,FALSE) -> 2 | I14: Release 3 | R14: HU61 | S14: S | T14: =VLOOKUP(S14,Tallas!A$1:D$8,4,FALSE) -> 4 | U14: 13
A15: =R25 -> HU72 | B15: =VLOOKUP(A15,'Product Backlog HUs(1)'!A$1:M$99,2,FALSE) -> Desactivar el Servicio Sede | C15: Sprint 6 | D15: Sprint 6 | E15: =VLOOKUP(A15,R$1:U$89,3,FALSE) -> 32 | F15: =E15 -> 32 | I15: Release 3 | R15: HU26 | S15: XL | T15: =VLOOKUP(S15,Tallas!A$1:D$8,4,FALSE) -> 32 | U15: 14
A16: =R26 -> HU69 | B16: =VLOOKUP(A16,'Product Backlog HUs(1)'!A$1:M$99,2,FALSE) -> Eliminar Información del Servicio Sede | C16: Sprint 7 | D16: Sprint 7 | E16: =VLOOKUP(A16,R$1:U$89,3,FALSE) -> 16 | F16: =E16 -> 16 | I16: Release 3 | R16: HU29 | S16: M | T16: =VLOOKUP(S16,Tallas!A$1:D$8,4,FALSE) -> 8 | U16: 15
A17: =R27 -> HU66 | B17: =VLOOKUP(A17,'Product Backlog HUs(1)'!A$1:M$99,2,FALSE) -> Consultar Información del Servicio Realizado | C17: Sprint 8 | D17: Sprint 8 | E17: =VLOOKUP(A17,R$1:U$89,3,FALSE) -> 32 | F17: =E17 -> 32 | G17: =SUM(F17:F18) -> 80 | H17: Release 4 | I17: Release 4 | R17: HU27 | S17: S | T17: =VLOOKUP(S17,Tallas!A$1:D$8,4,FALSE) -> 4 | U17: 16
A18: =R9 -> HU53 | B18: =VLOOKUP(A18,'Product Backlog HUs(1)'!A$1:M$99,2,FALSE) -> Eliminar Información del Representante Sede | C18: Sprint 9 | D18: Sprint 9 | E18: =VLOOKUP(A18,R$1:U$89,3,FALSE) -> 48 | F18: =E18 -> 48 | I18: Release 4 | R18: HU28 | S18: XS | T18: =VLOOKUP(S18,Tallas!A$1:D$8,4,FALSE) -> 2 | U18: 17
A19: =R10 -> HU59 | B19: =VLOOKUP(A19,'Product Backlog HUs(1)'!A$1:M$99,2,FALSE) -> Registrar Información de una nueva Sede | C19: Sprint 10 | D19: Sprint 10 | E19: =VLOOKUP(A19,R$1:U$89,3,FALSE) -> 16 | F19: =SUM(E19:E23) -> 34 | G19: =SUM(F19:F25) -> 68 | H19: Release 5 | I19: Release 5 | R19: HU63 | S19: XS | T19: =VLOOKUP(S19,Tallas!A$1:D$8,4,FALSE) -> 2 | U19: 18
A20: =R21 -> HU70 | B20: =VLOOKUP(A20,'Product Backlog HUs(1)'!A$1:M$99,2,FALSE) -> Consultar Información del Servicio Sede | D20: Sprint 10 | E20: =VLOOKUP(A20,R$1:U$89,3,FALSE) -> 2 | I20: Release 5 | R20: HU67 | S20: XS | T20: =VLOOKUP(S20,Tallas!A$1:D$8,4,FALSE) -> 2 | U20: 19
A21: =R12 -> HU76 | B21: =VLOOKUP(A21,'Product Backlog HUs(1)'!A$1:M$99,2,FALSE) -> Consultar Información del Tipo Sede | D21: Sprint 10 | E21: =VLOOKUP(A21,R$1:U$89,3,FALSE) -> 8 | I21: Release 5 | R21: HU70 | S21: XS | T21: =VLOOKUP(S21,Tallas!A$1:D$8,4,FALSE) -> 2 | U21: 20
A22: =R13 -> HU60 | B22: =VLOOKUP(A22,'Product Backlog HUs(1)'!A$1:M$99,2,FALSE) -> Modificar la Información de la Sede | D22: Sprint 10 | E22: =VLOOKUP(A22,R$1:U$89,3,FALSE) -> 4 | I22: Release 5 | R22: HU75 | S22: XS | T22: =VLOOKUP(S22,Tallas!A$1:D$8,4,FALSE) -> 2 | U22: 21
A23: =R17 -> HU27 | B23: =VLOOKUP(A23,'Product Backlog HUs(1)'!A$1:M$99,2,FALSE) -> Modificar Información de la Franquicia | D23: Sprint 10 | E23: =VLOOKUP(A23,R$1:U$89,3,FALSE) -> 4 | I23: Release 5 | R23: HU68 | S23: XS | T23: =VLOOKUP(S23,Tallas!A$1:D$8,4,FALSE) -> 2 | U23: 22
A24: =R15 -> HU26 | B24: =VLOOKUP(A24,'Product Backlog HUs(1)'!A$1:M$99,2,FALSE) -> Registrar Información de la Franquicia | C24: Sprint 11 | D24: Sprint 11 | E24: =VLOOKUP(A24,R$1:U$89,3,FALSE) -> 32 | F24: =SUM(E24:E25) -> 34 | I24: Release 5 | R24: HU71 | S24: M | T24: =VLOOKUP(S24,Tallas!A$1:D$8,4,FALSE) -> 8 | U24: 23
A25: =R22 -> HU75 | B25: =VLOOKUP(A25,'Product Backlog HUs(1)'!A$1:M$99,2,FALSE) -> Consultar Información del Tipo Servicio | D25: Sprint 11 | E25: =VLOOKUP(A25,R$1:U$89,3,FALSE) -> 2 | I25: Release 5 | R25: HU72 | S25: XL | T25: =VLOOKUP(S25,Tallas!A$1:D$8,4,FALSE) -> 32 | U25: 24
A26: =R18 -> HU28 | B26: =VLOOKUP(A26,'Product Backlog HUs(1)'!A$1:M$99,2,FALSE) -> Eliminar Información de la Franquicia | C26: Sprint 12 | D26: Sprint 12 | E26: =VLOOKUP(A26,R$1:U$89,3,FALSE) -> 2 | F26: =SUM(E26:E31) -> 18 | G26: =SUM(F26:F35) -> 74 | H26: Release 6 | I26: Release 6 | R26: HU69 | S26: L | T26: =VLOOKUP(S26,Tallas!A$1:D$8,4,FALSE) -> 16 | U26: 25
A27: =R23 -> HU68 | B27: =VLOOKUP(A27,'Product Backlog HUs(1)'!A$1:M$99,2,FALSE) -> Modificar Información del Servicio Sede | D27: Sprint 12 | E27: =VLOOKUP(A27,R$1:U$89,3,FALSE) -> 2 | I27: Release 6 | R27: HU66 | S27: XL | T27: =VLOOKUP(S27,Tallas!A$1:D$8,4,FALSE) -> 32 | U27: 26
A28: =R24 -> HU71 | B28: =VLOOKUP(A28,'Product Backlog HUs(1)'!A$1:M$99,2,FALSE) -> Activar el Servicio Sede | D28: Sprint 12 | E28: =VLOOKUP(A28,R$1:U$89,3,FALSE) -> 8 | I28: Release 6 | R28: HU64 | S28: XS | T28: =VLOOKUP(S28,Tallas!A$1:D$8,4,FALSE) -> 2 | U28: 27
A29: =R28 -> HU64 | B29: =VLOOKUP(A29,'Product Backlog HUs(1)'!A$1:M$99,2,FALSE) -> Registrar Información del Servicio Realizado | D29: Sprint 12 | E29: =VLOOKUP(A29,R$1:U$89,3,FALSE) -> 2 | I29: Release 6 | R29: HU65 | S29: XS | T29: =VLOOKUP(S29,Tallas!A$1:D$8,4,FALSE) -> 2 | U29: 28
A30: =R29 -> HU65 | B30: =VLOOKUP(A30,'Product Backlog HUs(1)'!A$1:M$99,2,FALSE) -> Eliminar Información del Servicio Realizado | D30: Sprint 12 | E30: =VLOOKUP(A30,R$1:U$89,3,FALSE) -> 2 | I30: Release 6 | R30: HU15 | S30: XS | T30: =VLOOKUP(S30,Tallas!A$1:D$8,4,FALSE) -> 2 | U30: 29
A31: =R31 -> HU73 | B31: =VLOOKUP(A31,'Product Backlog HUs(1)'!A$1:M$99,2,FALSE) -> Consultar Información de la Transición Estado Servicio Realizado | D31: Sprint 12 | E31: =VLOOKUP(A31,R$1:U$89,3,FALSE) -> 2 | I31: Release 6 | R31: HU73 | S31: XS | T31: =VLOOKUP(S31,Tallas!A$1:D$8,4,FALSE) -> 2 | U31: 30
A32: =R32 -> HU74 | B32: =VLOOKUP(A32,'Product Backlog HUs(1)'!A$1:M$99,2,FALSE) -> Actualizar la Información de la Transición Estado Servicio Realizado | C32: Sprint 13 | D32: Sprint 13 | E32: =VLOOKUP(A32,R$1:U$89,3,FALSE) -> 32 | F32: =SUM(E32:E33) -> 40 | I32: Release 6 | R32: HU74 | S32: XL | T32: =VLOOKUP(S32,Tallas!A$1:D$8,4,FALSE) -> 32 | U32: 31
A33: =R33 -> HU30 | B33: =VLOOKUP(A33,'Product Backlog HUs(1)'!A$1:M$99,2,FALSE) -> Registrar Información del Horario Sede | D33: Sprint 13 | E33: =VLOOKUP(A33,R$1:U$89,3,FALSE) -> 8 | I33: Release 6 | R33: HU30 | S33: M | T33: =VLOOKUP(S33,Tallas!A$1:D$8,4,FALSE) -> 8 | U33: 32
A34: =R34 -> HU32 | B34: =VLOOKUP(A34,'Product Backlog HUs(1)'!A$1:M$99,2,FALSE) -> Consultar Información del Horario Sede | C34: Sprint 14 | D34: Sprint 14 | E34: =VLOOKUP(A34,R$1:U$89,3,FALSE) -> 8 | F34: =SUM(E34:E35) -> 16 | I34: Release 6 | R34: HU32 | S34: M | T34: =VLOOKUP(S34,Tallas!A$1:D$8,4,FALSE) -> 8 | U34: 33
A35: =R89 -> HU48 | B35: =VLOOKUP(A35,'Product Backlog HUs(1)'!A$1:M$99,2,FALSE) -> Consultar Información del Rango Calificación | D35: Sprint 14 | E35: =VLOOKUP(A35,R$1:U$89,3,FALSE) -> 8 | I35: Release 6 | R35: HU31 | S35: M | T35: =VLOOKUP(S35,Tallas!A$1:D$8,4,FALSE) -> 8 | U35: 34
A36: =R35 -> HU31 | B36: =VLOOKUP(A36,'Product Backlog HUs(1)'!A$1:M$99,2,FALSE) -> Modificar Información del Horario Sede | C36: Sprint 15 | D36: Sprint 15 | E36: =VLOOKUP(A36,R$1:U$89,3,FALSE) -> 8 | F36: =SUM(E36:E41) -> 32 | G36: =SUM(F36:F46) -> 72 | H36: Release 7 | I36: Release 7 | R36: HU34 | S36: XS | T36: =VLOOKUP(S36,Tallas!A$1:D$8,4,FALSE) -> 2 | U36: 35
A37: =R36 -> HU34 | B37: =VLOOKUP(A37,'Product Backlog HUs(1)'!A$1:M$99,2,FALSE) -> Activar el Horario Sede | D37: Sprint 15 | E37: =VLOOKUP(A37,R$1:U$89,3,FALSE) -> 2 | I37: Release 7 | R37: HU35 | S37: XS | T37: =VLOOKUP(S37,Tallas!A$1:D$8,4,FALSE) -> 2 | U37: 36
A38: =R37 -> HU35 | B38: =VLOOKUP(A38,'Product Backlog HUs(1)'!A$1:M$99,2,FALSE) -> Desactivar el Horario Sede | D38: Sprint 15 | E38: =VLOOKUP(A38,R$1:U$89,3,FALSE) -> 2 | I38: Release 7 | R38: HU33 | S38: L | T38: =VLOOKUP(S38,Tallas!A$1:D$8,4,FALSE) -> 16 | U38: 37
A39: =R40 -> HU9 | B39: =VLOOKUP(A39,'Product Backlog HUs(1)'!A$1:M$99,2,FALSE) -> Consultar Información del Detalle Horario | D39: Sprint 15 | E39: =VLOOKUP(A39,R$1:U$89,3,FALSE) -> 8 | I39: Release 7 | R39: HU6 | S39: XL | T39: =VLOOKUP(S39,Tallas!A$1:D$8,4,FALSE) -> 32 | U39: 38
A40: =R41 -> HU7 | B40: =VLOOKUP(A40,'Product Backlog HUs(1)'!A$1:M$99,2,FALSE) -> Modificar Información del Detalle Horario | D40: Sprint 15 | E40: =VLOOKUP(A40,R$1:U$89,3,FALSE) -> 4 | I40: Release 7 | R40: HU9 | S40: M | T40: =VLOOKUP(S40,Tallas!A$1:D$8,4,FALSE) -> 8 | U40: 39
A41: =R58 -> HU84 | B41: =VLOOKUP(A41,'Product Backlog HUs(1)'!A$1:M$99,2,FALSE) -> Consultar Información Detallada del Usuario | D41: Sprint 15 | E41: =VLOOKUP(A41,R$1:U$89,3,FALSE) -> 8 | I41: Release 7 | R41: HU7 | S41: S | T41: =VLOOKUP(S41,Tallas!A$1:D$8,4,FALSE) -> 4 | U41: 40
A42: =R38 -> HU33 | B42: =VLOOKUP(A42,'Product Backlog HUs(1)'!A$1:M$99,2,FALSE) -> Eliminar Información del Horario Sede | C42: Sprint 16 | D42: Sprint 16 | E42: =VLOOKUP(A42,R$1:U$89,3,FALSE) -> 16 | F42: =SUM(E42:E44) -> 40 | I42: Release 7 | R42: HU8 | S42: M | T42: =VLOOKUP(S42,Tallas!A$1:D$8,4,FALSE) -> 8 | U42: 41
A43: =R54 -> HU5 | B43: =VLOOKUP(A43,'Product Backlog HUs(1)'!A$1:M$99,2,FALSE) -> Consultar Información del Departamento | D43: Sprint 16 | E43: =VLOOKUP(A43,R$1:U$89,3,FALSE) -> 8 | I43: Release 7 | R43: HU10 | S43: S | T43: =VLOOKUP(S43,Tallas!A$1:D$8,4,FALSE) -> 4 | U43: 42
A44: =R57 -> HU81 | B44: =VLOOKUP(A44,'Product Backlog HUs(1)'!A$1:M$99,2,FALSE) -> Registrar Información del Usuario | D44: Sprint 16 | E44: =VLOOKUP(A44,R$1:U$89,3,FALSE) -> 16 | I44: Release 7 | R44: HU20 | S44: L | T44: =VLOOKUP(S44,Tallas!A$1:D$8,4,FALSE) -> 16 | U44: 43
A45: =R59 -> HU85 | B45: =VLOOKUP(A45,'Product Backlog HUs(1)'!A$1:M$99,2,FALSE) -> Consultar Información general del Usuario | D45: Sprint 16 | E45: =VLOOKUP(A45,R$1:U$89,3,FALSE) -> 16 | I45: Release 7 | R45: HU23 | S45: S | T45: =VLOOKUP(S45,Tallas!A$1:D$8,4,FALSE) -> 4 | U45: 44
A46: =R60 -> HU82 | B46: =VLOOKUP(A46,'Product Backlog HUs(1)'!A$1:M$99,2,FALSE) -> Modificar Información del Usuario | D46: Sprint 16 | E46: =VLOOKUP(A46,R$1:U$89,3,FALSE) -> 16 | I46: Release 7 | R46: HU21 | S46: XL | T46: =VLOOKUP(S46,Tallas!A$1:D$8,4,FALSE) -> 32 | U46: 45
A47: =R39 -> HU6 | B47: =VLOOKUP(A47,'Product Backlog HUs(1)'!A$1:M$99,2,FALSE) -> Registrar Información del Detalle Horario | C47: Sprint 17 | D47: Sprint 17 | E47: =VLOOKUP(A47,R$1:U$89,3,FALSE) -> 32 | F47: =SUM(E47:E48) -> 40 | G47: =SUM(F47:F52) -> 72 | H47: Release 8 | I47: Release 8 | R47: HU24 | S47: M | T47: =VLOOKUP(S47,Tallas!A$1:D$8,4,FALSE) -> 8 | U47: 46
A48: =R42 -> HU8 | B48: =VLOOKUP(A48,'Product Backlog HUs(1)'!A$1:M$99,2,FALSE) -> Eliminar Información del Detalle Horario | D48: Sprint 17 | E48: =VLOOKUP(A48,R$1:U$89,3,FALSE) -> 8 | I48: Release 8 | R48: HU25 | S48: XS | T48: =VLOOKUP(S48,Tallas!A$1:D$8,4,FALSE) -> 2 | U48: 47
A49: =R43 -> HU10 | B49: =VLOOKUP(A49,'Product Backlog HUs(1)'!A$1:M$99,2,FALSE) -> Consultar Información del Día | C49: Sprint 18 | D49: Sprint 18 | E49: =VLOOKUP(A49,R$1:U$89,3,FALSE) -> 4 | F49: =SUM(E49:E52) -> 32 | I49: Release 8 | R49: HU22 | S49: XL | T49: =VLOOKUP(S49,Tallas!A$1:D$8,4,FALSE) -> 32 | U49: 48
A50: =R44 -> HU20 | B50: =VLOOKUP(A50,'Product Backlog HUs(1)'!A$1:M$99,2,FALSE) -> Registrar Información de la Excepción de Horario | D50: Sprint 18 | E50: =VLOOKUP(A50,R$1:U$89,3,FALSE) -> 16 | I50: Release 8 | R50: HU80 | S50: L | T50: =VLOOKUP(S50,Tallas!A$1:D$8,4,FALSE) -> 16 | U50: 49
A51: =R45 -> HU23 | B51: =VLOOKUP(A51,'Product Backlog HUs(1)'!A$1:M$99,2,FALSE) -> Consultar Información de la Excepción Horario | D51: Sprint 18 | E51: =VLOOKUP(A51,R$1:U$89,3,FALSE) -> 4 | I51: Release 8 | R51: HU77 | S51: M | T51: =VLOOKUP(S51,Tallas!A$1:D$8,4,FALSE) -> 8 | U51: 50
A52: =R47 -> HU24 | B52: =VLOOKUP(A52,'Product Backlog HUs(1)'!A$1:M$99,2,FALSE) -> Activar la Excepción Horario | D52: Sprint 18 | E52: =VLOOKUP(A52,R$1:U$89,3,FALSE) -> 8 | I52: Release 8 | R52: HU78 | S52: XL | T52: =VLOOKUP(S52,Tallas!A$1:D$8,4,FALSE) -> 32 | U52: 51
A53: =R46 -> HU21 | B53: =VLOOKUP(A53,'Product Backlog HUs(1)'!A$1:M$99,2,FALSE) -> Modificar Información de la Excepción Horario | C53: Sprint 19 | D53: Sprint 19 | E53: =VLOOKUP(A53,R$1:U$89,3,FALSE) -> 32 | F53: =SUM(E53:E54) -> 34 | G53: =SUM(F53:F56) -> 74 | H53: Release 9 | I53: Release 9 | R53: HU79 | S53: M | T53: =VLOOKUP(S53,Tallas!A$1:D$8,4,FALSE) -> 8 | U53: 52
A54: =R48 -> HU25 | B54: =VLOOKUP(A54,'Product Backlog HUs(1)'!A$1:M$99,2,FALSE) -> Desactivar la Excepción Horario | D54: Sprint 19 | E54: =VLOOKUP(A54,R$1:U$89,3,FALSE) -> 2 | I54: Release 9 | R54: HU5 | S54: M | T54: =VLOOKUP(S54,Tallas!A$1:D$8,4,FALSE) -> 8 | U54: 53
A55: =R51 -> HU77 | B55: =VLOOKUP(A55,'Product Backlog HUs(1)'!A$1:M$99,2,FALSE) -> Crear Información de la Ubicación | C55: Sprint 20 | D55: Sprint 20 | E55: =VLOOKUP(A55,R$1:U$89,3,FALSE) -> 8 | F55: =SUM(E55:E56) -> 40 | I55: Release 9 | R55: HU4 | S55: M | T55: =VLOOKUP(S55,Tallas!A$1:D$8,4,FALSE) -> 8 | U55: 54
A56: =R49 -> HU22 | B56: =VLOOKUP(A56,'Product Backlog HUs(1)'!A$1:M$99,2,FALSE) -> Eliminar Información de la Excepción Horario | D56: Sprint 20 | E56: =VLOOKUP(A56,R$1:U$89,3,FALSE) -> 32 | I56: Release 9 | R56: HU88 | S56: M | T56: =VLOOKUP(S56,Tallas!A$1:D$8,4,FALSE) -> 8 | U56: 55
A57: =R50 -> HU80 | B57: =VLOOKUP(A57,'Product Backlog HUs(1)'!A$1:M$99,2,FALSE) -> Consultar Información de la Ubicación | C57: Sprint 21 | D57: Sprint 21 | E57: =VLOOKUP(A57,R$1:U$89,3,FALSE) -> 16 | F57: =SUM(E57:E59) -> 32 | G57: =SUM(F57:F61) -> 72 | H57: Release 10 | I57: Release 10 | R57: HU81 | S57: L | T57: =VLOOKUP(S57,Tallas!A$1:D$8,4,FALSE) -> 16 | U57: 56
A58: =R55 -> HU4 | B58: =VLOOKUP(A58,'Product Backlog HUs(1)'!A$1:M$99,2,FALSE) -> Consultar Información de la Ciudad | D58: Sprint 21 | E58: =VLOOKUP(A58,R$1:U$89,3,FALSE) -> 8 | I58: Release 10 | R58: HU84 | S58: M | T58: =VLOOKUP(S58,Tallas!A$1:D$8,4,FALSE) -> 8 | U58: 57
A59: =R53 -> HU79 | B59: =VLOOKUP(A59,'Product Backlog HUs(1)'!A$1:M$99,2,FALSE) -> Eliminar Información de la Ubicación | D59: Sprint 21 | E59: =VLOOKUP(A59,R$1:U$89,3,FALSE) -> 8 | I59: Release 10 | R59: HU85 | S59: L | T59: =VLOOKUP(S59,Tallas!A$1:D$8,4,FALSE) -> 16 | U59: 58
A60: =R52 -> HU78 | B60: =VLOOKUP(A60,'Product Backlog HUs(1)'!A$1:M$99,2,FALSE) -> Modificar Información de la Ubicación | C60: Sprint 22 | D60: Sprint 22 | E60: =VLOOKUP(A60,R$1:U$89,3,FALSE) -> 32 | F60: =SUM(E60:E61) -> 40 | I60: Release 10 | R60: HU82 | S60: L | T60: =VLOOKUP(S60,Tallas!A$1:D$8,4,FALSE) -> 16 | U60: 59
A61: =R56 -> HU88 | B61: =VLOOKUP(A61,'Product Backlog HUs(1)'!A$1:M$99,2,FALSE) -> Autenticar el Usuario | D61: Sprint 22 | E61: =VLOOKUP(A61,R$1:U$89,3,FALSE) -> 8 | I61: Release 10 | R61: HU87 | S61: XL | T61: =VLOOKUP(S61,Tallas!A$1:D$8,4,FALSE) -> 32 | U61: 60
A62: =R61 -> HU87 | B62: =VLOOKUP(A62,'Product Backlog HUs(1)'!A$1:M$99,2,FALSE) -> Modificar la Clave del Usuario | C62: Sprint 23 | D62: Sprint 23 | E62: =VLOOKUP(A62,R$1:U$89,3,FALSE) -> 32 | F62: =SUM(E62) -> 32 | G62: =SUM(F62:F68) -> 64 | H62: Release 11 | I62: Release 11 | R62: HU86 | S62: M | T62: =VLOOKUP(S62,Tallas!A$1:D$8,4,FALSE) -> 8 | U62: 61
A63: =R62 -> HU86 | B63: =VLOOKUP(A63,'Product Backlog HUs(1)'!A$1:M$99,2,FALSE) -> Restablecer la Clave del Usuario | C63: Sprint 24 | D63: Sprint 24 | E63: =VLOOKUP(A63,R$1:U$89,3,FALSE) -> 8 | F63: =SUM(E63:E68) -> 32 | I63: Release 11 | R63: HU83 | S63: M | T63: =VLOOKUP(S63,Tallas!A$1:D$8,4,FALSE) -> 8 | U63: 62
A64: =R63 -> HU83 | B64: =VLOOKUP(A64,'Product Backlog HUs(1)'!A$1:M$99,2,FALSE) -> Eliminar Información del Usuario | D64: Sprint 24 | E64: =VLOOKUP(A64,R$1:U$89,3,FALSE) -> 8 | I64: Release 11 | R64: HU43 | S64: S | T64: =VLOOKUP(S64,Tallas!A$1:D$8,4,FALSE) -> 4 | U64: 63
A65: =R65 -> HU46 | B65: =VLOOKUP(A65,'Product Backlog HUs(1)'!A$1:M$99,2,FALSE) -> Consultar Información de la Motocicleta | D65: Sprint 24 | E65: =VLOOKUP(A65,R$1:U$89,3,FALSE) -> 4 | I65: Release 11 | R65: HU46 | S65: S | T65: =VLOOKUP(S65,Tallas!A$1:D$8,4,FALSE) -> 4 | U65: 64
A66: =R66 -> HU47 | B66: =VLOOKUP(A66,'Product Backlog HUs(1)'!A$1:M$99,2,FALSE) -> Consultar Información General de la Motocicleta | D66: Sprint 24 | E66: =VLOOKUP(A66,R$1:U$89,3,FALSE) -> 4 | I66: Release 11 | R66: HU47 | S66: S | T66: =VLOOKUP(S66,Tallas!A$1:D$8,4,FALSE) -> 4 | U66: 65
A67: =R64 -> HU43 | B67: =VLOOKUP(A67,'Product Backlog HUs(1)'!A$1:M$99,2,FALSE) -> Registrar Información de la Motocicleta | D67: Sprint 24 | E67: =VLOOKUP(A67,R$1:U$89,3,FALSE) -> 4 | I67: Release 11 | R67: HU44 | S67: S | T67: =VLOOKUP(S67,Tallas!A$1:D$8,4,FALSE) -> 4 | U67: 66
A68: =R67 -> HU44 | B68: =VLOOKUP(A68,'Product Backlog HUs(1)'!A$1:M$99,2,FALSE) -> Modificar Información de la Motocicleta | D68: Sprint 24 | E68: =VLOOKUP(A68,R$1:U$89,3,FALSE) -> 4 | I68: Release 11 | R68: HU45 | S68: XL | T68: =VLOOKUP(S68,Tallas!A$1:D$8,4,FALSE) -> 32 | U68: 67
A69: =R68 -> HU45 | B69: =VLOOKUP(A69,'Product Backlog HUs(1)'!A$1:M$99,2,FALSE) -> Eliminar Información de la Motocicleta | C69: Sprint 25 | D69: Sprint 25 | E69: =VLOOKUP(A69,R$1:U$89,3,FALSE) -> 32 | F69: =SUM(E69) -> 32 | G69: =SUM(F69:F71) -> 68 | H69: Release 12 | I69: Release 12 | R69: HU36 | S69: S | T69: =VLOOKUP(S69,Tallas!A$1:D$8,4,FALSE) -> 4 | U69: 68
A70: =R69 -> HU36 | B70: =VLOOKUP(A70,'Product Backlog HUs(1)'!A$1:M$99,2,FALSE) -> Agregar la imagen de la Motocicleta | C70: Sprint 26 | D70: Sprint 26 | E70: =VLOOKUP(A70,R$1:U$89,3,FALSE) -> 4 | F70: =SUM(E70:E71) -> 36 | I70: Release 12 | R70: HU38 | S70: XL | T70: =VLOOKUP(S70,Tallas!A$1:D$8,4,FALSE) -> 32 | U70: 69
A71: =R75 -> HU17 | B71: =VLOOKUP(A71,'Product Backlog HUs(1)'!A$1:M$99,2,FALSE) -> Actualizar Evidencia Fotográfica de la Motocicleta | D71: Sprint 26 | E71: =VLOOKUP(A71,R$1:U$89,3,FALSE) -> 32 | I71: Release 12 | R71: HU37 | S71: S | T71: =VLOOKUP(S71,Tallas!A$1:D$8,4,FALSE) -> 4 | U71: 70
A72: =R76 -> HU19 | B72: =VLOOKUP(A72,'Product Backlog HUs(1)'!A$1:M$99,2,FALSE) -> Eliminar Evidencia Fotográfica de la Motocicleta | C72: Sprint 27 | D72: Sprint 27 | E72: =VLOOKUP(A72,R$1:U$89,3,FALSE) -> 16 | F72: =SUM(E72:E73) -> 48 | G72: =SUM(F72:F76) -> 76 | H72: Release 13 | I72: Release 13 | R72: HU39 | S72: L | T72: =VLOOKUP(S72,Tallas!A$1:D$8,4,FALSE) -> 16 | U72: 71
A73: =R70 -> HU38 | B73: =VLOOKUP(A73,'Product Backlog HUs(1)'!A$1:M$99,2,FALSE) -> Consultar la Imagen de la Motocicleta | D73: Sprint 27 | E73: =VLOOKUP(A73,R$1:U$89,3,FALSE) -> 32 | I73: Release 13 | R73: HU16 | S73: L | T73: =VLOOKUP(S73,Tallas!A$1:D$8,4,FALSE) -> 16 | U73: 72
A74: =R71 -> HU37 | B74: =VLOOKUP(A74,'Product Backlog HUs(1)'!A$1:M$99,2,FALSE) -> Actualizar la Imagen de la Motocicleta | C74: Sprint 28 | D74: Sprint 28 | E74: =VLOOKUP(A74,R$1:U$89,3,FALSE) -> 4 | F74: =SUM(E74:E76) -> 28 | I74: Release 13 | R74: HU18 | S74: S | T74: =VLOOKUP(S74,Tallas!A$1:D$8,4,FALSE) -> 4 | U74: 73
A75: =R72 -> HU39 | B75: =VLOOKUP(A75,'Product Backlog HUs(1)'!A$1:M$99,2,FALSE) -> Eliminar la Imagen de la Motocicleta | D75: Sprint 28 | E75: =VLOOKUP(A75,R$1:U$89,3,FALSE) -> 16 | I75: Release 13 | R75: HU17 | S75: XL | T75: =VLOOKUP(S75,Tallas!A$1:D$8,4,FALSE) -> 32 | U75: 74
A76: =R77 -> HU50 | B76: =VLOOKUP(A76,'Product Backlog HUs(1)'!A$1:M$99,2,FALSE) -> Consultar Información de la Referencia Motocicleta | D76: Sprint 28 | E76: =VLOOKUP(A76,R$1:U$89,3,FALSE) -> 8 | I76: Release 13 | R76: HU19 | S76: L | T76: =VLOOKUP(S76,Tallas!A$1:D$8,4,FALSE) -> 16 | U76: 75
A77: =R78 -> HU40 | B77: =VLOOKUP(A77,'Product Backlog HUs(1)'!A$1:M$99,2,FALSE) -> Consultar Información de las líneas de una marca de motocicletas | C77: Sprint 29 | D77: Sprint 29 | E77: =VLOOKUP(A77,R$1:U$89,3,FALSE) -> 16 | F77: =SUM(E77:E78) -> 32 | G77: =SUM(F77:F82) -> 68 | H77: Release 14 | I77: Release 14 | R77: HU50 | S77: M | T77: =VLOOKUP(S77,Tallas!A$1:D$8,4,FALSE) -> 8 | U77: 76
A78: =R73 -> HU16 | B78: =VLOOKUP(A78,'Product Backlog HUs(1)'!A$1:M$99,2,FALSE) -> Cargar Evidencia Fotográfica de la Motocicleta | D78: Sprint 29 | E78: =VLOOKUP(A78,R$1:U$89,3,FALSE) -> 16 | I78: Release 14 | R78: HU40 | S78: L | T78: =VLOOKUP(S78,Tallas!A$1:D$8,4,FALSE) -> 16 | U78: 77
A79: =R74 -> HU18 | B79: =VLOOKUP(A79,'Product Backlog HUs(1)'!A$1:M$99,2,FALSE) -> Consultar Evidencia Fotográfica de la Motocicleta | C79: Sprint 30 | D79: Sprint 30 | E79: =VLOOKUP(A79,R$1:U$89,3,FALSE) -> 4 | F79: =SUM(E79:E82) -> 36 | I79: Release 14 | R79: HU42 | S79: M | T79: =VLOOKUP(S79,Tallas!A$1:D$8,4,FALSE) -> 8 | U79: 78
A80: =R86 -> HU13 | B80: =VLOOKUP(A80,'Product Backlog HUs(1)'!A$1:M$99,2,FALSE) -> Eliminar Información del Diagnóstico | D80: Sprint 30 | E80: =VLOOKUP(A80,R$1:U$89,3,FALSE) -> 8 | I80: Release 14 | R80: HU41 | S80: L | T80: =VLOOKUP(S80,Tallas!A$1:D$8,4,FALSE) -> 16 | U80: 79
A81: =R79 -> HU42 | B81: =VLOOKUP(A81,'Product Backlog HUs(1)'!A$1:M$99,2,FALSE) -> Consultar Información de las Marcas de Motocicletas | D81: Sprint 30 | E81: =VLOOKUP(A81,R$1:U$89,3,FALSE) -> 8 | I81: Release 14 | R81: HU1 | S81: S | T81: =VLOOKUP(S81,Tallas!A$1:D$8,4,FALSE) -> 4 | U81: 80
A82: =R80 -> HU41 | B82: =VLOOKUP(A82,'Product Backlog HUs(1)'!A$1:M$99,2,FALSE) -> Consultar Información de la Línea Categoría | D82: Sprint 30 | E82: =VLOOKUP(A82,R$1:U$89,3,FALSE) -> 16 | I82: Release 14 | R82: HU49 | S82: L | T82: =VLOOKUP(S82,Tallas!A$1:D$8,4,FALSE) -> 16 | U82: 81
A83: =R81 -> HU1 | B83: =VLOOKUP(A83,'Product Backlog HUs(1)'!A$1:M$99,2,FALSE) -> Consultar la Información de una Categoría Motocicleta | C83: Sprint 31 | D83: Sprint 31 | E83: =VLOOKUP(A83,R$1:U$89,3,FALSE) -> 4 | F83: =SUM(E83:E85) -> 36 | G83: =SUM(F83:F89) -> 70 | H83: Release 15 | I83: Release 15 | R83: HU11 | S83: L | T83: =VLOOKUP(S83,Tallas!A$1:D$8,4,FALSE) -> 16 | U83: 82
A84: =R82 -> HU49 | B84: =VLOOKUP(A84,'Product Backlog HUs(1)'!A$1:M$99,2,FALSE) -> Consultar Información del Rango Cilindraje | D84: Sprint 31 | E84: =VLOOKUP(A84,R$1:U$89,3,FALSE) -> 16 | I84: Release 15 | R84: HU14 | S84: M | T84: =VLOOKUP(S84,Tallas!A$1:D$8,4,FALSE) -> 8 | U84: 83
A85: =R83 -> HU11 | B85: =VLOOKUP(A85,'Product Backlog HUs(1)'!A$1:M$99,2,FALSE) -> Registrar Información del Diagnóstico | D85: Sprint 31 | E85: =VLOOKUP(A85,R$1:U$89,3,FALSE) -> 16 | I85: Release 15 | R85: HU12 | S85: XS | T85: =VLOOKUP(S85,Tallas!A$1:D$8,4,FALSE) -> 2 | U85: 84
A86: =R84 -> HU14 | B86: =VLOOKUP(A86,'Product Backlog HUs(1)'!A$1:M$99,2,FALSE) -> Consultar Información del Diagnóstico | C86: Sprint 32 | D86: Sprint 32 | E86: =VLOOKUP(A86,R$1:U$89,3,FALSE) -> 8 | F86: =SUM(E86:E89) -> 34 | I86: Release 15 | R86: HU13 | S86: M | T86: =VLOOKUP(S86,Tallas!A$1:D$8,4,FALSE) -> 8 | U86: 85
A87: =R88 -> HU3 | B87: =VLOOKUP(A87,'Product Backlog HUs(1)'!A$1:M$99,2,FALSE) -> Consultar Información de la Calificación | D87: Sprint 32 | E87: =VLOOKUP(A87,R$1:U$89,3,FALSE) -> 16 | I87: Release 15 | R87: HU2 | S87: M | T87: =VLOOKUP(S87,Tallas!A$1:D$8,4,FALSE) -> 8 | U87: 86
A88: =R85 -> HU12 | B88: =VLOOKUP(A88,'Product Backlog HUs(1)'!A$1:M$99,2,FALSE) -> Modificar Información del Diagnóstico | D88: Sprint 32 | E88: =VLOOKUP(A88,R$1:U$89,3,FALSE) -> 2 | I88: Release 15 | R88: HU3 | S88: L | T88: =VLOOKUP(S88,Tallas!A$1:D$8,4,FALSE) -> 16 | U88: 87
A89: =R87 -> HU2 | B89: =VLOOKUP(A89,'Product Backlog HUs(1)'!A$1:M$99,2,FALSE) -> Registrar Información de la Calificación | D89: Sprint 32 | E89: =VLOOKUP(A89,R$1:U$89,3,FALSE) -> 8 | I89: Release 15 | R89: HU48 | S89: M | T89: =VLOOKUP(S89,Tallas!A$1:D$8,4,FALSE) -> 8 | U89: 88
R90: HU89 | T90: =VLOOKUP(S90,Tallas!A$1:D$8,4,FALSE) -> #N/A
R91: HU90 | T91: =VLOOKUP(S91,Tallas!A$1:D$8,4,FALSE) -> #N/A
R92: HU91 | T92: =VLOOKUP(S92,Tallas!A$1:D$8,4,FALSE) -> #N/A
R93: HU92 | T93: =VLOOKUP(S93,Tallas!A$1:D$8,4,FALSE) -> #N/A
R94: HU93 | T94: =VLOOKUP(S94,Tallas!A$1:D$8,4,FALSE) -> #N/A
R95: HU94 | T95: =VLOOKUP(S95,Tallas!A$1:D$8,4,FALSE) -> #N/A
R96: HU95 | T96: =VLOOKUP(S96,Tallas!A$1:D$8,4,FALSE) -> #N/A
R97: HU96 | T97: =VLOOKUP(S97,Tallas!A$1:D$8,4,FALSE) -> #N/A
R98: HU97 | T98: =VLOOKUP(S98,Tallas!A$1:D$8,4,FALSE) -> #N/A
R99: HU98 | T99: =VLOOKUP(S99,Tallas!A$1:D$8,4,FALSE) -> #N/A
T100: Total Horas Proyecto
...

Sheet Product Backlog HUs(1)
A1: Identificador | B1: Nombre Comando/Acción | C1: Nombre Historia | D1: Nombre Historia de Usuario | E1: ¿Quién dispara o ejecuta la Historia? | F1: ¿Qué necesita poder llevar a cabo? | G1: ¿Para qué necesita llevar a cabo esa acción? | H1: Card | I1: Talla | J1: Puntos de historia de usuario | K1: ¿Definition of Ready? | L1: ¿Definition of Done? | M1: Prioridad
A2: HU1 | B2: Consultar la Información de una Categoría Motocicleta | C2: =B2 -> Consultar la Información de una Categoría Motocicleta | D2: =A2&"-"&C2 -> HU1-Consultar la Información de una Categoría Motocicleta | E2: Administrador | F2: =C2 -> Consultar la Información de una Categoría Motocicleta | G2: Poder ofrecer información base sobre las caractisticas de las mototcicletas para la gestion de los servicios ofrecidos por las sedes y hacer recomendaciones mas personalizadas a los usuarios | H2: ="Como "&E2&", necesito "&F2&", para "&G2 -> Como Administrador, necesito Consultar la Información de una Categoría Motocicleta, para Poder ofrecer información base sobre las caractisticas de las mototcicletas para la gestion de los servicios ofrecidos por las sedes y hacer recomendaciones mas personalizadas a los usuarios | I2: S | K2: SI | L2: SI | M2: 17 | Q2: Poder ofrecer información base sobre las caractisticas de las mototcicletas para la gestion de los servicios ofrecidos por las sedes y hacer recomendaciones mas personalizadas a los usuarios
A3: HU2 | B3: Registrar Información de la Calificación | C3: =B3 -> Registrar Información de la Calificación | D3: =A3&"-"&C3 -> HU2-Registrar Información de la Calificación | E3: Usuario | F3: =C3 -> Registrar Información de la Calificación | G3: =Q3 -> Poder calificar los servicios realizados a los vehiculos registrados, con el fin de que pueda contribuir a la estadistica y visualizacion de otros usuarios que quieran hacer uso de los mismos | H3: ="Como "&E3&", necesito "&F3&", para "&G3 -> Como Usuario, necesito Registrar Información de la Calificación, para Poder calificar los servicios realizados a los vehiculos registrados, con el fin de que pueda contribuir a la estadistica y visualizacion de otros usuarios que quieran hacer uso de los mismos | I3: XL | K3: SI | L3: SI | M3: 28 | Q3: Poder calificar los servicios realizados a los vehiculos registrados, con el fin de que pueda contribuir a la estadistica y visualizacion de otros usuarios que quieran hacer uso de los mismos
A4: HU3 | B4: Consultar Información de la Calificación | C4: =B4 -> Consultar Información de la Calificación | D4: =A4&"-"&C4 -> HU3-Consultar Información de la Calificación | E4: Usuario/Representante Sede | F4: =C4 -> Consultar Información de la Calificación | G4: =Q4 -> Poder gestionar los datos de los servicios ofrecidos por cada sede o franquicia con el fin de obtener restroalimentacion a través de la evaluación de los usuarios, permitiendo tomar decisiones estratégicas basadas en la experiencia real del cliente, mejorando la oferta de servicios según la demanda y evaluar aquellos que no aportan valor al negocio | H4: ="Como "&E4&", necesito "&F4&", para "&G4 -> Como Usuario/Representante Sede, necesito Consultar Información de la Calificación, para Poder gestionar los datos de los servicios ofrecidos por cada sede o franquicia con el fin de obtener restroalimentacion a través de la evaluación de los usuarios, permitiendo tomar decisiones estratégicas basadas en la experiencia real del cliente, mejorando la oferta de servicios según la demanda y evaluar aquellos que no aportan valor al negocio | I4: M | L4: SI | M4: 29 | Q4: Poder gestionar los datos de los servicios ofrecidos por cada sede o franquicia con el fin de obtener restroalimentacion a través de la evaluación de los usuarios, permitiendo tomar decisiones estratégicas basadas en la experiencia real del cliente, mejorando la oferta de servicios según la demanda y evaluar aquellos que no aportan valor al negocio
A5: HU4 | B5: Consultar Información de la Ciudad | C5: =B5 -> Consultar Información de la Ciudad | D5: =A5&"-"&C5 -> HU4-Consultar Información de la Ciudad | E5: Representante Sede | F5: =C5 -> Consultar Información de la Ciudad | G5: =Q5 -> Poder gestionar los datos relacionados con la ubicacion, los horarios y el contacto de las sedes que ofrecen los servicios,con el fin de que los usuarios finales puedan tener informacion en tiempo real de manera confiable sobre las sedes | H5: ="Como "&E5&", necesito "&F5&", para "&G5 -> Como Representante Sede, necesito Consultar Información de la Ciudad, para Poder gestionar los datos relacionados con la ubicacion, los horarios y el contacto de las sedes que ofrecen los servicios,con el fin de que los usuarios finales puedan tener informacion en tiempo real de manera confiable sobre las sedes | I5: XS | K5: SI | L5: SI | M5: 18 | Q5: Poder gestionar los datos relacionados con la ubicacion, los horarios y el contacto de las sedes que ofrecen los servicios,con el fin de que los usuarios finales puedan tener informacion en tiempo real de manera confiable sobre las sedes
A6: HU5 | B6: Consultar Información del Departamento | C6: =B6 -> Consultar Información del Departamento | D6: =A6&"-"&C6 -> HU5-Consultar Información del Departamento | E6: Representante Sede | F6: =C6 -> Consultar Información del Departamento | G6: =Q5 -> Poder gestionar los datos relacionados con la ubicacion, los horarios y el contacto de las sedes que ofrecen los servicios,con el fin de que los usuarios finales puedan tener informacion en tiempo real de manera confiable sobre las sedes | H6: ="Como "&E6&", necesito "&F6&", para "&G6 -> Como Representante Sede, necesito Consultar Información del Departamento, para Poder gestionar los datos relacionados con la ubicacion, los horarios y el contacto de las sedes que ofrecen los servicios,con el fin de que los usuarios finales puedan tener informacion en tiempo real de manera confiable sobre las sedes | I6: XS | K6: SI | L6: SI | M6: 19
A7: HU6 | B7: Registrar Información del Detalle Horario | C7: =B7 -> Registrar Información del Detalle Horario | D7: =A7&"-"&C7 -> HU6-Registrar Información del Detalle Horario | E7: Representante Sede | F7: =C7 -> Registrar Información del Detalle Horario | G7: =Q5 -> Poder gestionar los datos relacionados con la ubicacion, los horarios y el contacto de las sedes que ofrecen los servicios,con el fin de que los usuarios finales puedan tener informacion en tiempo real de manera confiable sobre las sedes | H7: ="Como "&E7&", necesito "&F7&", para "&G7 -> Como Representante Sede, necesito Registrar Información del Detalle Horario, para Poder gestionar los datos relacionados con la ubicacion, los horarios y el contacto de las sedes que ofrecen los servicios,con el fin de que los usuarios finales puedan tener informacion en tiempo real de manera confiable sobre las sedes | I7: XL | K7: SI | L7: SI | M7: 13
A8: HU7 | B8: Modificar Información del Detalle Horario | C8: =B8 -> Modificar Información del Detalle Horario | D8: =A8&"-"&C8 -> HU7-Modificar Información del Detalle Horario | E8: Representante Sede | F8: =C8 -> Modificar Información del Detalle Horario | G8: =Q5 -> Poder gestionar los datos relacionados con la ubicacion, los horarios y el contacto de las sedes que ofrecen los servicios,con el fin de que los usuarios finales puedan tener informacion en tiempo real de manera confiable sobre las sedes | H8: ="Como "&E8&", necesito "&F8&", para "&G8 -> Como Representante Sede, necesito Modificar Información del Detalle Horario, para Poder gestionar los datos relacionados con la ubicacion, los horarios y el contacto de las sedes que ofrecen los servicios,con el fin de que los usuarios finales puedan tener informacion en tiempo real de manera confiable sobre las sedes | I8: L | K8: SI | L8: SI | M8: 43
A9: HU8 | B9: Eliminar Información del Detalle Horario | C9: =B9 -> Eliminar Información del Detalle Horario | D9: =A9&"-"&C9 -> HU8-Eliminar Información del Detalle Horario | E9: Representante Sede | F9: =C9 -> Eliminar Información del Detalle Horario | G9: =Q5 -> Poder gestionar los datos relacionados con la ubicacion, los horarios y el contacto de las sedes que ofrecen los servicios,con el fin de que los usuarios finales puedan tener informacion en tiempo real de manera confiable sobre las sedes | H9: ="Como "&E9&", necesito "&F9&", para "&G9 -> Como Representante Sede, necesito Eliminar Información del Detalle Horario, para Poder gestionar los datos relacionados con la ubicacion, los horarios y el contacto de las sedes que ofrecen los servicios,con el fin de que los usuarios finales puedan tener informacion en tiempo real de manera confiable sobre las sedes | I9: L | K9: SI | L9: SI | M9: 45
A10: HU9 | B10: Consultar Información del Detalle Horario | C10: =B10 -> Consultar Información del Detalle Horario | D10: =A10&"-"&C10 -> HU9-Consultar Información del Detalle Horario | E10: Usuario/Representante Sede | F10: =C10 -> Consultar Información del Detalle Horario | G10: =Q5 -> Poder gestionar los datos relacionados con la ubicacion, los horarios y el contacto de las sedes que ofrecen los servicios,con el fin de que los usuarios finales puedan tener informacion en tiempo real de manera confiable sobre las sedes | H10: ="Como "&E10&", necesito "&F10&", para "&G10 -> Como Usuario/Representante Sede, necesito Consultar Información del Detalle Horario, para Poder gestionar los datos relacionados con la ubicacion, los horarios y el contacto de las sedes que ofrecen los servicios,con el fin de que los usuarios finales puedan tener informacion en tiempo real de manera confiable sobre las sedes | I10: S | K10: SI | L10: SI | M10: 46
A11: HU10 | B11: Consultar Información del Día | C11: =B11 -> Consultar Información del Día | D11: =A11&"-"&C11 -> HU10-Consultar Información del Día | E11: Usuario/Representante Sede | F11: =C11 -> Consultar Información del Día | G11: =Q5 -> Poder gestionar los datos relacionados con la ubicacion, los horarios y el contacto de las sedes que ofrecen los servicios,con el fin de que los usuarios finales puedan tener informacion en tiempo real de manera confiable sobre las sedes | H11: ="Como "&E11&", necesito "&F11&", para "&G11 -> Como Usuario/Representante Sede, necesito Consultar Información del Día, para Poder gestionar los datos relacionados con la ubicacion, los horarios y el contacto de las sedes que ofrecen los servicios,con el fin de que los usuarios finales puedan tener informacion en tiempo real de manera confiable sobre las sedes | I11: XS | K11: SI | L11: SI | M11: 20
A12: HU11 | B12: Registrar Información del Diagnóstico | C12: =B12 -> Registrar Información del Diagnóstico | D12: =A12&"-"&C12 -> HU11-Registrar Información del Diagnóstico | E12: Usuario | F12: =C12 -> Registrar Información del Diagnóstico | G12: =Q12 -> Garantizar que la información de las motocicletas sea precisa y alineada con los problemas reportados por los usuarios con el fin de una mejor orientación del servicio, una toma de decisiones más informada por parte de la sede, y una experiencia de atención más confiable para el cliente | H12: ="Como "&E12&", necesito "&F12&", para "&G12 -> Como Usuario, necesito Registrar Información del Diagnóstico, para Garantizar que la información de las motocicletas sea precisa y alineada con los problemas reportados por los usuarios con el fin de una mejor orientación del servicio, una toma de decisiones más informada por parte de la sede, y una experiencia de atención más confiable para el cliente | I12: L | K12: SI | L12: SI | M12: 39 | Q12: Garantizar que la información de las motocicletas sea precisa y alineada con los problemas reportados por los usuarios con el fin de una mejor orientación del servicio, una toma de decisiones más informada por parte de la sede, y una experiencia de atención más confiable para el cliente
A13: HU12 | B13: Modificar Información del Diagnóstico | C13: =B13 -> Modificar Información del Diagnóstico | D13: =A13&"-"&C13 -> HU12-Modificar Información del Diagnóstico | E13: Usuario | F13: =C13 -> Modificar Información del Diagnóstico | G13: =Q12 -> Garantizar que la información de las motocicletas sea precisa y alineada con los problemas reportados por los usuarios con el fin de una mejor orientación del servicio, una toma de decisiones más informada por parte de la sede, y una experiencia de atención más confiable para el cliente | H13: ="Como "&E13&", necesito "&F13&", para "&G13 -> Como Usuario, necesito Modificar Información del Diagnóstico, para Garantizar que la información de las motocicletas sea precisa y alineada con los problemas reportados por los usuarios con el fin de una mejor orientación del servicio, una toma de decisiones más informada por parte de la sede, y una experiencia de atención más confiable para el cliente | I13: L | K13: SI | L13: SI | M13: 47
A14: HU13 | B14: Eliminar Información del Diagnóstico | C14: =B14 -> Eliminar Información del Diagnóstico | D14: =A14&"-"&C14 -> HU13-Eliminar Información del Diagnóstico | E14: Usuario | F14: =C14 -> Eliminar Información del Diagnóstico | G14: =Q12 -> Garantizar que la información de las motocicletas sea precisa y alineada con los problemas reportados por los usuarios con el fin de una mejor orientación del servicio, una toma de decisiones más informada por parte de la sede, y una experiencia de atención más confiable para el cliente | H14: ="Como "&E14&", necesito "&F14&", para "&G14 -> Como Usuario, necesito Eliminar Información del Diagnóstico, para Garantizar que la información de las motocicletas sea precisa y alineada con los problemas reportados por los usuarios con el fin de una mejor orientación del servicio, una toma de decisiones más informada por parte de la sede, y una experiencia de atención más confiable para el cliente | I14: M | K14: SI | L14: SI | M14: 48
A15: HU14 | B15: Consultar Información del Diagnóstico | C15: =B15 -> Consultar Información del Diagnóstico | D15: =A15&"-"&C15 -> HU14-Consultar Información del Diagnóstico | E15: Representante sede | F15: =C15 -> Consultar Información del Diagnóstico | G15: =Q12 -> Garantizar que la información de las motocicletas sea precisa y alineada con los problemas reportados por los usuarios con el fin de una mejor orientación del servicio, una toma de decisiones más informada por parte de la sede, y una experiencia de atención más confiable para el cliente | H15: ="Como "&E15&", necesito "&F15&", para "&G15 -> Como Representante sede, necesito Consultar Información del Diagnóstico, para Garantizar que la información de las motocicletas sea precisa y alineada con los problemas reportados por los usuarios con el fin de una mejor orientación del servicio, una toma de decisiones más informada por parte de la sede, y una experiencia de atención más confiable para el cliente | I15: S | K15: SI | L15: SI | M15: 40
A16: HU15 | B16: Consultar Información del Estado del Servicio Realizado | C16: =B16 -> Consultar Información del Estado del Servicio Realizado | D16: =A16&"-"&C16 -> HU15-Consultar Información del Estado del Servicio Realizado | E16: Representante Sede | F16: =C16 -> Consultar Información del Estado del Servicio Realizado | G16: =Q16 -> Notificar al usuario cada etapa del servicio, en especial cuando termina para, mejorar la comunicación y reducir incertidumbre durante el proceso de atención. Esto ayuda a tener una experiencia más confiable y le da la facilidad al cliente de planificar la recogida de la motocicleta | H16: ="Como "&E16&", necesito "&F16&", para "&G16 -> Como Representante Sede, necesito Consultar Información del Estado del Servicio Realizado, para Notificar al usuario cada etapa del servicio, en especial cuando termina para, mejorar la comunicación y reducir incertidumbre durante el proceso de atención. Esto ayuda a tener una experiencia más confiable y le da la facilidad al cliente de planificar la recogida de la motocicleta | I16: XL | K16: SI | L16: SI | M16: 21 | Q16: Notificar al usuario cada etapa del servicio, en especial cuando termina para, mejorar la comunicación y reducir incertidumbre durante el proceso de atención. Esto ayuda a tener una experiencia más confiable y le da la facilidad al cliente de planificar la recogida de la motocicleta
A17: HU16 | B17: Cargar Evidencia Fotográfica de la Motocicleta | C17: =B17 -> Cargar Evidencia Fotográfica de la Motocicleta | D17: =A17&"-"&C17 -> HU16-Cargar Evidencia Fotográfica de la Motocicleta | E17: Usuario | F17: =C17 -> Cargar Evidencia Fotográfica de la Motocicleta | G17: =Q17 -> Poder administrar el perfil con los datos de la motocicleta facilitando la comunicacion entre el representante sede y el usuario, de esta forma pueder obtener una respuesta o diagnostico con mayor precision | H17: ="Como "&E17&", necesito "&F17&", para "&G17 -> Como Usuario, necesito Cargar Evidencia Fotográfica de la Motocicleta, para Poder administrar el perfil con los datos de la motocicleta facilitando la comunicacion entre el representante sede y el usuario, de esta forma pueder obtener una respuesta o diagnostico con mayor precision | I17: M | K17: SI | L17: SI | M17: 41 | Q17: Poder administrar el perfil con los datos de la motocicleta facilitando la comunicacion entre el representante sede y el usuario, de esta forma pueder obtener una respuesta o diagnostico con mayor precision
A18: HU17 | B18: Actualizar Evidencia Fotográfica de la Motocicleta | C18: =B18 -> Actualizar Evidencia Fotográfica de la Motocicleta | D18: =A18&"-"&C18 -> HU17-Actualizar Evidencia Fotográfica de la Motocicleta | E18: Usuario | F18: =C18 -> Actualizar Evidencia Fotográfica de la Motocicleta | G18: =Q17 -> Poder administrar el perfil con los datos de la motocicleta facilitando la comunicacion entre el representante sede y el usuario, de esta forma pueder obtener una respuesta o diagnostico con mayor precision | H18: ="Como "&E18&", necesito "&F18&", para "&G18 -> Como Usuario, necesito Actualizar Evidencia Fotográfica de la Motocicleta, para Poder administrar el perfil con los datos de la motocicleta facilitando la comunicacion entre el representante sede y el usuario, de esta forma pueder obtener una respuesta o diagnostico con mayor precision | I18: M | K18: SI | L18: SI | M18: 49
A19: HU18 | B19: Consultar Evidencia Fotográfica de la Motocicleta | C19: =B19 -> Consultar Evidencia Fotográfica de la Motocicleta | D19: =A19&"-"&C19 -> HU18-Consultar Evidencia Fotográfica de la Motocicleta | E19: Usuario/Representante Sede | F19: =C19 -> Consultar Evidencia Fotográfica de la Motocicleta | G19: =Q86 -> Poder visualizar el perfil del usuario y los datos asociados a su motocicleta facilitando una atención más precisa obteniendo características de la motocicleta en cuestión para, mejorar el diagnóstico reducir tiempos de atención y ofrecer al cliente un servicio más alineado con sus necesidades | H19: ="Como "&E19&", necesito "&F19&", para "&G19 -> Como Usuario/Representante Sede, necesito Consultar Evidencia Fotográfica de la Motocicleta, para Poder visualizar el perfil del usuario y los datos asociados a su motocicleta facilitando una atención más precisa obteniendo características de la motocicleta en cuestión para, mejorar el diagnóstico reducir tiempos de atención y ofrecer al cliente un servicio más alineado con sus necesidades | I19: S | K19: SI | L19: SI | M19: 50
A20: HU19 | B20: Eliminar Evidencia Fotográfica de la Motocicleta | C20: =B20 -> Eliminar Evidencia Fotográfica de la Motocicleta | D20: =A20&"-"&C20 -> HU19-Eliminar Evidencia Fotográfica de la Motocicleta | E20: Usuario | F20: =C20 -> Eliminar Evidencia Fotográfica de la Motocicleta | G20: =Q17 -> Poder administrar el perfil con los datos de la motocicleta facilitando la comunicacion entre el representante sede y el usuario, de esta forma pueder obtener una respuesta o diagnostico con mayor precision | H20: ="Como "&E20&", necesito "&F20&", para "&G20 -> Como Usuario, necesito Eliminar Evidencia Fotográfica de la Motocicleta, para Poder administrar el perfil con los datos de la motocicleta facilitando la comunicacion entre el representante sede y el usuario, de esta forma pueder obtener una respuesta o diagnostico con mayor precision | I20: M | K20: SI | L20: SI | M20: 42
A21: HU20 | B21: Registrar Información de la Excepción de Horario | C21: =B21 -> Registrar Información de la Excepción de Horario | D21: =A21&"-"&C21 -> HU20-Registrar Información de la Excepción de Horario | E21: Representante Sede | F21: =C21 -> Registrar Información de la Excepción de Horario | G21: =Q5 -> Poder gestionar los datos relacionados con la ubicacion, los horarios y el contacto de las sedes que ofrecen los servicios,con el fin de que los usuarios finales puedan tener informacion en tiempo real de manera confiable sobre las sedes | H21: ="Como "&E21&", necesito "&F21&", para "&G21 -> Como Representante Sede, necesito Registrar Información de la Excepción de Horario, para Poder gestionar los datos relacionados con la ubicacion, los horarios y el contacto de las sedes que ofrecen los servicios,con el fin de que los usuarios finales puedan tener informacion en tiempo real de manera confiable sobre las sedes | I21: XL | K21: SI | L21: SI | M21: 51
A22: HU21 | B22: Modificar Información de la Excepción Horario | C22: =B22 -> Modificar Información de la Excepción Horario | D22: =A22&"-"&C22 -> HU21-Modificar Información de la Excepción Horario | E22: Representante Sede | F22: =C22 -> Modificar Información de la Excepción Horario | G22: =Q5 -> Poder gestionar los datos relacionados con la ubicacion, los horarios y el contacto de las sedes que ofrecen los servicios,con el fin de que los usuarios finales puedan tener informacion en tiempo real de manera confiable sobre las sedes | H22: ="Como "&E22&", necesito "&F22&", para "&G22 -> Como Representante Sede, necesito Modificar Información de la Excepción Horario, para Poder gestionar los datos relacionados con la ubicacion, los horarios y el contacto de las sedes que ofrecen los servicios,con el fin de que los usuarios finales puedan tener informacion en tiempo real de manera confiable sobre las sedes | I22: L | K22: SI | L22: SI | M22: 52
A23: HU22 | B23: Eliminar Información de la Excepción Horario | C23: =B23 -> Eliminar Información de la Excepción Horario | D23: =A23&"-"&C23 -> HU22-Eliminar Información de la Excepción Horario | E23: Representante Sede | F23: =C23 -> Eliminar Información de la Excepción Horario | G23: =Q5 -> Poder gestionar los datos relacionados con la ubicacion, los horarios y el contacto de las sedes que ofrecen los servicios,con el fin de que los usuarios finales puedan tener informacion en tiempo real de manera confiable sobre las sedes | H23: ="Como "&E23&", necesito "&F23&", para "&G23 -> Como Representante Sede, necesito Eliminar Información de la Excepción Horario, para Poder gestionar los datos relacionados con la ubicacion, los horarios y el contacto de las sedes que ofrecen los servicios,con el fin de que los usuarios finales puedan tener informacion en tiempo real de manera confiable sobre las sedes | I23: M | K23: SI | L23: SI | M23: 53
A24: HU23 | B24: Consultar Información de la Excepción Horario | C24: =B24 -> Consultar Información de la Excepción Horario | D24: =A24&"-"&C24 -> HU23-Consultar Información de la Excepción Horario | E24: Usuario/Representante Sede | F24: =C24 -> Consultar Información de la Excepción Horario | G24: =Q5 -> Poder gestionar los datos relacionados con la ubicacion, los horarios y el contacto de las sedes que ofrecen los servicios,con el fin de que los usuarios finales puedan tener informacion en tiempo real de manera confiable sobre las sedes | H24: ="Como "&E24&", necesito "&F24&", para "&G24 -> Como Usuario/Representante Sede, necesito Consultar Información de la Excepción Horario, para Poder gestionar los datos relacionados con la ubicacion, los horarios y el contacto de las sedes que ofrecen los servicios,con el fin de que los usuarios finales puedan tener informacion en tiempo real de manera confiable sobre las sedes | I24: S | K24: SI | L24: SI | M24: 54
A25: HU24 | B25: Activar la Excepción Horario | C25: =B25 -> Activar la Excepción Horario | D25: =A25&"-"&C25 -> HU24-Activar la Excepción Horario | E25: Representante Sede | F25: =C25 -> Activar la Excepción Horario | G25: =Q5 -> Poder gestionar los datos relacionados con la ubicacion, los horarios y el contacto de las sedes que ofrecen los servicios,con el fin de que los usuarios finales puedan tener informacion en tiempo real de manera confiable sobre las sedes | H25: ="Como "&E25&", necesito "&F25&", para "&G25 -> Como Representante Sede, necesito Activar la Excepción Horario, para Poder gestionar los datos relacionados con la ubicacion, los horarios y el contacto de las sedes que ofrecen los servicios,con el fin de que los usuarios finales puedan tener informacion en tiempo real de manera confiable sobre las sedes | I25: S | K25: SI | L25: SI | M25: 55
A26: HU25 | B26: Desactivar la Excepción Horario | C26: =B26 -> Desactivar la Excepción Horario | D26: =A26&"-"&C26 -> HU25-Desactivar la Excepción Horario | E26: Representante Sede | F26: =C26 -> Desactivar la Excepción Horario | G26: =Q5 -> Poder gestionar los datos relacionados con la ubicacion, los horarios y el contacto de las sedes que ofrecen los servicios,con el fin de que los usuarios finales puedan tener informacion en tiempo real de manera confiable sobre las sedes | H26: ="Como "&E26&", necesito "&F26&", para "&G26 -> Como Representante Sede, necesito Desactivar la Excepción Horario, para Poder gestionar los datos relacionados con la ubicacion, los horarios y el contacto de las sedes que ofrecen los servicios,con el fin de que los usuarios finales puedan tener informacion en tiempo real de manera confiable sobre las sedes | I26: S | K26: SI | L26: SI | M26: 14
A27: HU26 | B27: Registrar Información de la Franquicia | C27: =B27 -> Registrar Información de la Franquicia | D27: =A27&"-"&C27 -> HU26-Registrar Información de la Franquicia | E27: Representante Sede | F27: =C27 -> Registrar Información de la Franquicia | G27: =Q4 -> Poder gestionar los datos de los servicios ofrecidos por cada sede o franquicia con el fin de obtener restroalimentacion a través de la evaluación de los usuarios, permitiendo tomar decisiones estratégicas basadas en la experiencia real del cliente, mejorando la oferta de servicios según la demanda y evaluar aquellos que no aportan valor al negocio | H27: ="Como "&E27&", necesito "&F27&", para "&G27 -> Como Representante Sede, necesito Registrar Información de la Franquicia, para Poder gestionar los datos de los servicios ofrecidos por cada sede o franquicia con el fin de obtener restroalimentacion a través de la evaluación de los usuarios, permitiendo tomar decisiones estratégicas basadas en la experiencia real del cliente, mejorando la oferta de servicios según la demanda y evaluar aquellos que no aportan valor al negocio | I27: M | K27: SI | L27: SI | M27: 4
A28: HU27 | B28: Modificar Información de la Franquicia | C28: =B28 -> Modificar Información de la Franquicia | D28: =A28&"-"&C28 -> HU27-Modificar Información de la Franquicia | E28: Representante Sede | F28: =C28 -> Modificar Información de la Franquicia | G28: =Q4 -> Poder gestionar los datos de los servicios ofrecidos por cada sede o franquicia con el fin de obtener restroalimentacion a través de la evaluación de los usuarios, permitiendo tomar decisiones estratégicas basadas en la experiencia real del cliente, mejorando la oferta de servicios según la demanda y evaluar aquellos que no aportan valor al negocio | H28: ="Como "&E28&", necesito "&F28&", para "&G28 -> Como Representante Sede, necesito Modificar Información de la Franquicia, para Poder gestionar los datos de los servicios ofrecidos por cada sede o franquicia con el fin de obtener restroalimentacion a través de la evaluación de los usuarios, permitiendo tomar decisiones estratégicas basadas en la experiencia real del cliente, mejorando la oferta de servicios según la demanda y evaluar aquellos que no aportan valor al negocio | I28: M | K28: SI | L28: SI | M28: 87
A29: HU28 | B29: Eliminar Información de la Franquicia | C29: =B29 -> Eliminar Información de la Franquicia | D29: =A29&"-"&C29 -> HU28-Eliminar Información de la Franquicia | E29: Representante Sede | F29: =C29 -> Eliminar Información de la Franquicia | G29: =Q4 -> Poder gestionar los datos de los servicios ofrecidos por cada sede o franquicia con el fin de obtener restroalimentacion a través de la evaluación de los usuarios, permitiendo tomar decisiones estratégicas basadas en la experiencia real del cliente, mejorando la oferta de servicios según la demanda y evaluar aquellos que no aportan valor al negocio | H29: ="Como "&E29&", necesito "&F29&", para "&G29 -> Como Representante Sede, necesito Eliminar Información de la Franquicia, para Poder gestionar los datos de los servicios ofrecidos por cada sede o franquicia con el fin de obtener restroalimentacion a través de la evaluación de los usuarios, permitiendo tomar decisiones estratégicas basadas en la experiencia real del cliente, mejorando la oferta de servicios según la demanda y evaluar aquellos que no aportan valor al negocio | I29: L | K29: SI | L29: SI | M29: 86
A30: HU29 | B30: Consultar Información de la Franquicia | C30: =B30 -> Consultar Información de la Franquicia | D30: =A30&"-"&C30 -> HU29-Consultar Información de la Franquicia | E30: Representante Sede | F30: =C30 -> Consultar Información de la Franquicia | G30: =Q30 -> Acceder a los datos detallados y actualizados sobre los servicios ofrecidos por cada sede, sin necesidad de que el usuario tenga que desplazarse, mejorando la toma de decisiones y reducir los tiempos de espera, haciendo que la atención sea más ágil, personalizada y centrada en las necesidades del cliente | H30: ="Como "&E30&", necesito "&F30&", para "&G30 -> Como Representante Sede, necesito Consultar Información de la Franquicia, para Acceder a los datos detallados y actualizados sobre los servicios ofrecidos por cada sede, sin necesidad de que el usuario tenga que desplazarse, mejorando la toma de decisiones y reducir los tiempos de espera, haciendo que la atención sea más ágil, personalizada y centrada en las necesidades del cliente | I30: XS | K30: SI | L30: SI | M30: 85 | Q30: Acceder a los datos detallados y actualizados sobre los servicios ofrecidos por cada sede, sin necesidad de que el usuario tenga que desplazarse, mejorando la toma de decisiones y reducir los tiempos de espera, haciendo que la atención sea más ágil, personalizada y centrada en las necesidades del cliente
A31: HU30 | B31: Registrar Información del Horario Sede | C31: =B31 -> Registrar Información del Horario Sede | D31: =A31&"-"&C31 -> HU30-Registrar Información del Horario Sede | E31: Representante Sede | F31: Registrar Información del Horario Sede | G31: =Q5 -> Poder gestionar los datos relacionados con la ubicacion, los horarios y el contacto de las sedes que ofrecen los servicios,con el fin de que los usuarios finales puedan tener informacion en tiempo real de manera confiable sobre las sedes | H31: ="Como "&E31&", necesito "&F31&", para "&G31 -> Como Representante Sede, necesito Registrar Información del Horario Sede, para Poder gestionar los datos relacionados con la ubicacion, los horarios y el contacto de las sedes que ofrecen los servicios,con el fin de que los usuarios finales puedan tener informacion en tiempo real de manera confiable sobre las sedes | I31: XL | K31: SI | L31: SI | M31: 15
A32: HU31 | B32: Modificar Información del Horario Sede | C32: =B32 -> Modificar Información del Horario Sede | D32: =A32&"-"&C32 -> HU31-Modificar Información del Horario Sede | E32: Representante Sede | F32: Modificar Información del Horario Sede | G32: =Q5 -> Poder gestionar los datos relacionados con la ubicacion, los horarios y el contacto de las sedes que ofrecen los servicios,con el fin de que los usuarios finales puedan tener informacion en tiempo real de manera confiable sobre las sedes | H32: ="Como "&E32&", necesito "&F32&", para "&G32 -> Como Representante Sede, necesito Modificar Información del Horario Sede, para Poder gestionar los datos relacionados con la ubicacion, los horarios y el contacto de las sedes que ofrecen los servicios,con el fin de que los usuarios finales puedan tener informacion en tiempo real de manera confiable sobre las sedes | I32: M | K32: SI | L32: SI | M32: 56
A33: HU32 | B33: Consultar Información del Horario Sede | C33: =B33 -> Consultar Información del Horario Sede | D33: =A33&"-"&C33 -> HU32-Consultar Información del Horario Sede | E33: Usuario | F33: Consultar Información del Horario Sede | G33: =Q5 -> Poder gestionar los datos relacionados con la ubicacion, los horarios y el contacto de las sedes que ofrecen los servicios,con el fin de que los usuarios finales puedan tener informacion en tiempo real de manera confiable sobre las sedes | H33: ="Como "&E33&", necesito "&F33&", para "&G33 -> Como Usuario, necesito Consultar Información del Horario Sede, para Poder gestionar los datos relacionados con la ubicacion, los horarios y el contacto de las sedes que ofrecen los servicios,con el fin de que los usuarios finales puedan tener informacion en tiempo real de manera confiable sobre las sedes | I33: XS | K33: SI | L33: SI | M33: 57
A34: HU33 | B34: Eliminar Información del Horario Sede | C34: =B34 -> Eliminar Información del Horario Sede | D34: =A34&"-"&C34 -> HU33-Eliminar Información del Horario Sede | E34: Representante Sede | F34: Eliminar Información del Horario Sede | G34: =Q5 -> Poder gestionar los datos relacionados con la ubicacion, los horarios y el contacto de las sedes que ofrecen los servicios,con el fin de que los usuarios finales puedan tener informacion en tiempo real de manera confiable sobre las sedes | H34: ="Como "&E34&", necesito "&F34&", para "&G34 -> Como Representante Sede, necesito Eliminar Información del Horario Sede, para Poder gestionar los datos relacionados con la ubicacion, los horarios y el contacto de las sedes que ofrecen los servicios,con el fin de que los usuarios finales puedan tener informacion en tiempo real de manera confiable sobre las sedes | I34: M | K34: SI | L34: SI | M34: 58
A35: HU34 | B35: Activar el Horario Sede | C35: =B35 -> Activar el Horario Sede | D35: =A35&"-"&C35 -> HU34-Activar el Horario Sede | E35: Representante Sede | F35: Activar el Horario Sede | G35: =Q5 -> Poder gestionar los datos relacionados con la ubicacion, los horarios y el contacto de las sedes que ofrecen los servicios,con el fin de que los usuarios finales puedan tener informacion en tiempo real de manera confiable sobre las sedes | H35: ="Como "&E35&", necesito "&F35&", para "&G35 -> Como Representante Sede, necesito Activar el Horario Sede, para Poder gestionar los datos relacionados con la ubicacion, los horarios y el contacto de las sedes que ofrecen los servicios,con el fin de que los usuarios finales puedan tener informacion en tiempo real de manera confiable sobre las sedes | I35: S | K35: SI | L35: SI | M35: 59
A36: HU35 | B36: Desactivar el Horario Sede | C36: =B36 -> Desactivar el Horario Sede | D36: =A36&"-"&C36 -> HU35-Desactivar el Horario Sede | E36: Representante Sede | F36: Desactivar el Horario Sede | G36: =Q5 -> Poder gestionar los datos relacionados con la ubicacion, los horarios y el contacto de las sedes que ofrecen los servicios,con el fin de que los usuarios finales puedan tener informacion en tiempo real de manera confiable sobre las sedes | H36: ="Como "&E36&", necesito "&F36&", para "&G36 -> Como Representante Sede, necesito Desactivar el Horario Sede, para Poder gestionar los datos relacionados con la ubicacion, los horarios y el contacto de las sedes que ofrecen los servicios,con el fin de que los usuarios finales puedan tener informacion en tiempo real de manera confiable sobre las sedes | I36: S | K36: SI | L36: SI | M36: 16
A37: HU36 | B37: Agregar la imagen de la Motocicleta | C37: =B37 -> Agregar la imagen de la Motocicleta | D37: =A37&"-"&C37 -> HU36-Agregar la imagen de la Motocicleta | E37: Usuario | F37: =C37 -> Agregar la imagen de la Motocicleta | G37: =Q17 -> Poder administrar el perfil con los datos de la motocicleta facilitando la comunicacion entre el representante sede y el usuario, de esta forma pueder obtener una respuesta o diagnostico con mayor precision | H37: ="Como "&E37&", necesito "&F37&", para "&G37 -> Como Usuario, necesito Agregar la imagen de la Motocicleta, para Poder administrar el perfil con los datos de la motocicleta facilitando la comunicacion entre el representante sede y el usuario, de esta forma pueder obtener una respuesta o diagnostico con mayor precision | I37: M | K37: SI | L37: SI | M37: 36
A38: HU37 | B38: Actualizar la Imagen de la Motocicleta | C38: =B38 -> Actualizar la Imagen de la Motocicleta | D38: =A38&"-"&C38 -> HU37-Actualizar la Imagen de la Motocicleta | E38: Usuario | F38: =C38 -> Actualizar la Imagen de la Motocicleta | G38: =Q17 -> Poder administrar el perfil con los datos de la motocicleta facilitando la comunicacion entre el representante sede y el usuario, de esta forma pueder obtener una respuesta o diagnostico con mayor precision | H38: ="Como "&E38&", necesito "&F38&", para "&G38 -> Como Usuario, necesito Actualizar la Imagen de la Motocicleta, para Poder administrar el perfil con los datos de la motocicleta facilitando la comunicacion entre el representante sede y el usuario, de esta forma pueder obtener una respuesta o diagnostico con mayor precision | I38: M | K38: SI | L38: SI | M38: 60
A39: HU38 | B39: Consultar la Imagen de la Motocicleta | C39: =B39 -> Consultar la Imagen de la Motocicleta | D39: =A39&"-"&C39 -> HU38-Consultar la Imagen de la Motocicleta | E39: Usuario | F39: =C39 -> Consultar la Imagen de la Motocicleta | G39: =Q17 -> Poder administrar el perfil con los datos de la motocicleta facilitando la comunicacion entre el representante sede y el usuario, de esta forma pueder obtener una respuesta o diagnostico con mayor precision | H39: ="Como "&E39&", necesito "&F39&", para "&G39 -> Como Usuario, necesito Consultar la Imagen de la Motocicleta, para Poder administrar el perfil con los datos de la motocicleta facilitando la comunicacion entre el representante sede y el usuario, de esta forma pueder obtener una respuesta o diagnostico con mayor precision | I39: S | K39: SI | L39: SI | M39: 61
A40: HU39 | B40: Eliminar la Imagen de la Motocicleta | C40: =B40 -> Eliminar la Imagen de la Motocicleta | D40: =A40&"-"&C40 -> HU39-Eliminar la Imagen de la Motocicleta | E40: Usuario | F40: =C40 -> Eliminar la Imagen de la Motocicleta | G40: =Q17 -> Poder administrar el perfil con los datos de la motocicleta facilitando la comunicacion entre el representante sede y el usuario, de esta forma pueder obtener una respuesta o diagnostico con mayor precision | H40: ="Como "&E40&", necesito "&F40&", para "&G40 -> Como Usuario, necesito Eliminar la Imagen de la Motocicleta, para Poder administrar el perfil con los datos de la motocicleta facilitando la comunicacion entre el representante sede y el usuario, de esta forma pueder obtener una respuesta o diagnostico con mayor precision | I40: XS | K40: SI | L40: SI | M40: 62
A41: HU40 | B41: Consultar Información de las líneas de una marca de motocicletas | C41: =B41 -> Consultar Información de las líneas de una marca de motocicletas | D41: =A41&"-"&C41 -> HU40-Consultar Información de las líneas de una marca de motocicletas | E41: Administrador | F41: =C41 -> Consultar Información de las líneas de una marca de motocicletas | G41: =Q41 -> Poder gestionar los datos de los servicios y los tipos de servicio que la sede puede ofrecerle a los usuarios, categorías o referencias de motos, específicamente para facilitar que los usuarios encuentren la oferta más cercana y alineada a sus necesidades reales. | H41: ="Como "&E41&", necesito "&F41&", para "&G41 -> Como Administrador, necesito Consultar Información de las líneas de una marca de motocicletas, para Poder gestionar los datos de los servicios y los tipos de servicio que la sede puede ofrecerle a los usuarios, categorías o referencias de motos, específicamente para facilitar que los usuarios encuentren la oferta más cercana y alineada a sus necesidades reales. | I41: XS | K41: SI | L41: SI | M41: 22 | Q41: Poder gestionar los datos de los servicios y los tipos de servicio que la sede puede ofrecerle a los usuarios, categorías o referencias de motos, específicamente para facilitar que los usuarios encuentren la oferta más cercana y alineada a sus necesidades reales.
A42: HU41 | B42: Consultar Información de la Línea Categoría | C42: =B42 -> Consultar Información de la Línea Categoría | D42: =A42&"-"&C42 -> HU41-Consultar Información de la Línea Categoría | E42: Administrador | F42: =C42 -> Consultar Información de la Línea Categoría | G42: =Q41 -> Poder gestionar los datos de los servicios y los tipos de servicio que la sede puede ofrecerle a los usuarios, categorías o referencias de motos, específicamente para facilitar que los usuarios encuentren la oferta más cercana y alineada a sus necesidades reales. | H42: ="Como "&E42&", necesito "&F42&", para "&G42 -> Como Administrador, necesito Consultar Información de la Línea Categoría, para Poder gestionar los datos de los servicios y los tipos de servicio que la sede puede ofrecerle a los usuarios, categorías o referencias de motos, específicamente para facilitar que los usuarios encuentren la oferta más cercana y alineada a sus necesidades reales. | I42: XS | K42: SI | L42: SI | M42: 14
A43: HU42 | B43: Consultar Información de las Marcas de Motocicletas | C43: =B43 -> Consultar Información de las Marcas de Motocicletas | D43: =A43&"-"&C43 -> HU42-Consultar Información de las Marcas de Motocicletas | E43: Administrador | F43: =C43 -> Consultar Información de las Marcas de Motocicletas | G43: =Q41 -> Poder gestionar los datos de los servicios y los tipos de servicio que la sede puede ofrecerle a los usuarios, categorías o referencias de motos, específicamente para facilitar que los usuarios encuentren la oferta más cercana y alineada a sus necesidades reales. | H43: ="Como "&E43&", necesito "&F43&", para "&G43 -> Como Administrador, necesito Consultar Información de las Marcas de Motocicletas, para Poder gestionar los datos de los servicios y los tipos de servicio que la sede puede ofrecerle a los usuarios, categorías o referencias de motos, específicamente para facilitar que los usuarios encuentren la oferta más cercana y alineada a sus necesidades reales. | I43: XS | K43: SI | L43: SI | M43: 23
A44: HU43 | B44: Registrar Información de la Motocicleta | C44: =B44 -> Registrar Información de la Motocicleta | D44: =A44&"-"&C44 -> HU43-Registrar Información de la Motocicleta | E44: Usuario | F44: =C44 -> Registrar Información de la Motocicleta | G44: =Q17 -> Poder administrar el perfil con los datos de la motocicleta facilitando la comunicacion entre el representante sede y el usuario, de esta forma pueder obtener una respuesta o diagnostico con mayor precision | H44: ="Como "&E44&", necesito "&F44&", para "&G44 -> Como Usuario, necesito Registrar Información de la Motocicleta, para Poder administrar el perfil con los datos de la motocicleta facilitando la comunicacion entre el representante sede y el usuario, de esta forma pueder obtener una respuesta o diagnostico con mayor precision | I44: XL | K44: SI | L44: SI | M44: 37
A45: HU44 | B45: Modificar Información de la Motocicleta | C45: =B45 -> Modificar Información de la Motocicleta | D45: =A45&"-"&C45 -> HU44-Modificar Información de la Motocicleta | E45: Usuario | F45: =C45 -> Modificar Información de la Motocicleta | G45: =Q17 -> Poder administrar el perfil con los datos de la motocicleta facilitando la comunicacion entre el representante sede y el usuario, de esta forma pueder obtener una respuesta o diagnostico con mayor precision | H45: ="Como "&E45&", necesito "&F45&", para "&G45 -> Como Usuario, necesito Modificar Información de la Motocicleta, para Poder administrar el perfil con los datos de la motocicleta facilitando la comunicacion entre el representante sede y el usuario, de esta forma pueder obtener una respuesta o diagnostico con mayor precision | I45: XL | K45: SI | L45: SI | M45: 63
A46: HU45 | B46: Eliminar Información de la Motocicleta | C46: =B46 -> Eliminar Información de la Motocicleta | D46: =A46&"-"&C46 -> HU45-Eliminar Información de la Motocicleta | E46: Usuario | F46: =C46 -> Eliminar Información de la Motocicleta | G46: =Q17 -> Poder administrar el perfil con los datos de la motocicleta facilitando la comunicacion entre el representante sede y el usuario, de esta forma pueder obtener una respuesta o diagnostico con mayor precision | H46: ="Como "&E46&", necesito "&F46&", para "&G46 -> Como Usuario, necesito Eliminar Información de la Motocicleta, para Poder administrar el perfil con los datos de la motocicleta facilitando la comunicacion entre el representante sede y el usuario, de esta forma pueder obtener una respuesta o diagnostico con mayor precision | I46: L | K46: SI | L46: SI | M46: 64
A47: HU46 | B47: Consultar Información de la Motocicleta | C47: =B47 -> Consultar Información de la Motocicleta | D47: =A47&"-"&C47 -> HU46-Consultar Información de la Motocicleta | E47: Usuario | F47: =C47 -> Consultar Información de la Motocicleta | G47: =Q17 -> Poder administrar el perfil con los datos de la motocicleta facilitando la comunicacion entre el representante sede y el usuario, de esta forma pueder obtener una respuesta o diagnostico con mayor precision | H47: ="Como "&E47&", necesito "&F47&", para "&G47 -> Como Usuario, necesito Consultar Información de la Motocicleta, para Poder administrar el perfil con los datos de la motocicleta facilitando la comunicacion entre el representante sede y el usuario, de esta forma pueder obtener una respuesta o diagnostico con mayor precision | I47: S | K47: SI | L47: SI | M47: 65
A48: HU47 | B48: Consultar Información General de la Motocicleta | C48: =B48 -> Consultar Información General de la Motocicleta | D48: =A48&"-"&C48 -> HU47-Consultar Información General de la Motocicleta | E48: Representante Sede | F48: =C48 -> Consultar Información General de la Motocicleta | G48: =Q41 -> Poder gestionar los datos de los servicios y los tipos de servicio que la sede puede ofrecerle a los usuarios, categorías o referencias de motos, específicamente para facilitar que los usuarios encuentren la oferta más cercana y alineada a sus necesidades reales. | H48: ="Como "&E48&", necesito "&F48&", para "&G48 -> Como Representante Sede, necesito Consultar Información General de la Motocicleta, para Poder gestionar los datos de los servicios y los tipos de servicio que la sede puede ofrecerle a los usuarios, categorías o referencias de motos, específicamente para facilitar que los usuarios encuentren la oferta más cercana y alineada a sus necesidades reales. | I48: M | K48: SI | L48: SI | M48: 38
A49: HU48 | B49: Consultar Información del Rango Calificación | C49: =B49 -> Consultar Información del Rango Calificación | D49: =A49&"-"&C49 -> HU48-Consultar Información del Rango Calificación | E49: Usuario | F49: =C49 -> Consultar Información del Rango Calificación | G49: =Q3 -> Poder calificar los servicios realizados a los vehiculos registrados, con el fin de que pueda contribuir a la estadistica y visualizacion de otros usuarios que quieran hacer uso de los mismos | H49: ="Como "&E49&", necesito "&F49&", para "&G49 -> Como Usuario, necesito Consultar Información del Rango Calificación, para Poder calificar los servicios realizados a los vehiculos registrados, con el fin de que pueda contribuir a la estadistica y visualizacion de otros usuarios que quieran hacer uso de los mismos | I49: XS | K49: SI | L49: SI | M49: 24
A50: HU49 | B50: Consultar Información del Rango Cilindraje | C50: =B50 -> Consultar Información del Rango Cilindraje | D50: =A50&"-"&C50 -> HU49-Consultar Información del Rango Cilindraje | E50: Usuario/Representante Sede | F50: =C50 -> Consultar Información del Rango Cilindraje | G50: =Q41 -> Poder gestionar los datos de los servicios y los tipos de servicio que la sede puede ofrecerle a los usuarios, categorías o referencias de motos, específicamente para facilitar que los usuarios encuentren la oferta más cercana y alineada a sus necesidades reales. | H50: ="Como "&E50&", necesito "&F50&", para "&G50 -> Como Usuario/Representante Sede, necesito Consultar Información del Rango Cilindraje, para Poder gestionar los datos de los servicios y los tipos de servicio que la sede puede ofrecerle a los usuarios, categorías o referencias de motos, específicamente para facilitar que los usuarios encuentren la oferta más cercana y alineada a sus necesidades reales. | I50: XS | K50: SI | L50: SI | M50: 10
A51: HU50 | B51: Consultar Información de la Referencia Motocicleta | C51: =B51 -> Consultar Información de la Referencia Motocicleta | D51: =A51&"-"&C51 -> HU50-Consultar Información de la Referencia Motocicleta | E51: Usuario | F51: =C51 -> Consultar Información de la Referencia Motocicleta | G51: =Q41 -> Poder gestionar los datos de los servicios y los tipos de servicio que la sede puede ofrecerle a los usuarios, categorías o referencias de motos, específicamente para facilitar que los usuarios encuentren la oferta más cercana y alineada a sus necesidades reales. | H51: ="Como "&E51&", necesito "&F51&", para "&G51 -> Como Usuario, necesito Consultar Información de la Referencia Motocicleta, para Poder gestionar los datos de los servicios y los tipos de servicio que la sede puede ofrecerle a los usuarios, categorías o referencias de motos, específicamente para facilitar que los usuarios encuentren la oferta más cercana y alineada a sus necesidades reales. | I51: XS | K51: SI | L51: SI | M51: 25
A52: HU51 | B52: Registrar Información del Representante Sede | C52: =B52 -> Registrar Información del Representante Sede | D52: =A52&"-"&C52 -> HU51-Registrar Información del Representante Sede | E52: Representante Sede | F52: =C52 -> Registrar Información del Representante Sede | G52: =Q5 -> Poder gestionar los datos relacionados con la ubicacion, los horarios y el contacto de las sedes que ofrecen los servicios,con el fin de que los usuarios finales puedan tener informacion en tiempo real de manera confiable sobre las sedes | H52: ="Como "&E52&", necesito "&F52&", para "&G52 -> Como Representante Sede, necesito Registrar Información del Representante Sede, para Poder gestionar los datos relacionados con la ubicacion, los horarios y el contacto de las sedes que ofrecen los servicios,con el fin de que los usuarios finales puedan tener informacion en tiempo real de manera confiable sobre las sedes | I52: XL | K52: SI | L52: SI | M52: 11
A53: HU52 | B53: Modificar Información del Representante Sede | C53: =B53 -> Modificar Información del Representante Sede | D53: =A53&"-"&C53 -> HU52-Modificar Información del Representante Sede | E53: Representante Sede | F53: =C53 -> Modificar Información del Representante Sede | G53: =Q5 -> Poder gestionar los datos relacionados con la ubicacion, los horarios y el contacto de las sedes que ofrecen los servicios,con el fin de que los usuarios finales puedan tener informacion en tiempo real de manera confiable sobre las sedes | H53: ="Como "&E53&", necesito "&F53&", para "&G53 -> Como Representante Sede, necesito Modificar Información del Representante Sede, para Poder gestionar los datos relacionados con la ubicacion, los horarios y el contacto de las sedes que ofrecen los servicios,con el fin de que los usuarios finales puedan tener informacion en tiempo real de manera confiable sobre las sedes | I53: XL | K53: SI | L53: SI | M53: 66
A54: HU53 | B54: Eliminar Información del Representante Sede | C54: =B54 -> Eliminar Información del Representante Sede | D54: =A54&"-"&C54 -> HU53-Eliminar Información del Representante Sede | E54: Representante Sede | F54: =C54 -> Eliminar Información del Representante Sede | G54: =Q5 -> Poder gestionar los datos relacionados con la ubicacion, los horarios y el contacto de las sedes que ofrecen los servicios,con el fin de que los usuarios finales puedan tener informacion en tiempo real de manera confiable sobre las sedes | H54: ="Como "&E54&", necesito "&F54&", para "&G54 -> Como Representante Sede, necesito Eliminar Información del Representante Sede, para Poder gestionar los datos relacionados con la ubicacion, los horarios y el contacto de las sedes que ofrecen los servicios,con el fin de que los usuarios finales puedan tener informacion en tiempo real de manera confiable sobre las sedes | I54: L | K54: SI | L54: SI | M54: 67
A55: HU54 | B55: Consultar Información detallada del Representante Sede | C55: =B55 -> Consultar Información detallada del Representante Sede | D55: =A55&"-"&C55 -> HU54-Consultar Información detallada del Representante Sede | E55: Representante Sede | F55: =C55 -> Consultar Información detallada del Representante Sede | G55: =Q5 -> Poder gestionar los datos relacionados con la ubicacion, los horarios y el contacto de las sedes que ofrecen los servicios,con el fin de que los usuarios finales puedan tener informacion en tiempo real de manera confiable sobre las sedes | H55: ="Como "&E55&", necesito "&F55&", para "&G55 -> Como Representante Sede, necesito Consultar Información detallada del Representante Sede, para Poder gestionar los datos relacionados con la ubicacion, los horarios y el contacto de las sedes que ofrecen los servicios,con el fin de que los usuarios finales puedan tener informacion en tiempo real de manera confiable sobre las sedes | I55: M | K55: SI | L55: SI | M55: 68
A56: HU55 | B56: Consultar Información General del Representante Sede | C56: =B56 -> Consultar Información General del Representante Sede | D56: =A56&"-"&C56 -> HU55-Consultar Información General del Representante Sede | E56: Usuario | F56: =C56 -> Consultar Información General del Representante Sede | G56: =Q30 -> Acceder a los datos detallados y actualizados sobre los servicios ofrecidos por cada sede, sin necesidad de que el usuario tenga que desplazarse, mejorando la toma de decisiones y reducir los tiempos de espera, haciendo que la atención sea más ágil, personalizada y centrada en las necesidades del cliente | H56: ="Como "&E56&", necesito "&F56&", para "&G56 -> Como Usuario, necesito Consultar Información General del Representante Sede, para Acceder a los datos detallados y actualizados sobre los servicios ofrecidos por cada sede, sin necesidad de que el usuario tenga que desplazarse, mejorando la toma de decisiones y reducir los tiempos de espera, haciendo que la atención sea más ágil, personalizada y centrada en las necesidades del cliente | I56: XS | K56: SI | L56: SI | M56: 69
A57: HU56 | B57: Restablecer la Clave del Representante Sede | C57: =B57 -> Restablecer la Clave del Representante Sede | D57: =A57&"-"&C57 -> HU56-Restablecer la Clave del Representante Sede | E57: Representante Sede | F57: =C57 -> Restablecer la Clave del Representante Sede | G57: =Q5 -> Poder gestionar los datos relacionados con la ubicacion, los horarios y el contacto de las sedes que ofrecen los servicios,con el fin de que los usuarios finales puedan tener informacion en tiempo real de manera confiable sobre las sedes | H57: ="Como "&E57&", necesito "&F57&", para "&G57 -> Como Representante Sede, necesito Restablecer la Clave del Representante Sede, para Poder gestionar los datos relacionados con la ubicacion, los horarios y el contacto de las sedes que ofrecen los servicios,con el fin de que los usuarios finales puedan tener informacion en tiempo real de manera confiable sobre las sedes | I57: XL | K57: SI | L57: SI | M57: 70
A58: HU57 | B58: Modificar la Clave del Representante Sede | C58: =B58 -> Modificar la Clave del Representante Sede | D58: =A58&"-"&C58 -> HU57-Modificar la Clave del Representante Sede | E58: Representante Sede | F58: =C58 -> Modificar la Clave del Representante Sede | G58: =Q5 -> Poder gestionar los datos relacionados con la ubicacion, los horarios y el contacto de las sedes que ofrecen los servicios,con el fin de que los usuarios finales puedan tener informacion en tiempo real de manera confiable sobre las sedes | H58: ="Como "&E58&", necesito "&F58&", para "&G58 -> Como Representante Sede, necesito Modificar la Clave del Representante Sede, para Poder gestionar los datos relacionados con la ubicacion, los horarios y el contacto de las sedes que ofrecen los servicios,con el fin de que los usuarios finales puedan tener informacion en tiempo real de manera confiable sobre las sedes | I58: L | K58: SI | L58: SI | M58: 71
A59: HU58 | B59: Autenticar Información del Representante Sede | C59: =B59 -> Autenticar Información del Representante Sede | D59: =A59&"-"&C59 -> HU58-Autenticar Información del Representante Sede | E59: Representante Sede | F59: =C59 -> Autenticar Información del Representante Sede | G59: =Q5 -> Poder gestionar los datos relacionados con la ubicacion, los horarios y el contacto de las sedes que ofrecen los servicios,con el fin de que los usuarios finales puedan tener informacion en tiempo real de manera confiable sobre las sedes | H59: ="Como "&E59&", necesito "&F59&", para "&G59 -> Como Representante Sede, necesito Autenticar Información del Representante Sede, para Poder gestionar los datos relacionados con la ubicacion, los horarios y el contacto de las sedes que ofrecen los servicios,con el fin de que los usuarios finales puedan tener informacion en tiempo real de manera confiable sobre las sedes | I59: L | K59: SI | L59: SI | M59: 12
A60: HU59 | B60: Registrar Información de una nueva Sede | C60: =B60 -> Registrar Información de una nueva Sede | D60: =A60&"-"&C60 -> HU59-Registrar Información de una nueva Sede | E60: Representante Sede | F60: =C60 -> Registrar Información de una nueva Sede | G60: =Q4 -> Poder gestionar los datos de los servicios ofrecidos por cada sede o franquicia con el fin de obtener restroalimentacion a través de la evaluación de los usuarios, permitiendo tomar decisiones estratégicas basadas en la experiencia real del cliente, mejorando la oferta de servicios según la demanda y evaluar aquellos que no aportan valor al negocio | H60: ="Como "&E60&", necesito "&F60&", para "&G60 -> Como Representante Sede, necesito Registrar Información de una nueva Sede, para Poder gestionar los datos de los servicios ofrecidos por cada sede o franquicia con el fin de obtener restroalimentacion a través de la evaluación de los usuarios, permitiendo tomar decisiones estratégicas basadas en la experiencia real del cliente, mejorando la oferta de servicios según la demanda y evaluar aquellos que no aportan valor al negocio | I60: L | K60: SI | L60: SI | M60: 6
A61: HU60 | B61: Modificar la Información de la Sede | C61: =B61 -> Modificar la Información de la Sede | D61: =A61&"-"&C61 -> HU60-Modificar la Información de la Sede | E61: Representante Sede | F61: =C61 -> Modificar la Información de la Sede | G61: =Q4 -> Poder gestionar los datos de los servicios ofrecidos por cada sede o franquicia con el fin de obtener restroalimentacion a través de la evaluación de los usuarios, permitiendo tomar decisiones estratégicas basadas en la experiencia real del cliente, mejorando la oferta de servicios según la demanda y evaluar aquellos que no aportan valor al negocio | H61: ="Como "&E61&", necesito "&F61&", para "&G61 -> Como Representante Sede, necesito Modificar la Información de la Sede, para Poder gestionar los datos de los servicios ofrecidos por cada sede o franquicia con el fin de obtener restroalimentacion a través de la evaluación de los usuarios, permitiendo tomar decisiones estratégicas basadas en la experiencia real del cliente, mejorando la oferta de servicios según la demanda y evaluar aquellos que no aportan valor al negocio | I61: L | K61: SI | L61: SI | M61: 72
A62: HU61 | B62: Eliminar Información de la Sede | C62: =B62 -> Eliminar Información de la Sede | D62: =A62&"-"&C62 -> HU61-Eliminar Información de la Sede | E62: Representante Sede | F62: =C62 -> Eliminar Información de la Sede | G62: =Q4 -> Poder gestionar los datos de los servicios ofrecidos por cada sede o franquicia con el fin de obtener restroalimentacion a través de la evaluación de los usuarios, permitiendo tomar decisiones estratégicas basadas en la experiencia real del cliente, mejorando la oferta de servicios según la demanda y evaluar aquellos que no aportan valor al negocio | H62: ="Como "&E62&", necesito "&F62&", para "&G62 -> Como Representante Sede, necesito Eliminar Información de la Sede, para Poder gestionar los datos de los servicios ofrecidos por cada sede o franquicia con el fin de obtener restroalimentacion a través de la evaluación de los usuarios, permitiendo tomar decisiones estratégicas basadas en la experiencia real del cliente, mejorando la oferta de servicios según la demanda y evaluar aquellos que no aportan valor al negocio | I62: M | K62: SI | L62: SI | M62: 7
A63: HU62 | B63: Consultar Información de la Sede | C63: =B63 -> Consultar Información de la Sede | D63: =A63&"-"&C63 -> HU62-Consultar Información de la Sede | E63: Representante Sede | F63: =C63 -> Consultar Información de la Sede | G63: =Q4 -> Poder gestionar los datos de los servicios ofrecidos por cada sede o franquicia con el fin de obtener restroalimentacion a través de la evaluación de los usuarios, permitiendo tomar decisiones estratégicas basadas en la experiencia real del cliente, mejorando la oferta de servicios según la demanda y evaluar aquellos que no aportan valor al negocio | H63: ="Como "&E63&", necesito "&F63&", para "&G63 -> Como Representante Sede, necesito Consultar Información de la Sede, para Poder gestionar los datos de los servicios ofrecidos por cada sede o franquicia con el fin de obtener restroalimentacion a través de la evaluación de los usuarios, permitiendo tomar decisiones estratégicas basadas en la experiencia real del cliente, mejorando la oferta de servicios según la demanda y evaluar aquellos que no aportan valor al negocio | I63: S | K63: SI | L63: SI | M63: 3
A64: HU63 | B64: Consultar Información del Servicio | C64: =B64 -> Consultar Información del Servicio | D64: =A64&"-"&C64 -> HU63-Consultar Información del Servicio | E64: Representante Sede | F64: =C64 -> Consultar Información del Servicio | G64: =Q4 -> Poder gestionar los datos de los servicios ofrecidos por cada sede o franquicia con el fin de obtener restroalimentacion a través de la evaluación de los usuarios, permitiendo tomar decisiones estratégicas basadas en la experiencia real del cliente, mejorando la oferta de servicios según la demanda y evaluar aquellos que no aportan valor al negocio | H64: ="Como "&E64&", necesito "&F64&", para "&G64 -> Como Representante Sede, necesito Consultar Información del Servicio, para Poder gestionar los datos de los servicios ofrecidos por cada sede o franquicia con el fin de obtener restroalimentacion a través de la evaluación de los usuarios, permitiendo tomar decisiones estratégicas basadas en la experiencia real del cliente, mejorando la oferta de servicios según la demanda y evaluar aquellos que no aportan valor al negocio | I64: S | K64: SI | L64: SI | M64: 1
A65: HU64 | B65: Registrar Información del Servicio Realizado | C65: =B65 -> Registrar Información del Servicio Realizado | D65: =A65&"-"&C65 -> HU64-Registrar Información del Servicio Realizado | E65: Representante Sede | F65: =C65 -> Registrar Información del Servicio Realizado | G65: =Q4 -> Poder gestionar los datos de los servicios ofrecidos por cada sede o franquicia con el fin de obtener restroalimentacion a través de la evaluación de los usuarios, permitiendo tomar decisiones estratégicas basadas en la experiencia real del cliente, mejorando la oferta de servicios según la demanda y evaluar aquellos que no aportan valor al negocio | H65: ="Como "&E65&", necesito "&F65&", para "&G65 -> Como Representante Sede, necesito Registrar Información del Servicio Realizado, para Poder gestionar los datos de los servicios ofrecidos por cada sede o franquicia con el fin de obtener restroalimentacion a través de la evaluación de los usuarios, permitiendo tomar decisiones estratégicas basadas en la experiencia real del cliente, mejorando la oferta de servicios según la demanda y evaluar aquellos que no aportan valor al negocio | I65: XL | K65: SI | L65: SI | M65: 32
A66: HU65 | B66: Eliminar Información del Servicio Realizado | C66: =B66 -> Eliminar Información del Servicio Realizado | D66: =A66&"-"&C66 -> HU65-Eliminar Información del Servicio Realizado | E66: Representante Sede | F66: =C66 -> Eliminar Información del Servicio Realizado | G66: Poder ofrecer información de base confiable sobre las caractisticas de las motocicletas y la gestión de los servicios ofrecidos por las sedes con el fin de hacer recomendaciones más personalizadas a los usuarios | H66: ="Como "&E66&", necesito "&F66&", para "&G66 -> Como Representante Sede, necesito Eliminar Información del Servicio Realizado, para Poder ofrecer información de base confiable sobre las caractisticas de las motocicletas y la gestión de los servicios ofrecidos por las sedes con el fin de hacer recomendaciones más personalizadas a los usuarios | I66: L | K66: SI | L66: SI | M66: 73
A67: HU66 | B67: Consultar Información del Servicio Realizado | C67: =B67 -> Consultar Información del Servicio Realizado | D67: =A67&"-"&C67 -> HU66-Consultar Información del Servicio Realizado | E67: Representante Sede | F67: =C67 -> Consultar Información del Servicio Realizado | G67: =Q4 -> Poder gestionar los datos de los servicios ofrecidos por cada sede o franquicia con el fin de obtener restroalimentacion a través de la evaluación de los usuarios, permitiendo tomar decisiones estratégicas basadas en la experiencia real del cliente, mejorando la oferta de servicios según la demanda y evaluar aquellos que no aportan valor al negocio | H67: ="Como "&E67&", necesito "&F67&", para "&G67 -> Como Representante Sede, necesito Consultar Información del Servicio Realizado, para Poder gestionar los datos de los servicios ofrecidos por cada sede o franquicia con el fin de obtener restroalimentacion a través de la evaluación de los usuarios, permitiendo tomar decisiones estratégicas basadas en la experiencia real del cliente, mejorando la oferta de servicios según la demanda y evaluar aquellos que no aportan valor al negocio | I67: S | K67: SI | L67: SI | M67: 33
A68: HU67 | B68: Crear Información del Servicio Sede | C68: =B68 -> Crear Información del Servicio Sede | D68: =A68&"-"&C68 -> HU67-Crear Información del Servicio Sede | E68: Representante Sede | F68: =C68 -> Crear Información del Servicio Sede | G68: =Q4 -> Poder gestionar los datos de los servicios ofrecidos por cada sede o franquicia con el fin de obtener restroalimentacion a través de la evaluación de los usuarios, permitiendo tomar decisiones estratégicas basadas en la experiencia real del cliente, mejorando la oferta de servicios según la demanda y evaluar aquellos que no aportan valor al negocio | H68: ="Como "&E68&", necesito "&F68&", para "&G68 -> Como Representante Sede, necesito Crear Información del Servicio Sede, para Poder gestionar los datos de los servicios ofrecidos por cada sede o franquicia con el fin de obtener restroalimentacion a través de la evaluación de los usuarios, permitiendo tomar decisiones estratégicas basadas en la experiencia real del cliente, mejorando la oferta de servicios según la demanda y evaluar aquellos que no aportan valor al negocio | I68: L | K68: SI | L68: SI | M68: 5
A69: HU68 | B69: Modificar Información del Servicio Sede | C69: =B69 -> Modificar Información del Servicio Sede | D69: =A69&"-"&C69 -> HU68-Modificar Información del Servicio Sede | E69: Administrador | F69: =C69 -> Modificar Información del Servicio Sede | G69: =Q4 -> Poder gestionar los datos de los servicios ofrecidos por cada sede o franquicia con el fin de obtener restroalimentacion a través de la evaluación de los usuarios, permitiendo tomar decisiones estratégicas basadas en la experiencia real del cliente, mejorando la oferta de servicios según la demanda y evaluar aquellos que no aportan valor al negocio | H69: ="Como "&E69&", necesito "&F69&", para "&G69 -> Como Administrador, necesito Modificar Información del Servicio Sede, para Poder gestionar los datos de los servicios ofrecidos por cada sede o franquicia con el fin de obtener restroalimentacion a través de la evaluación de los usuarios, permitiendo tomar decisiones estratégicas basadas en la experiencia real del cliente, mejorando la oferta de servicios según la demanda y evaluar aquellos que no aportan valor al negocio | I69: M | K69: SI | L69: SI | M69: 74
A70: HU69 | B70: Eliminar Información del Servicio Sede | C70: =B70 -> Eliminar Información del Servicio Sede | D70: =A70&"-"&C70 -> HU69-Eliminar Información del Servicio Sede | E70: Representante Sede | F70: =C70 -> Eliminar Información del Servicio Sede | G70: =Q4 -> Poder gestionar los datos de los servicios ofrecidos por cada sede o franquicia con el fin de obtener restroalimentacion a través de la evaluación de los usuarios, permitiendo tomar decisiones estratégicas basadas en la experiencia real del cliente, mejorando la oferta de servicios según la demanda y evaluar aquellos que no aportan valor al negocio | H70: ="Como "&E70&", necesito "&F70&", para "&G70 -> Como Representante Sede, necesito Eliminar Información del Servicio Sede, para Poder gestionar los datos de los servicios ofrecidos por cada sede o franquicia con el fin de obtener restroalimentacion a través de la evaluación de los usuarios, permitiendo tomar decisiones estratégicas basadas en la experiencia real del cliente, mejorando la oferta de servicios según la demanda y evaluar aquellos que no aportan valor al negocio | I70: S | K70: SI | L70: SI | M70: 75
A71: HU70 | B71: Consultar Información del Servicio Sede | C71: =B71 -> Consultar Información del Servicio Sede | D71: =A71&"-"&C71 -> HU70-Consultar Información del Servicio Sede | E71: Usuario | F71: =C71 -> Consultar Información del Servicio Sede | G71: =Q30 -> Acceder a los datos detallados y actualizados sobre los servicios ofrecidos por cada sede, sin necesidad de que el usuario tenga que desplazarse, mejorando la toma de decisiones y reducir los tiempos de espera, haciendo que la atención sea más ágil, personalizada y centrada en las necesidades del cliente | H71: ="Como "&E71&", necesito "&F71&", para "&G71 -> Como Usuario, necesito Consultar Información del Servicio Sede, para Acceder a los datos detallados y actualizados sobre los servicios ofrecidos por cada sede, sin necesidad de que el usuario tenga que desplazarse, mejorando la toma de decisiones y reducir los tiempos de espera, haciendo que la atención sea más ágil, personalizada y centrada en las necesidades del cliente | I71: S | K71: SI | L71: SI | M71: 2
A72: HU71 | B72: Activar el Servicio Sede | C72: =B72 -> Activar el Servicio Sede | D72: =A72&"-"&C72 -> HU71-Activar el Servicio Sede | E72: Representante Sede | F72: =C72 -> Activar el Servicio Sede | G72: =Q4 -> Poder gestionar los datos de los servicios ofrecidos por cada sede o franquicia con el fin de obtener restroalimentacion a través de la evaluación de los usuarios, permitiendo tomar decisiones estratégicas basadas en la experiencia real del cliente, mejorando la oferta de servicios según la demanda y evaluar aquellos que no aportan valor al negocio | H72: ="Como "&E72&", necesito "&F72&", para "&G72 -> Como Representante Sede, necesito Activar el Servicio Sede, para Poder gestionar los datos de los servicios ofrecidos por cada sede o franquicia con el fin de obtener restroalimentacion a través de la evaluación de los usuarios, permitiendo tomar decisiones estratégicas basadas en la experiencia real del cliente, mejorando la oferta de servicios según la demanda y evaluar aquellos que no aportan valor al negocio | I72: M | K72: SI | L72: SI | M72: 76
A73: HU72 | B73: Desactivar el Servicio Sede | C73: =B73 -> Desactivar el Servicio Sede | D73: =A73&"-"&C73 -> HU72-Desactivar el Servicio Sede | E73: Representante Sede | F73: =C73 -> Desactivar el Servicio Sede | G73: =Q4 -> Poder gestionar los datos de los servicios ofrecidos por cada sede o franquicia con el fin de obtener restroalimentacion a través de la evaluación de los usuarios, permitiendo tomar decisiones estratégicas basadas en la experiencia real del cliente, mejorando la oferta de servicios según la demanda y evaluar aquellos que no aportan valor al negocio | H73: ="Como "&E73&", necesito "&F73&", para "&G73 -> Como Representante Sede, necesito Desactivar el Servicio Sede, para Poder gestionar los datos de los servicios ofrecidos por cada sede o franquicia con el fin de obtener restroalimentacion a través de la evaluación de los usuarios, permitiendo tomar decisiones estratégicas basadas en la experiencia real del cliente, mejorando la oferta de servicios según la demanda y evaluar aquellos que no aportan valor al negocio | I73: M | K73: SI | L73: SI | M73: 77
A74: HU73 | B74: Consultar Información de la Transición Estado Servicio Realizado | C74: =B74 -> Consultar Información de la Transición Estado Servicio Realizado | D74: =A74&"-"&C74 -> HU73-Consultar Información de la Transición Estado Servicio Realizado | E74: Usuario/Representante Sede | F74: =C74 -> Consultar Información de la Transición Estado Servicio Realizado | G74: =Q74 -> Poder obtener información actualizada sobre el estado actual del servicio realizado con el fin de planificar mejor el tiempo de espera y coordinar la recogida de la motocicleta, mejorando así la experiencia del usuario | H74: ="Como "&E74&", necesito "&F74&", para "&G74 -> Como Usuario/Representante Sede, necesito Consultar Información de la Transición Estado Servicio Realizado, para Poder obtener información actualizada sobre el estado actual del servicio realizado con el fin de planificar mejor el tiempo de espera y coordinar la recogida de la motocicleta, mejorando así la experiencia del usuario | I74: S | K74: SI | L74: SI | M74: 26 | Q74: Poder obtener información actualizada sobre el estado actual del servicio realizado con el fin de planificar mejor el tiempo de espera y coordinar la recogida de la motocicleta, mejorando así la experiencia del usuario
A75: HU74 | B75: Actualizar la Información de la Transición Estado Servicio Realizado | C75: =B75 -> Actualizar la Información de la Transición Estado Servicio Realizado | D75: =A75&"-"&C75 -> HU74-Actualizar la Información de la Transición Estado Servicio Realizado | E75: Representante Sede | F75: =C75 -> Actualizar la Información de la Transición Estado Servicio Realizado | G75: =Q16 -> Notificar al usuario cada etapa del servicio, en especial cuando termina para, mejorar la comunicación y reducir incertidumbre durante el proceso de atención. Esto ayuda a tener una experiencia más confiable y le da la facilidad al cliente de planificar la recogida de la motocicleta | H75: ="Como "&E75&", necesito "&F75&", para "&G75 -> Como Representante Sede, necesito Actualizar la Información de la Transición Estado Servicio Realizado, para Notificar al usuario cada etapa del servicio, en especial cuando termina para, mejorar la comunicación y reducir incertidumbre durante el proceso de atención. Esto ayuda a tener una experiencia más confiable y le da la facilidad al cliente de planificar la recogida de la motocicleta | I75: XL | K75: SI | L75: SI | M75: 78
A76: HU75 | B76: Consultar Información del Tipo Servicio | C76: =B76 -> Consultar Información del Tipo Servicio | D76: =A76&"-"&C76 -> HU75-Consultar Información del Tipo Servicio | E76: Usuario/Representante Sede | F76: =C76 -> Consultar Información del Tipo Servicio | G76: =Q30 -> Acceder a los datos detallados y actualizados sobre los servicios ofrecidos por cada sede, sin necesidad de que el usuario tenga que desplazarse, mejorando la toma de decisiones y reducir los tiempos de espera, haciendo que la atención sea más ágil, personalizada y centrada en las necesidades del cliente | H76: ="Como "&E76&", necesito "&F76&", para "&G76 -> Como Usuario/Representante Sede, necesito Consultar Información del Tipo Servicio, para Acceder a los datos detallados y actualizados sobre los servicios ofrecidos por cada sede, sin necesidad de que el usuario tenga que desplazarse, mejorando la toma de decisiones y reducir los tiempos de espera, haciendo que la atención sea más ágil, personalizada y centrada en las necesidades del cliente | I76: XS | K76: SI | L76: SI | M76: 88
A77: HU76 | B77: Consultar Información del Tipo Sede | C77: =B77 -> Consultar Información del Tipo Sede | D77: =A77&"-"&C77 -> HU76-Consultar Información del Tipo Sede | E77: Usuario/Representante Sede | F77: =C77 -> Consultar Información del Tipo Sede | G77: =Q30 -> Acceder a los datos detallados y actualizados sobre los servicios ofrecidos por cada sede, sin necesidad de que el usuario tenga que desplazarse, mejorando la toma de decisiones y reducir los tiempos de espera, haciendo que la atención sea más ágil, personalizada y centrada en las necesidades del cliente | H77: ="Como "&E77&", necesito "&F77&", para "&G77 -> Como Usuario/Representante Sede, necesito Consultar Información del Tipo Sede, para Acceder a los datos detallados y actualizados sobre los servicios ofrecidos por cada sede, sin necesidad de que el usuario tenga que desplazarse, mejorando la toma de decisiones y reducir los tiempos de espera, haciendo que la atención sea más ágil, personalizada y centrada en las necesidades del cliente | I77: M | K77: SI | L77: SI | M77: 27
A78: HU77 | B78: Crear Información de la Ubicación | C78: =B78 -> Crear Información de la Ubicación | D78: =A78&"-"&C78 -> HU77-Crear Información de la Ubicación | E78: Representante Sede | F78: =C78 -> Crear Información de la Ubicación | G78: =Q5 -> Poder gestionar los datos relacionados con la ubicacion, los horarios y el contacto de las sedes que ofrecen los servicios,con el fin de que los usuarios finales puedan tener informacion en tiempo real de manera confiable sobre las sedes | H78: ="Como "&E78&", necesito "&F78&", para "&G78 -> Como Representante Sede, necesito Crear Información de la Ubicación, para Poder gestionar los datos relacionados con la ubicacion, los horarios y el contacto de las sedes que ofrecen los servicios,con el fin de que los usuarios finales puedan tener informacion en tiempo real de manera confiable sobre las sedes | I78: XXL | K78: SI | L78: SI | M78: 8
A79: HU78 | B79: Modificar Información de la Ubicación | C79: =B79 -> Modificar Información de la Ubicación | D79: =A79&"-"&C79 -> HU78-Modificar Información de la Ubicación | E79: Representante Sede | F79: =C79 -> Modificar Información de la Ubicación | G79: =Q5 -> Poder gestionar los datos relacionados con la ubicacion, los horarios y el contacto de las sedes que ofrecen los servicios,con el fin de que los usuarios finales puedan tener informacion en tiempo real de manera confiable sobre las sedes | H79: ="Como "&E79&", necesito "&F79&", para "&G79 -> Como Representante Sede, necesito Modificar Información de la Ubicación, para Poder gestionar los datos relacionados con la ubicacion, los horarios y el contacto de las sedes que ofrecen los servicios,con el fin de que los usuarios finales puedan tener informacion en tiempo real de manera confiable sobre las sedes | I79: XL | K79: SI | L79: SI | M79: 9
A80: HU79 | B80: Eliminar Información de la Ubicación | C80: =B80 -> Eliminar Información de la Ubicación | D80: =A80&"-"&C80 -> HU79-Eliminar Información de la Ubicación | E80: Representante Sede | F80: =C80 -> Eliminar Información de la Ubicación | G80: =Q5 -> Poder gestionar los datos relacionados con la ubicacion, los horarios y el contacto de las sedes que ofrecen los servicios,con el fin de que los usuarios finales puedan tener informacion en tiempo real de manera confiable sobre las sedes | H80: ="Como "&E80&", necesito "&F80&", para "&G80 -> Como Representante Sede, necesito Eliminar Información de la Ubicación, para Poder gestionar los datos relacionados con la ubicacion, los horarios y el contacto de las sedes que ofrecen los servicios,con el fin de que los usuarios finales puedan tener informacion en tiempo real de manera confiable sobre las sedes | I80: L | K80: SI | L80: SI | M80: 79
A81: HU80 | B81: Consultar Información de la Ubicación | C81: =B81 -> Consultar Información de la Ubicación | D81: =A81&"-"&C81 -> HU80-Consultar Información de la Ubicación | E81: Usuario/Representante Sede | F81: =C81 -> Consultar Información de la Ubicación | G81: =Q81 -> Poder Localizar los sitios donde brindan el servicio deseado más cercano para ahorrar tiempo en la búsqueda, hacer consultas y acceder rápidamente a la atención requerida para la motocicleta | H81: ="Como "&E81&", necesito "&F81&", para "&G81 -> Como Usuario/Representante Sede, necesito Consultar Información de la Ubicación, para Poder Localizar los sitios donde brindan el servicio deseado más cercano para ahorrar tiempo en la búsqueda, hacer consultas y acceder rápidamente a la atención requerida para la motocicleta | I81: XXL | K81: SI | L81: SI | M81: 10 | Q81: Poder Localizar los sitios donde brindan el servicio deseado más cercano para ahorrar tiempo en la búsqueda, hacer consultas y acceder rápidamente a la atención requerida para la motocicleta
A82: HU81 | B82: Registrar Información del Usuario | C82: =B82 -> Registrar Información del Usuario | D82: =A82&"-"&C82 -> HU81-Registrar Información del Usuario | E82: Usuario | F82: =C82 -> Registrar Información del Usuario | G82: =Q17 -> Poder administrar el perfil con los datos de la motocicleta facilitando la comunicacion entre el representante sede y el usuario, de esta forma pueder obtener una respuesta o diagnostico con mayor precision | H82: ="Como "&E82&", necesito "&F82&", para "&G82 -> Como Usuario, necesito Registrar Información del Usuario, para Poder administrar el perfil con los datos de la motocicleta facilitando la comunicacion entre el representante sede y el usuario, de esta forma pueder obtener una respuesta o diagnostico con mayor precision | I82: XL | K82: SI | L82: SI | M82: 34
A83: HU82 | B83: Modificar Información del Usuario | C83: =B83 -> Modificar Información del Usuario | D83: =A83&"-"&C83 -> HU82-Modificar Información del Usuario | E83: Usuario | F83: =C83 -> Modificar Información del Usuario | G83: =Q17 -> Poder administrar el perfil con los datos de la motocicleta facilitando la comunicacion entre el representante sede y el usuario, de esta forma pueder obtener una respuesta o diagnostico con mayor precision | H83: ="Como "&E83&", necesito "&F83&", para "&G83 -> Como Usuario, necesito Modificar Información del Usuario, para Poder administrar el perfil con los datos de la motocicleta facilitando la comunicacion entre el representante sede y el usuario, de esta forma pueder obtener una respuesta o diagnostico con mayor precision | I83: L | K83: SI | L83: SI | M83: 80
A84: HU83 | B84: Eliminar Información del Usuario | C84: =B84 -> Eliminar Información del Usuario | D84: =A84&"-"&C84 -> HU83-Eliminar Información del Usuario | E84: Usuario | F84: =C84 -> Eliminar Información del Usuario | G84: =Q17 -> Poder administrar el perfil con los datos de la motocicleta facilitando la comunicacion entre el representante sede y el usuario, de esta forma pueder obtener una respuesta o diagnostico con mayor precision | H84: ="Como "&E84&", necesito "&F84&", para "&G84 -> Como Usuario, necesito Eliminar Información del Usuario, para Poder administrar el perfil con los datos de la motocicleta facilitando la comunicacion entre el representante sede y el usuario, de esta forma pueder obtener una respuesta o diagnostico con mayor precision | I84: M | K84: SI | L84: SI | M84: 81
A85: HU84 | B85: Consultar Información Detallada del Usuario | C85: =B85 -> Consultar Información Detallada del Usuario | D85: =A85&"-"&C85 -> HU84-Consultar Información Detallada del Usuario | E85: Usuario | F85: =C85 -> Consultar Información Detallada del Usuario | G85: =Q17 -> Poder administrar el perfil con los datos de la motocicleta facilitando la comunicacion entre el representante sede y el usuario, de esta forma pueder obtener una respuesta o diagnostico con mayor precision | H85: ="Como "&E85&", necesito "&F85&", para "&G85 -> Como Usuario, necesito Consultar Información Detallada del Usuario, para Poder administrar el perfil con los datos de la motocicleta facilitando la comunicacion entre el representante sede y el usuario, de esta forma pueder obtener una respuesta o diagnostico con mayor precision | I85: M | K85: SI | L85: SI | M85: 82
A86: HU85 | B86: Consultar Información general del Usuario | C86: =B86 -> Consultar Información general del Usuario | D86: =A86&"-"&C86 -> HU85-Consultar Información general del Usuario | E86: Representante Sede | F86: =C86 -> Consultar Información general del Usuario | G86: =Q86 -> Poder visualizar el perfil del usuario y los datos asociados a su motocicleta facilitando una atención más precisa obteniendo características de la motocicleta en cuestión para, mejorar el diagnóstico reducir tiempos de atención y ofrecer al cliente un servicio más alineado con sus necesidades | H86: ="Como "&E86&", necesito "&F86&", para "&G86 -> Como Representante Sede, necesito Consultar Información general del Usuario, para Poder visualizar el perfil del usuario y los datos asociados a su motocicleta facilitando una atención más precisa obteniendo características de la motocicleta en cuestión para, mejorar el diagnóstico reducir tiempos de atención y ofrecer al cliente un servicio más alineado con sus necesidades | I86: M | K86: SI | L86: SI | M86: 83 | Q86: Poder visualizar el perfil del usuario y los datos asociados a su motocicleta facilitando una atención más precisa obteniendo características de la motocicleta en cuestión para, mejorar el diagnóstico reducir tiempos de atención y ofrecer al cliente un servicio más alineado con sus necesidades
A87: HU86 | B87: Restablecer la Clave del Usuario | C87: =B87 -> Restablecer la Clave del Usuario | D87: =A87&"-"&C87 -> HU86-Restablecer la Clave del Usuario | E87: Usuario | F87: =C87 -> Restablecer la Clave del Usuario | G87: =Q17 -> Poder administrar el perfil con los datos de la motocicleta facilitando la comunicacion entre el representante sede y el usuario, de esta forma pueder obtener una respuesta o diagnostico con mayor precision | H87: ="Como "&E87&", necesito "&F87&", para "&G87 -> Como Usuario, necesito Restablecer la Clave del Usuario, para Poder administrar el perfil con los datos de la motocicleta facilitando la comunicacion entre el representante sede y el usuario, de esta forma pueder obtener una respuesta o diagnostico con mayor precision | I87: L | K87: SI | L87: SI | M87: 84
A88: HU87 | B88: Modificar la Clave del Usuario | C88: =B88 -> Modificar la Clave del Usuario | D88: =A88&"-"&C88 -> HU87-Modificar la Clave del Usuario | E88: Usuario | F88: =C88 -> Modificar la Clave del Usuario | G88: =Q17 -> Poder administrar el perfil con los datos de la motocicleta facilitando la comunicacion entre el representante sede y el usuario, de esta forma pueder obtener una respuesta o diagnostico con mayor precision | H88: ="Como "&E88&", necesito "&F88&", para "&G88 -> Como Usuario, necesito Modificar la Clave del Usuario, para Poder administrar el perfil con los datos de la motocicleta facilitando la comunicacion entre el representante sede y el usuario, de esta forma pueder obtener una respuesta o diagnostico con mayor precision | I88: M | K88: SI | L88: SI | M88: 35
A89: HU88 | B89: Autenticar el Usuario | C89: =B89 -> Autenticar el Usuario | D89: =A89&"-"&C89 -> HU88-Autenticar el Usuario | E89: Usuario | F89: =C89 -> Autenticar el Usuario | G89: =Q17 -> Poder administrar el perfil con los datos de la motocicleta facilitando la comunicacion entre el representante sede y el usuario, de esta forma pueder obtener una respuesta o diagnostico con mayor precision | H89: ="Como "&E89&", necesito "&F89&", para "&G89 -> Como Usuario, necesito Autenticar el Usuario, para Poder administrar el perfil con los datos de la motocicleta facilitando la comunicacion entre el representante sede y el usuario, de esta forma pueder obtener una respuesta o diagnostico con mayor precision | I89: L | K89: SI | L89: SI | M89: 30
A90: HU89 | B90: Editar la Información de una Categoría Motocicleta | C90: =B90 -> Editar la Información de una Categoría Motocicleta | D90: =A90&"-"&C90 -> HU89-Editar la Información de una Categoría Motocicleta | E90: Administrador | F90: =C90 -> Editar la Información de una Categoría Motocicleta | G90: =Q2 -> Poder ofrecer información base sobre las caractisticas de las mototcicletas para la gestion de los servicios ofrecidos por las sedes y hacer recomendaciones mas personalizadas a los usuarios | H90: ="Como "&E90&", necesito "&F90&", para "&G90 -> Como Administrador, necesito Editar la Información de una Categoría Motocicleta, para Poder ofrecer información base sobre las caractisticas de las mototcicletas para la gestion de los servicios ofrecidos por las sedes y hacer recomendaciones mas personalizadas a los usuarios
A91: HU90 | B91: Modificar Información de la Calificación | C91: =B91 -> Modificar Información de la Calificación | D91: =A91&"-"&C91 -> HU90-Modificar Información de la Calificación | E91: Usuario | F91: =C91 -> Modificar Información de la Calificación | G91: =Q3 -> Poder calificar los servicios realizados a los vehiculos registrados, con el fin de que pueda contribuir a la estadistica y visualizacion de otros usuarios que quieran hacer uso de los mismos | H91: ="Como "&E91&", necesito "&F91&", para "&G91 -> Como Usuario, necesito Modificar Información de la Calificación, para Poder calificar los servicios realizados a los vehiculos registrados, con el fin de que pueda contribuir a la estadistica y visualizacion de otros usuarios que quieran hacer uso de los mismos
A92: HU91 | B92: Crear la Línea de una Marca de Motocicleta | C92: =B92 -> Crear la Línea de una Marca de Motocicleta | D92: =A92&"-"&C92 -> HU91-Crear la Línea de una Marca de Motocicleta | E92: Administrador | F92: =C92 -> Crear la Línea de una Marca de Motocicleta | G92: =Q2 -> Poder ofrecer información base sobre las caractisticas de las mototcicletas para la gestion de los servicios ofrecidos por las sedes y hacer recomendaciones mas personalizadas a los usuarios | H92: ="Como "&E92&", necesito "&F92&", para "&G92 -> Como Administrador, necesito Crear la Línea de una Marca de Motocicleta, para Poder ofrecer información base sobre las caractisticas de las mototcicletas para la gestion de los servicios ofrecidos por las sedes y hacer recomendaciones mas personalizadas a los usuarios
